{
  "type": "FeatureCollection",
  "name": "Berlin_Schools",
  "features": [
    {
      "type": "Feature",
      "properties": {
        "title": "06. Schule",
        "ref": "06S06",
        "type": "Förderschwerp. - Übrige ( öffentlich )",
        "street": "Potsdamer Chaussee 90",
        "zip": "14129",
        "city": "Berlin",
        "district": "Nikolassee",
        "center": [
          13.409779,
          52.520645
        ],
        "additions": [
          "Filiale: Wüsthoffstr. 15, 12101 Berlin"
        ]
      },
      "geometry": {
        "type": "Point",
        "coordinates": [
          13.409779,
          52.520645
        ]
      }
    },
    {
      "type": "Feature",
      "properties": {
        "title": "07. Schule (Grundschule)",
        "ref": "11G07",
        "type": "Grundschule ( öffentlich )",
        "street": "Harnackstr. 17/25",
        "zip": "10365",
        "city": "Berlin",
        "district": "Lichtenberg",
        "center": [
          13.48599,
          52.51003
        ],
        "additions": [
          "Barrierefreie Toilette vorhanden, Behindertenparkplatz vorhanden"
        ]
      },
      "geometry": {
        "type": "Point",
        "coordinates": [
          13.48599,
          52.51003
        ]
      }
    },
    {
      "type": "Feature",
      "properties": {
        "title": "10. Schule (Gemeinschaftsschule)",
        "ref": "09K10",
        "type": "Gemeinschaftsschule ( öffentlich )",
        "street": "Eisenhutweg 129 ",
        "zip": "12487",
        "city": "Berlin",
        "district": "Johannisthal",
        "center": [
          13.409779,
          52.520645
        ],
        "additions": [
          "Bis zur baulichen Fertigstellung des Schulstandortes erfolgt eine Beschulung am \r\nSchulstandort Alfred-Randt-Str. 56, 12559 Berlin."
        ]
      },
      "geometry": {
        "type": "Point",
        "coordinates": [
          13.409779,
          52.520645
        ]
      }
    },
    {
      "type": "Feature",
      "properties": {
        "title": "10. Schule (Gemeinschaftsschule)",
        "ref": "05K10",
        "type": "Gemeinschaftsschule ( öffentlich )",
        "street": "Gartenfelder Str. 28",
        "zip": "13599",
        "city": "Berlin",
        "district": "Siemensstadt",
        "center": [
          13.409779,
          52.520645
        ],
        "additions": [
          "Bis zur baulichen Fertigstellung des Schulstandortes erfolgt die Beschulung zunächst am Schulstandort Am Forstacker 11 in 13587 Berlin."
        ]
      },
      "geometry": {
        "type": "Point",
        "coordinates": [
          13.409779,
          52.520645
        ]
      }
    },
    {
      "type": "Feature",
      "properties": {
        "title": "11. Schule (Gemeinschaftsschule)",
        "ref": "04K11",
        "type": "Gemeinschaftsschule ( öffentlich )",
        "street": "Maikäferpfad 30",
        "zip": "14055",
        "city": "Berlin",
        "district": "Westend",
        "center": [
          13.409779,
          52.520645
        ],
        "additions": []
      },
      "geometry": {
        "type": "Point",
        "coordinates": [
          13.409779,
          52.520645
        ]
      }
    },
    {
      "type": "Feature",
      "properties": {
        "title": "12. Schule (Gymnasium)",
        "ref": "09Y12",
        "type": "Gymnasien ( öffentlich )",
        "street": "Kiefholzstr. 274 ",
        "zip": "12437",
        "city": "Berlin",
        "district": "Baumschulenweg",
        "center": [
          13.409779,
          52.520645
        ],
        "additions": []
      },
      "geometry": {
        "type": "Point",
        "coordinates": [
          13.409779,
          52.520645
        ]
      }
    },
    {
      "type": "Feature",
      "properties": {
        "title": "12. Schule (Gymnasium)",
        "ref": "11Y12",
        "type": "Gymnasien ( öffentlich )",
        "street": "Allee der Kosmonauten 20-22",
        "zip": "10315",
        "city": "Berlin",
        "district": "Lichtenberg",
        "center": [
          13.409779,
          52.520645
        ],
        "additions": []
      },
      "geometry": {
        "type": "Point",
        "coordinates": [
          13.409779,
          52.520645
        ]
      }
    },
    {
      "type": "Feature",
      "properties": {
        "title": "12. Schule (Gymnasium)",
        "ref": "10Y12",
        "type": "Gymnasien ( öffentlich )",
        "street": "Erich-Kästner-Str. 52",
        "zip": "12619",
        "city": "Berlin",
        "district": "Hellersdorf",
        "center": [
          13.409779,
          52.520645
        ],
        "additions": []
      },
      "geometry": {
        "type": "Point",
        "coordinates": [
          13.409779,
          52.520645
        ]
      }
    },
    {
      "type": "Feature",
      "properties": {
        "title": "14. Schule (Gemeinschaftsschule)",
        "ref": "10K14",
        "type": "Gemeinschaftsschule ( öffentlich )",
        "street": "Landsberger Str. 178 ",
        "zip": "12623",
        "city": "Berlin",
        "district": "Mahlsdorf",
        "center": [
          13.409779,
          52.520645
        ],
        "additions": []
      },
      "geometry": {
        "type": "Point",
        "coordinates": [
          13.409779,
          52.520645
        ]
      }
    },
    {
      "type": "Feature",
      "properties": {
        "title": "15. Schule (Integrierte Sekundarschule)",
        "ref": "10K15",
        "type": "Integrierte Sekundarschule ( öffentlich )",
        "street": "Garzauer Str. 30",
        "zip": "12683",
        "city": "Berlin",
        "district": "Biesdorf",
        "center": [
          13.409779,
          52.520645
        ],
        "additions": [
          "Bis zur baulichen Fertigstellung des Schulstandortes erfolgt eine Beschulung am Schulstandort Erich-Kästner-Str. 52, 12619 Berlin. Umzug erfolgt im Sommer 2026, Barrierefreie Toilette vorhanden, Behindertenparkplatz vorhanden, Fahrstuhl vorhanden"
        ]
      },
      "geometry": {
        "type": "Point",
        "coordinates": [
          13.409779,
          52.520645
        ]
      }
    },
    {
      "type": "Feature",
      "properties": {
        "title": "16. Schule (Integrierte Sekundarschule)",
        "ref": "11K16",
        "type": "Integrierte Sekundarschule ( öffentlich )",
        "street": "Falkenberger Chaussee 74",
        "zip": "13053",
        "city": "Berlin",
        "district": "Neu-Hohenschönhausen",
        "center": [
          13.409779,
          52.520645
        ],
        "additions": []
      },
      "geometry": {
        "type": "Point",
        "coordinates": [
          13.409779,
          52.520645
        ]
      }
    },
    {
      "type": "Feature",
      "properties": {
        "title": "17. Schule (Integrierte Sekundarschule)",
        "ref": "11K17",
        "type": "Integrierte Sekundarschule ( öffentlich )",
        "street": "Römerweg 29",
        "zip": "10318",
        "city": "Berlin",
        "district": "Karlshorst",
        "center": [
          13.409779,
          52.520645
        ],
        "additions": []
      },
      "geometry": {
        "type": "Point",
        "coordinates": [
          13.409779,
          52.520645
        ]
      }
    },
    {
      "type": "Feature",
      "properties": {
        "title": "33. Schule (Grundschule)",
        "ref": "09G33",
        "type": "Grundschule ( öffentlich )",
        "street": "Hirtestr. 10",
        "zip": "12555",
        "city": "Berlin",
        "district": "Köpenick",
        "center": [
          13.58453,
          52.46068
        ],
        "additions": []
      },
      "geometry": {
        "type": "Point",
        "coordinates": [
          13.58453,
          52.46068
        ]
      }
    },
    {
      "type": "Feature",
      "properties": {
        "title": "33. Schule (Grundschule)",
        "ref": "05G33",
        "type": "Grundschule ( öffentlich )",
        "street": "Heerstr. 580 ",
        "zip": "13591",
        "city": "Berlin",
        "district": "Staaken",
        "center": [
          13.13881,
          52.52543
        ],
        "additions": [
          "Barrierefreie Toilette vorhanden, Behindertenparkplatz vorhanden, Fahrstuhl vorhanden, Zugang über Rampe möglich"
        ]
      },
      "geometry": {
        "type": "Point",
        "coordinates": [
          13.13881,
          52.52543
        ]
      }
    },
    {
      "type": "Feature",
      "properties": {
        "title": "37. Schule (Grundschule)",
        "ref": "02G37",
        "type": "Grundschule ( öffentlich )",
        "street": "Pufendorfstr. 10",
        "zip": "10249",
        "city": "Berlin",
        "district": "Friedrichshain",
        "center": [
          13.43864,
          52.52173
        ],
        "additions": []
      },
      "geometry": {
        "type": "Point",
        "coordinates": [
          13.43864,
          52.52173
        ]
      }
    },
    {
      "type": "Feature",
      "properties": {
        "title": "37. Schule (Grundschule)",
        "ref": "10G37",
        "type": "Grundschule ( öffentlich )",
        "street": "Elsenstr. 7-9",
        "zip": "12623",
        "city": "Berlin",
        "district": "Mahlsdorf",
        "center": [
          13.61077,
          52.50075
        ],
        "additions": []
      },
      "geometry": {
        "type": "Point",
        "coordinates": [
          13.61077,
          52.50075
        ]
      }
    },
    {
      "type": "Feature",
      "properties": {
        "title": "38. Schule (Grundschule)",
        "ref": "10G38",
        "type": "Grundschule ( öffentlich )",
        "street": "Bruno-Baum-Str. 72",
        "zip": "12685",
        "city": "Berlin",
        "district": "Marzahn",
        "center": [
          13.54128,
          52.5356
        ],
        "additions": [
          "Bis zur baulichen Fertigstellung des Schulstandortes erfolgt eine Beschulung am Schulstandort Marzahner Chaussee 165, 12681 Berlin."
        ]
      },
      "geometry": {
        "type": "Point",
        "coordinates": [
          13.54128,
          52.5356
        ]
      }
    },
    {
      "type": "Feature",
      "properties": {
        "title": "38. Schule (Grundschule)",
        "ref": "08G38",
        "type": "Grundschule ( öffentlich )",
        "street": "Koppelweg 50-54",
        "zip": "12347",
        "city": "Berlin",
        "district": "Britz",
        "center": [
          13.42552,
          52.44482
        ],
        "additions": []
      },
      "geometry": {
        "type": "Point",
        "coordinates": [
          13.42552,
          52.44482
        ]
      }
    },
    {
      "type": "Feature",
      "properties": {
        "title": "39. Schule (Grundschule)",
        "ref": "11G39",
        "type": "Grundschule ( öffentlich )",
        "street": "Schleizer Str. 67",
        "zip": "13055",
        "city": "Berlin",
        "district": "Alt-Hohenschönhausen",
        "center": [
          13.50784,
          52.53951
        ],
        "additions": []
      },
      "geometry": {
        "type": "Point",
        "coordinates": [
          13.50784,
          52.53951
        ]
      }
    },
    {
      "type": "Feature",
      "properties": {
        "title": "39. Schule (Grundschule)",
        "ref": "11G39",
        "type": "Förderschwerp. - Geistige Entwicklung ( öffentlich )",
        "street": "Schleizer Str. 67",
        "zip": "13055",
        "city": "Berlin",
        "district": "Alt-Hohenschönhausen",
        "center": [
          13.409779,
          52.520645
        ],
        "additions": []
      },
      "geometry": {
        "type": "Point",
        "coordinates": [
          13.409779,
          52.520645
        ]
      }
    },
    {
      "type": "Feature",
      "properties": {
        "title": "39. Schule (Grundschule)",
        "ref": "10G39",
        "type": "Grundschule ( öffentlich )",
        "street": "Marzahner Chaussee 165 ",
        "zip": "12681",
        "city": "Berlin",
        "district": "Marzahn",
        "center": [
          13.53281,
          52.52263
        ],
        "additions": []
      },
      "geometry": {
        "type": "Point",
        "coordinates": [
          13.53281,
          52.52263
        ]
      }
    },
    {
      "type": "Feature",
      "properties": {
        "title": "40. Schule (Grundschule)",
        "ref": "07G40",
        "type": "Grundschule ( öffentlich )",
        "street": "Ella-Barowsky-Str. 62-63",
        "zip": "10829",
        "city": "Berlin",
        "district": "Schöneberg",
        "center": [
          13.35741,
          52.47832
        ],
        "additions": []
      },
      "geometry": {
        "type": "Point",
        "coordinates": [
          13.35741,
          52.47832
        ]
      }
    },
    {
      "type": "Feature",
      "properties": {
        "title": "40. Schule (Grundschule)",
        "ref": "10G40",
        "type": "Grundschule ( öffentlich )",
        "street": "Haltoner Str. 24",
        "zip": "12683",
        "city": "Berlin",
        "district": "Biesdorf",
        "center": [
          13.55665,
          52.50409
        ],
        "additions": [
          "Bis zur baulichen Fertigstellung des Schulstandortes erfolgt die Beschulung zunächst am Schulstandort in der Dankratweg 19, 12683 Berlin."
        ]
      },
      "geometry": {
        "type": "Point",
        "coordinates": [
          13.55665,
          52.50409
        ]
      }
    },
    {
      "type": "Feature",
      "properties": {
        "title": "47. Schule (Grundschule)",
        "ref": "03G47",
        "type": "Grundschule ( öffentlich )",
        "street": "Mendelstr. 54",
        "zip": "13187",
        "city": "Berlin",
        "district": "Pankow",
        "center": [
          13.41776,
          52.57816
        ],
        "additions": []
      },
      "geometry": {
        "type": "Point",
        "coordinates": [
          13.41776,
          52.57816
        ]
      }
    },
    {
      "type": "Feature",
      "properties": {
        "title": "51. Schule (Grundschule)",
        "ref": "03G51",
        "type": "Grundschule ( öffentlich )",
        "street": "Lindenberger Str. 12",
        "zip": "13156",
        "city": "Berlin",
        "district": "Niederschönhausen",
        "center": [
          13.41765,
          52.58281
        ],
        "additions": [
          "Die 51. Grundschule befindet sich im Aufbau. Das Schulgebäude wird 2026 fertig gestellt. Die Klassen sind zu Gast an benachbarten Grundschulen. Kontakt über GS an der Strauchwiese, Mendelstr. 54"
        ]
      },
      "geometry": {
        "type": "Point",
        "coordinates": [
          13.41765,
          52.58281
        ]
      }
    },
    {
      "type": "Feature",
      "properties": {
        "title": "Abendgymnasium Prenzlauer Berg",
        "ref": "03A04",
        "type": "Zweiter Bildungsweg ( öffentlich )",
        "street": "Driesener Str. 22",
        "zip": "10439",
        "city": "Berlin",
        "district": "Prenzlauer Berg",
        "center": [
          13.409779,
          52.520645
        ],
        "additions": []
      },
      "geometry": {
        "type": "Point",
        "coordinates": [
          13.409779,
          52.520645
        ]
      }
    },
    {
      "type": "Feature",
      "properties": {
        "title": "Adam-Ries-Schule (Grundschule)",
        "ref": "11G06",
        "type": "Grundschule ( öffentlich )",
        "street": "Alt-Friedrichsfelde 66",
        "zip": "10315",
        "city": "Berlin",
        "district": "Friedrichsfelde",
        "center": [
          13.53186,
          52.51146
        ],
        "additions": [
          "Barrierefreie Toilette vorhanden"
        ]
      },
      "geometry": {
        "type": "Point",
        "coordinates": [
          13.409779,
          52.520645
        ]
      }
    },
    {
      "type": "Feature",
      "properties": {
        "title": "Adolf-Glaßbrenner-Grundschule",
        "ref": "02G31",
        "type": "Grundschule ( öffentlich )",
        "street": "Hagelberger Str. 34",
        "zip": "10965",
        "city": "Berlin",
        "district": "Kreuzberg",
        "center": [
          13.38057,
          52.49105
        ],
        "additions": [
          "Behindertenparkplatz vorhanden"
        ]
      },
      "geometry": {
        "type": "Point",
        "coordinates": [
          13.38057,
          52.49105
        ]
      }
    },
    {
      "type": "Feature",
      "properties": {
        "title": "Adolf-Reichwein-Schule",
        "ref": "08S01",
        "type": "Förderschwerp. - Lernen ( öffentlich )",
        "street": "Sonnenallee 188",
        "zip": "12059",
        "city": "Berlin",
        "district": "Neukölln",
        "center": [
          13.409779,
          52.520645
        ],
        "additions": []
      },
      "geometry": {
        "type": "Point",
        "coordinates": [
          13.409779,
          52.520645
        ]
      }
    },
    {
      "type": "Feature",
      "properties": {
        "title": "Adolf-Reichwein-Schule",
        "ref": "08S01",
        "type": "Förderschwerp. - Übrige ( öffentlich )",
        "street": "Sonnenallee 188",
        "zip": "12059",
        "city": "Berlin",
        "district": "Neukölln",
        "center": [
          13.409779,
          52.520645
        ],
        "additions": []
      },
      "geometry": {
        "type": "Point",
        "coordinates": [
          13.409779,
          52.520645
        ]
      }
    },
    {
      "type": "Feature",
      "properties": {
        "title": "Adolf-Reichwein-Schule",
        "ref": "08S01",
        "type": "Förderschwerp. - Geistige Entwicklung ( öffentlich )",
        "street": "Sonnenallee 188",
        "zip": "12059",
        "city": "Berlin",
        "district": "Neukölln",
        "center": [
          13.409779,
          52.520645
        ],
        "additions": []
      },
      "geometry": {
        "type": "Point",
        "coordinates": [
          13.409779,
          52.520645
        ]
      }
    },
    {
      "type": "Feature",
      "properties": {
        "title": "AGT Akademie für Gestaltung und Technologie GmbH",
        "ref": "04E53",
        "type": "Sonstige Ergänzungsschule ( privat )",
        "street": "Darwinstr. 17",
        "zip": "10589",
        "city": "Berlin",
        "district": "Charlottenburg",
        "center": [
          13.409779,
          52.520645
        ],
        "additions": []
      },
      "geometry": {
        "type": "Point",
        "coordinates": [
          13.409779,
          52.520645
        ]
      }
    },
    {
      "type": "Feature",
      "properties": {
        "title": "Ahorn-Schule",
        "ref": "09S04",
        "type": "Förderschwerp. - Übrige ( öffentlich )",
        "street": "Peter-Hille-Str. 118",
        "zip": "12587",
        "city": "Berlin",
        "district": "Friedrichshagen",
        "center": [
          13.409779,
          52.520645
        ],
        "additions": []
      },
      "geometry": {
        "type": "Point",
        "coordinates": [
          13.409779,
          52.520645
        ]
      }
    },
    {
      "type": "Feature",
      "properties": {
        "title": "AID Berlin Akademie für Illustration und Design Berlin GmbH",
        "ref": "11E15",
        "type": "Künstlerische Schule ( privat )",
        "street": "Ruschestr. 70",
        "zip": "10365",
        "city": "Berlin",
        "district": "Lichtenberg",
        "center": [
          13.409779,
          52.520645
        ],
        "additions": [
          "Barrierefreie Toilette vorhanden"
        ]
      },
      "geometry": {
        "type": "Point",
        "coordinates": [
          13.409779,
          52.520645
        ]
      }
    },
    {
      "type": "Feature",
      "properties": {
        "title": "Akademie für berufliche Bildung (AFBB) gGmbH",
        "ref": "11P18",
        "type": "Berufsschule ( privat )",
        "street": "Bornitzstr. 73-75",
        "zip": "10365",
        "city": "Berlin",
        "district": "Lichtenberg",
        "center": [
          13.409779,
          52.520645
        ],
        "additions": []
      },
      "geometry": {
        "type": "Point",
        "coordinates": [
          13.409779,
          52.520645
        ]
      }
    },
    {
      "type": "Feature",
      "properties": {
        "title": "Akademie für berufliche Bildung (AFBB) gGmbH",
        "ref": "11P18",
        "type": "Fachschule ( privat )",
        "street": "Bornitzstr. 73-75",
        "zip": "10365",
        "city": "Berlin",
        "district": "Lichtenberg",
        "center": [
          13.409779,
          52.520645
        ],
        "additions": []
      },
      "geometry": {
        "type": "Point",
        "coordinates": [
          13.409779,
          52.520645
        ]
      }
    },
    {
      "type": "Feature",
      "properties": {
        "title": "Albatros-Schule",
        "ref": "09S03",
        "type": "Förderschwerp. - Geistige Entwicklung ( öffentlich )",
        "street": "Treskowallee 222",
        "zip": "12459",
        "city": "Berlin",
        "district": "Oberschöneweide",
        "center": [
          13.409779,
          52.520645
        ],
        "additions": [
          "Barrierefreie Toilette vorhanden, Behindertenparkplatz vorhanden, Fahrstuhl vorhanden, Zugang über Rampe möglich"
        ]
      },
      "geometry": {
        "type": "Point",
        "coordinates": [
          13.409779,
          52.520645
        ]
      }
    },
    {
      "type": "Feature",
      "properties": {
        "title": "Albert-Einstein-Gymnasium",
        "ref": "08Y03",
        "type": "Gymnasien ( öffentlich )",
        "street": "Parchimer Allee 109",
        "zip": "12359",
        "city": "Berlin",
        "district": "Britz",
        "center": [
          13.409779,
          52.520645
        ],
        "additions": [
          "Barrierefreie Toilette vorhanden, Behindertenparkplatz vorhanden, Fahrstuhl vorhanden, Zugang über Rampe möglich"
        ]
      },
      "geometry": {
        "type": "Point",
        "coordinates": [
          13.409779,
          52.520645
        ]
      }
    },
    {
      "type": "Feature",
      "properties": {
        "title": "Albert-Gutzmann-Schule",
        "ref": "01S06",
        "type": "Förderschwerp. - Übrige ( öffentlich )",
        "street": "Schulstr. 97",
        "zip": "13347",
        "city": "Berlin",
        "district": "Gesundbrunnen",
        "center": [
          13.409779,
          52.520645
        ],
        "additions": []
      },
      "geometry": {
        "type": "Point",
        "coordinates": [
          13.409779,
          52.520645
        ]
      }
    },
    {
      "type": "Feature",
      "properties": {
        "title": "Albert-Gutzmann-Schule",
        "ref": "01S06",
        "type": "Integrierte Sekundarschule ( öffentlich )",
        "street": "Schulstr. 97",
        "zip": "13347",
        "city": "Berlin",
        "district": "Gesundbrunnen",
        "center": [
          13.409779,
          52.520645
        ],
        "additions": []
      },
      "geometry": {
        "type": "Point",
        "coordinates": [
          13.409779,
          52.520645
        ]
      }
    },
    {
      "type": "Feature",
      "properties": {
        "title": "Albert-Gutzmann-Schule (Grundschule)",
        "ref": "01G43",
        "type": "Grundschule ( öffentlich )",
        "street": "Schulstr. 97",
        "zip": "13347",
        "city": "Berlin",
        "district": "Gesundbrunnen",
        "center": [
          13.37,
          52.55339
        ],
        "additions": []
      },
      "geometry": {
        "type": "Point",
        "coordinates": [
          13.37,
          52.55339
        ]
      }
    },
    {
      "type": "Feature",
      "properties": {
        "title": "Albert-Schweitzer-Gymnasium",
        "ref": "08Y02",
        "type": "Gymnasien ( öffentlich )",
        "street": "Karl-Marx-Str. 14",
        "zip": "12043",
        "city": "Berlin",
        "district": "Neukölln",
        "center": [
          13.409779,
          52.520645
        ],
        "additions": []
      },
      "geometry": {
        "type": "Point",
        "coordinates": [
          13.409779,
          52.520645
        ]
      }
    },
    {
      "type": "Feature",
      "properties": {
        "title": "Albrecht-Dürer-Gymnasium",
        "ref": "08Y01",
        "type": "Gymnasien ( öffentlich )",
        "street": "Emser Str. 133-137",
        "zip": "12051",
        "city": "Berlin",
        "district": "Neukölln",
        "center": [
          13.409779,
          52.520645
        ],
        "additions": [
          "Behindertenparkplatz vorhanden, Zugang über Rampe möglich"
        ]
      },
      "geometry": {
        "type": "Point",
        "coordinates": [
          13.409779,
          52.520645
        ]
      }
    },
    {
      "type": "Feature",
      "properties": {
        "title": "Albrecht-Haushofer-Schule",
        "ref": "12K11",
        "type": "Integrierte Sekundarschule ( öffentlich )",
        "street": "Kurzebracker Weg 40-46",
        "zip": "13503",
        "city": "Berlin",
        "district": "Heiligensee",
        "center": [
          13.409779,
          52.520645
        ],
        "additions": [
          "Barrierefreie Toilette vorhanden, Behindertenparkplatz vorhanden, Zugang über Rampe möglich"
        ]
      },
      "geometry": {
        "type": "Point",
        "coordinates": [
          13.409779,
          52.520645
        ]
      }
    },
    {
      "type": "Feature",
      "properties": {
        "title": "Albrecht-von-Graefe-Schule (Integrierte Sekundarschule)",
        "ref": "02K09",
        "type": "Integrierte Sekundarschule ( öffentlich )",
        "street": "Graefestr. 85",
        "zip": "10967",
        "city": "Berlin",
        "district": "Kreuzberg",
        "center": [
          13.409779,
          52.520645
        ],
        "additions": [
          "Barrierefreie Toilette vorhanden, Zugang über Rampe möglich"
        ]
      },
      "geometry": {
        "type": "Point",
        "coordinates": [
          13.409779,
          52.520645
        ]
      }
    },
    {
      "type": "Feature",
      "properties": {
        "title": "Alexander-Puschkin-Schule",
        "ref": "11K01",
        "type": "Integrierte Sekundarschule ( öffentlich )",
        "street": "Massower Str. 37",
        "zip": "10315",
        "city": "Berlin",
        "district": "Friedrichsfelde",
        "center": [
          13.409779,
          52.520645
        ],
        "additions": []
      },
      "geometry": {
        "type": "Point",
        "coordinates": [
          13.409779,
          52.520645
        ]
      }
    },
    {
      "type": "Feature",
      "properties": {
        "title": "Alexander-Technik-Schule",
        "ref": "02E24",
        "type": "Sonstige Ergänzungsschule ( privat )",
        "street": "Paul-Lincke-Ufer 30",
        "zip": "10999",
        "city": "Berlin",
        "district": "Kreuzberg",
        "center": [
          13.409779,
          52.520645
        ],
        "additions": []
      },
      "geometry": {
        "type": "Point",
        "coordinates": [
          13.409779,
          52.520645
        ]
      }
    },
    {
      "type": "Feature",
      "properties": {
        "title": "Alexander-von-Humboldt-Gymnasium",
        "ref": "09Y05",
        "type": "Gymnasien ( öffentlich )",
        "street": "Oberspreestr. 173",
        "zip": "12555",
        "city": "Berlin",
        "district": "Köpenick",
        "center": [
          13.409779,
          52.520645
        ],
        "additions": [
          "Zugang über Rampe möglich"
        ]
      },
      "geometry": {
        "type": "Point",
        "coordinates": [
          13.409779,
          52.520645
        ]
      }
    },
    {
      "type": "Feature",
      "properties": {
        "title": "Alfred-Brehm-Grundschule",
        "ref": "12G14",
        "type": "Grundschule ( öffentlich )",
        "street": "Ascheberger Weg 8A",
        "zip": "13507",
        "city": "Berlin",
        "district": "Tegel",
        "center": [
          13.2837,
          52.57358
        ],
        "additions": [
          "Barrierefreie Toilette vorhanden, Zugang über Rampe möglich"
        ]
      },
      "geometry": {
        "type": "Point",
        "coordinates": [
          13.2837,
          52.57358
        ]
      }
    },
    {
      "type": "Feature",
      "properties": {
        "title": "Alfred-Nobel-Schule",
        "ref": "08K11",
        "type": "Integrierte Sekundarschule ( öffentlich )",
        "street": "Britzer Damm 164",
        "zip": "12347",
        "city": "Berlin",
        "district": "Britz",
        "center": [
          13.409779,
          52.520645
        ],
        "additions": []
      },
      "geometry": {
        "type": "Point",
        "coordinates": [
          13.409779,
          52.520645
        ]
      }
    },
    {
      "type": "Feature",
      "properties": {
        "title": "Allegro-Grundschule",
        "ref": "01G44",
        "type": "Grundschule ( öffentlich )",
        "street": "Lützowstr. 83-85",
        "zip": "10785",
        "city": "Berlin",
        "district": "Tiergarten",
        "center": [
          13.36297,
          52.50316
        ],
        "additions": [
          "Barrierefreie Toilette vorhanden, Behindertenparkplatz vorhanden, Fahrstuhl vorhanden, Zugang über Rampe möglich"
        ]
      },
      "geometry": {
        "type": "Point",
        "coordinates": [
          13.36297,
          52.50316
        ]
      }
    },
    {
      "type": "Feature",
      "properties": {
        "title": "Alternativschule Berlin (Gemeinschaftsschule)",
        "ref": "12P11",
        "type": "Gemeinschaftsschule ( privat )",
        "street": "Bondickstr. 8-9",
        "zip": "13469",
        "city": "Berlin",
        "district": "Waidmannslust",
        "center": [
          13.409779,
          52.520645
        ],
        "additions": []
      },
      "geometry": {
        "type": "Point",
        "coordinates": [
          13.409779,
          52.520645
        ]
      }
    },
    {
      "type": "Feature",
      "properties": {
        "title": "Alternativschule Berlin (Gemeinschaftsschule)",
        "ref": "12P11",
        "type": "Grundschule ( privat )",
        "street": "Bondickstr. 8-9",
        "zip": "13469",
        "city": "Berlin",
        "district": "Waidmannslust",
        "center": [
          13.31542,
          52.60465
        ],
        "additions": []
      },
      "geometry": {
        "type": "Point",
        "coordinates": [
          13.31542,
          52.60465
        ]
      }
    },
    {
      "type": "Feature",
      "properties": {
        "title": "Alt-Lankwitzer Grundschule",
        "ref": "06G20",
        "type": "Grundschule ( öffentlich )",
        "street": "Schulstr. 17-21",
        "zip": "12247",
        "city": "Berlin",
        "district": "Lankwitz",
        "center": [
          13.35165,
          52.43715
        ],
        "additions": []
      },
      "geometry": {
        "type": "Point",
        "coordinates": [
          13.35165,
          52.43715
        ]
      }
    },
    {
      "type": "Feature",
      "properties": {
        "title": "Alt-Schmargendorf-Grundschule",
        "ref": "04G23",
        "type": "Grundschule ( öffentlich )",
        "street": "Reichenhaller Str. 8",
        "zip": "14199",
        "city": "Berlin",
        "district": "Schmargendorf",
        "center": [
          13.2936,
          52.47696
        ],
        "additions": []
      },
      "geometry": {
        "type": "Point",
        "coordinates": [
          13.2936,
          52.47696
        ]
      }
    },
    {
      "type": "Feature",
      "properties": {
        "title": "Amtsfeld-Schule (Grundschule)",
        "ref": "09G19",
        "type": "Grundschule ( öffentlich )",
        "street": "Pablo-Neruda-Str. 8",
        "zip": "12559",
        "city": "Berlin",
        "district": "Köpenick",
        "center": [
          13.58869,
          52.44407
        ],
        "additions": []
      },
      "geometry": {
        "type": "Point",
        "coordinates": [
          13.58869,
          52.44407
        ]
      }
    },
    {
      "type": "Feature",
      "properties": {
        "title": "Andersen-Grundschule",
        "ref": "01G36",
        "type": "Grundschule ( öffentlich )",
        "street": "Kattegatstr. 26",
        "zip": "13359",
        "city": "Berlin",
        "district": "Gesundbrunnen",
        "center": [
          13.38885,
          52.56547
        ],
        "additions": []
      },
      "geometry": {
        "type": "Point",
        "coordinates": [
          13.38885,
          52.56547
        ]
      }
    },
    {
      "type": "Feature",
      "properties": {
        "title": "Andreas-Gymnasium",
        "ref": "02Y01",
        "type": "Gymnasien ( öffentlich )",
        "street": "Koppenstr. 76",
        "zip": "10243",
        "city": "Berlin",
        "district": "Friedrichshain",
        "center": [
          13.409779,
          52.520645
        ],
        "additions": []
      },
      "geometry": {
        "type": "Point",
        "coordinates": [
          13.409779,
          52.520645
        ]
      }
    },
    {
      "type": "Feature",
      "properties": {
        "title": "Anna-Essinger-Gemeinschaftsschule",
        "ref": "06K11",
        "type": "Gemeinschaftsschule ( öffentlich )",
        "street": "Tietzenweg 101",
        "zip": "12203",
        "city": "Berlin",
        "district": "Lichterfelde",
        "center": [
          13.409779,
          52.520645
        ],
        "additions": []
      },
      "geometry": {
        "type": "Point",
        "coordinates": [
          13.409779,
          52.520645
        ]
      }
    },
    {
      "type": "Feature",
      "properties": {
        "title": "Anna-Freud-Schule (OSZ Sozialwesen)",
        "ref": "04B05",
        "type": "Berufsoberschule ( öffentlich )",
        "street": "Halemweg 22",
        "zip": "13627",
        "city": "Berlin",
        "district": "Charlottenburg-Nord",
        "center": [
          13.409779,
          52.520645
        ],
        "additions": [
          "Barrierefreie Toilette vorhanden, Zugang über Rampe möglich"
        ]
      },
      "geometry": {
        "type": "Point",
        "coordinates": [
          13.409779,
          52.520645
        ]
      }
    },
    {
      "type": "Feature",
      "properties": {
        "title": "Anna-Freud-Schule (OSZ Sozialwesen)",
        "ref": "04B05",
        "type": "Fachschule ( öffentlich )",
        "street": "Halemweg 22",
        "zip": "13627",
        "city": "Berlin",
        "district": "Charlottenburg-Nord",
        "center": [
          13.409779,
          52.520645
        ],
        "additions": [
          "Barrierefreie Toilette vorhanden, Zugang über Rampe möglich"
        ]
      },
      "geometry": {
        "type": "Point",
        "coordinates": [
          13.409779,
          52.520645
        ]
      }
    },
    {
      "type": "Feature",
      "properties": {
        "title": "Anna-Freud-Schule (OSZ Sozialwesen)",
        "ref": "04B05",
        "type": "Fachoberschule ( öffentlich )",
        "street": "Halemweg 22",
        "zip": "13627",
        "city": "Berlin",
        "district": "Charlottenburg-Nord",
        "center": [
          13.409779,
          52.520645
        ],
        "additions": [
          "Barrierefreie Toilette vorhanden, Zugang über Rampe möglich"
        ]
      },
      "geometry": {
        "type": "Point",
        "coordinates": [
          13.409779,
          52.520645
        ]
      }
    },
    {
      "type": "Feature",
      "properties": {
        "title": "Anna-Freud-Schule (OSZ Sozialwesen)",
        "ref": "04B05",
        "type": "Berufliches Gymnasium ( öffentlich )",
        "street": "Halemweg 22",
        "zip": "13627",
        "city": "Berlin",
        "district": "Charlottenburg-Nord",
        "center": [
          13.409779,
          52.520645
        ],
        "additions": [
          "Barrierefreie Toilette vorhanden, Zugang über Rampe möglich"
        ]
      },
      "geometry": {
        "type": "Point",
        "coordinates": [
          13.409779,
          52.520645
        ]
      }
    },
    {
      "type": "Feature",
      "properties": {
        "title": "Anna-Freud-Schule (OSZ Sozialwesen)",
        "ref": "04B05",
        "type": "Berufsfachschule ( öffentlich )",
        "street": "Halemweg 22",
        "zip": "13627",
        "city": "Berlin",
        "district": "Charlottenburg-Nord",
        "center": [
          13.409779,
          52.520645
        ],
        "additions": [
          "Barrierefreie Toilette vorhanden, Zugang über Rampe möglich"
        ]
      },
      "geometry": {
        "type": "Point",
        "coordinates": [
          13.409779,
          52.520645
        ]
      }
    },
    {
      "type": "Feature",
      "properties": {
        "title": "Anna-Freud-Schule (OSZ Sozialwesen)",
        "ref": "04B05",
        "type": "Berufsschule ( öffentlich )",
        "street": "Halemweg 22",
        "zip": "13627",
        "city": "Berlin",
        "district": "Charlottenburg-Nord",
        "center": [
          13.409779,
          52.520645
        ],
        "additions": [
          "Barrierefreie Toilette vorhanden, Zugang über Rampe möglich"
        ]
      },
      "geometry": {
        "type": "Point",
        "coordinates": [
          13.409779,
          52.520645
        ]
      }
    },
    {
      "type": "Feature",
      "properties": {
        "title": "Anna-Lindh-Schule (Grundschule)",
        "ref": "01G42",
        "type": "Grundschule ( öffentlich )",
        "street": "Reinickendorfer Str. 60",
        "zip": "13347",
        "city": "Berlin",
        "district": "Wedding",
        "center": [
          13.3656,
          52.55473
        ],
        "additions": []
      },
      "geometry": {
        "type": "Point",
        "coordinates": [
          13.3656,
          52.55473
        ]
      }
    },
    {
      "type": "Feature",
      "properties": {
        "title": "Anna-Lindh-Schule (Grundschule)",
        "ref": "01G42",
        "type": "Förderschwerp. - Geistige Entwicklung ( öffentlich )",
        "street": "Reinickendorfer Str. 60",
        "zip": "13347",
        "city": "Berlin",
        "district": "Wedding",
        "center": [
          13.409779,
          52.520645
        ],
        "additions": []
      },
      "geometry": {
        "type": "Point",
        "coordinates": [
          13.409779,
          52.520645
        ]
      }
    },
    {
      "type": "Feature",
      "properties": {
        "title": "Anna-Seghers-Schule (Gemeinschaftsschule)",
        "ref": "09K02",
        "type": "Gemeinschaftsschule ( öffentlich )",
        "street": "Radickestr. 43",
        "zip": "12489",
        "city": "Berlin",
        "district": "Adlershof",
        "center": [
          13.409779,
          52.520645
        ],
        "additions": []
      },
      "geometry": {
        "type": "Point",
        "coordinates": [
          13.409779,
          52.520645
        ]
      }
    },
    {
      "type": "Feature",
      "properties": {
        "title": "Annedore-Leber-Grundschule",
        "ref": "07G30",
        "type": "Grundschule ( öffentlich )",
        "street": "Halker Zeile 137-149",
        "zip": "12305",
        "city": "Berlin",
        "district": "Lichtenrade",
        "center": [
          13.40143,
          52.3984
        ],
        "additions": [
          "Zugang über Rampe möglich"
        ]
      },
      "geometry": {
        "type": "Point",
        "coordinates": [
          13.40143,
          52.3984
        ]
      }
    },
    {
      "type": "Feature",
      "properties": {
        "title": "Annedore-Leber-Oberschule",
        "ref": "08B01",
        "type": "Berufsschule mit sonderpäd. Aufgaben ( öffentlich )",
        "street": "Paster-Behrens-Str. 88",
        "zip": "12359",
        "city": "Berlin",
        "district": "Britz",
        "center": [
          13.409779,
          52.520645
        ],
        "additions": [
          "Barrierefreie Toilette vorhanden, Behindertenparkplatz vorhanden, Fahrstuhl vorhanden, Zugang über Rampe möglich"
        ]
      },
      "geometry": {
        "type": "Point",
        "coordinates": [
          13.409779,
          52.520645
        ]
      }
    },
    {
      "type": "Feature",
      "properties": {
        "title": "Annedore-Leber-Oberschule",
        "ref": "08B01",
        "type": "Berufsschule ( öffentlich )",
        "street": "Paster-Behrens-Str. 88",
        "zip": "12359",
        "city": "Berlin",
        "district": "Britz",
        "center": [
          13.409779,
          52.520645
        ],
        "additions": [
          "Barrierefreie Toilette vorhanden, Behindertenparkplatz vorhanden, Fahrstuhl vorhanden, Zugang über Rampe möglich"
        ]
      },
      "geometry": {
        "type": "Point",
        "coordinates": [
          13.409779,
          52.520645
        ]
      }
    },
    {
      "type": "Feature",
      "properties": {
        "title": "Anne-Frank-Grundschule",
        "ref": "01G15",
        "type": "Grundschule ( öffentlich )",
        "street": "Paulstr. 20B",
        "zip": "10557",
        "city": "Berlin",
        "district": "Moabit",
        "center": [
          13.35567,
          52.51883
        ],
        "additions": [
          "Barrierefreie Toilette vorhanden, Behindertenparkplatz vorhanden, Fahrstuhl vorhanden, Zugang über Rampe möglich"
        ]
      },
      "geometry": {
        "type": "Point",
        "coordinates": [
          13.35567,
          52.51883
        ]
      }
    },
    {
      "type": "Feature",
      "properties": {
        "title": "Anne-Frank-Gymnasium",
        "ref": "09Y04",
        "type": "Gymnasien ( öffentlich )",
        "street": "Uranusstr. 15-17",
        "zip": "12524",
        "city": "Berlin",
        "district": "Altglienicke",
        "center": [
          13.409779,
          52.520645
        ],
        "additions": []
      },
      "geometry": {
        "type": "Point",
        "coordinates": [
          13.409779,
          52.520645
        ]
      }
    },
    {
      "type": "Feature",
      "properties": {
        "title": "Annie-Heuser-Schule",
        "ref": "04P12",
        "type": "Freie Waldorfschule ( privat )",
        "street": "Eisenzahnstr. 37",
        "zip": "10709",
        "city": "Berlin",
        "district": "Wilmersdorf",
        "center": [
          13.409779,
          52.520645
        ],
        "additions": []
      },
      "geometry": {
        "type": "Point",
        "coordinates": [
          13.409779,
          52.520645
        ]
      }
    },
    {
      "type": "Feature",
      "properties": {
        "title": "APEGO-Schule Berlin (Gemeinschaftsschule)",
        "ref": "12P19",
        "type": "Gemeinschaftsschule ( privat )",
        "street": "Dianastr. 44-46",
        "zip": "13469",
        "city": "Berlin",
        "district": "Waidmannslust",
        "center": [
          13.409779,
          52.520645
        ],
        "additions": []
      },
      "geometry": {
        "type": "Point",
        "coordinates": [
          13.409779,
          52.520645
        ]
      }
    },
    {
      "type": "Feature",
      "properties": {
        "title": "APEGO-Schule Berlin (Gemeinschaftsschule)",
        "ref": "12P19",
        "type": "Grundschule ( privat )",
        "street": "Dianastr. 44-46",
        "zip": "13469",
        "city": "Berlin",
        "district": "Waidmannslust",
        "center": [
          13.30936,
          52.60444
        ],
        "additions": []
      },
      "geometry": {
        "type": "Point",
        "coordinates": [
          13.30936,
          52.60444
        ]
      }
    },
    {
      "type": "Feature",
      "properties": {
        "title": "arche medica-Akademie für Heilpraktiker",
        "ref": "07E09",
        "type": "Heilpraktikerschule ( privat )",
        "street": "Handjerystr. 22",
        "zip": "12159",
        "city": "Berlin",
        "district": "Friedenau",
        "center": [
          13.409779,
          52.520645
        ],
        "additions": []
      },
      "geometry": {
        "type": "Point",
        "coordinates": [
          13.409779,
          52.520645
        ]
      }
    },
    {
      "type": "Feature",
      "properties": {
        "title": "Archenhold-Gymnasium",
        "ref": "09Y03",
        "type": "Gymnasien ( öffentlich )",
        "street": "Rudower Str. 7",
        "zip": "12439",
        "city": "Berlin",
        "district": "Niederschöneweide",
        "center": [
          13.409779,
          52.520645
        ],
        "additions": []
      },
      "geometry": {
        "type": "Point",
        "coordinates": [
          13.409779,
          52.520645
        ]
      }
    },
    {
      "type": "Feature",
      "properties": {
        "title": "Arndt-Gymnasium Dahlem",
        "ref": "06Y03",
        "type": "Gymnasien ( öffentlich )",
        "street": "Königin-Luise-Str. 80-84",
        "zip": "14195",
        "city": "Berlin",
        "district": "Dahlem",
        "center": [
          13.409779,
          52.520645
        ],
        "additions": [
          "Behindertenparkplatz vorhanden, Zugang über Rampe möglich"
        ]
      },
      "geometry": {
        "type": "Point",
        "coordinates": [
          13.409779,
          52.520645
        ]
      }
    },
    {
      "type": "Feature",
      "properties": {
        "title": "Arno-Fuchs-Schule",
        "ref": "04S02",
        "type": "Förderschwerp. - Geistige Entwicklung ( öffentlich )",
        "street": "Richard-Wagner-Str. 30",
        "zip": "10585",
        "city": "Berlin",
        "district": "Charlottenburg",
        "center": [
          13.409779,
          52.520645
        ],
        "additions": [
          "Barrierefreie Toilette vorhanden, Fahrstuhl vorhanden, Zugang über Rampe möglich"
        ]
      },
      "geometry": {
        "type": "Point",
        "coordinates": [
          13.409779,
          52.520645
        ]
      }
    },
    {
      "type": "Feature",
      "properties": {
        "title": "Arnold-Zweig-Grundschule",
        "ref": "03G26",
        "type": "Grundschule ( öffentlich )",
        "street": "Wollankstr. 131",
        "zip": "13187",
        "city": "Berlin",
        "district": "Pankow",
        "center": [
          13.4004,
          52.5676
        ],
        "additions": [
          "Barrierefreie Toilette vorhanden"
        ]
      },
      "geometry": {
        "type": "Point",
        "coordinates": [
          13.4004,
          52.5676
        ]
      }
    },
    {
      "type": "Feature",
      "properties": {
        "title": "Artaban Schule für künstlerische Therapie",
        "ref": "05E02",
        "type": "Heilpraktikerschule ( privat )",
        "street": "Kladower Damm 221",
        "zip": "14089",
        "city": "Berlin",
        "district": "Kladow",
        "center": [
          13.409779,
          52.520645
        ],
        "additions": []
      },
      "geometry": {
        "type": "Point",
        "coordinates": [
          13.409779,
          52.520645
        ]
      }
    },
    {
      "type": "Feature",
      "properties": {
        "title": "arts and stage academy",
        "ref": "09E06",
        "type": "Künstlerische Schule ( privat )",
        "street": "Ernst-Augustin-Str. 1A",
        "zip": "12489",
        "city": "Berlin",
        "district": "Adlershof",
        "center": [
          13.409779,
          52.520645
        ],
        "additions": []
      },
      "geometry": {
        "type": "Point",
        "coordinates": [
          13.409779,
          52.520645
        ]
      }
    },
    {
      "type": "Feature",
      "properties": {
        "title": "ARTUR SPEER AKADEMIE GmbH",
        "ref": "03E03",
        "type": "Wirtschafts- u. Verwaltungsschule ( privat )",
        "street": "Storkower Str. 99",
        "zip": "10407",
        "city": "Berlin",
        "district": "Prenzlauer Berg",
        "center": [
          13.409779,
          52.520645
        ],
        "additions": []
      },
      "geometry": {
        "type": "Point",
        "coordinates": [
          13.409779,
          52.520645
        ]
      }
    },
    {
      "type": "Feature",
      "properties": {
        "title": "Askanier-Grundschule",
        "ref": "05G15",
        "type": "Grundschule ( öffentlich )",
        "street": "Borkzeile 34",
        "zip": "13583",
        "city": "Berlin",
        "district": "Spandau",
        "center": [
          13.19105,
          52.53974
        ],
        "additions": [
          "Barrierefreie Toilette vorhanden, Behindertenparkplatz vorhanden"
        ]
      },
      "geometry": {
        "type": "Point",
        "coordinates": [
          13.19105,
          52.53974
        ]
      }
    },
    {
      "type": "Feature",
      "properties": {
        "title": "Askanisches Gymnasium",
        "ref": "07Y06",
        "type": "Gymnasien ( öffentlich )",
        "street": "Kaiserin-Augusta-Str. 19/20",
        "zip": "12103",
        "city": "Berlin",
        "district": "Tempelhof",
        "center": [
          13.409779,
          52.520645
        ],
        "additions": []
      },
      "geometry": {
        "type": "Point",
        "coordinates": [
          13.409779,
          52.520645
        ]
      }
    },
    {
      "type": "Feature",
      "properties": {
        "title": "Astrid-Lindgren-Grundschule",
        "ref": "05G17",
        "type": "Grundschule ( öffentlich )",
        "street": "Südekumzeile 5",
        "zip": "13591",
        "city": "Berlin",
        "district": "Staaken",
        "center": [
          13.15676,
          52.53089
        ],
        "additions": [
          "Zugang über Rampe möglich"
        ]
      },
      "geometry": {
        "type": "Point",
        "coordinates": [
          13.15676,
          52.53089
        ]
      }
    },
    {
      "type": "Feature",
      "properties": {
        "title": "Athene-Grundschule",
        "ref": "06G18",
        "type": "Grundschule ( öffentlich )",
        "street": "Curtiusstr. 37",
        "zip": "12205",
        "city": "Berlin",
        "district": "Lichterfelde",
        "center": [
          13.29058,
          52.44053
        ],
        "additions": [
          "Barrierefreie Toilette vorhanden, Behindertenparkplatz vorhanden, Fahrstuhl vorhanden, Zugang über Rampe möglich"
        ]
      },
      "geometry": {
        "type": "Point",
        "coordinates": [
          13.29058,
          52.44053
        ]
      }
    },
    {
      "type": "Feature",
      "properties": {
        "title": "August-Hermann-Francke-Schule",
        "ref": "05P04",
        "type": "Förderschwerp. - Geistige Entwicklung ( privat )",
        "street": "Schönwalder Allee 26",
        "zip": "13587",
        "city": "Berlin",
        "district": "Hakenfelde",
        "center": [
          13.409779,
          52.520645
        ],
        "additions": [
          "Barrierefreie Toilette vorhanden, Behindertenparkplatz vorhanden"
        ]
      },
      "geometry": {
        "type": "Point",
        "coordinates": [
          13.409779,
          52.520645
        ]
      }
    },
    {
      "type": "Feature",
      "properties": {
        "title": "August-Sander-Schule",
        "ref": "02B01",
        "type": "Berufsfachschule ( öffentlich )",
        "street": "Naglerstr. 1-3",
        "zip": "10245",
        "city": "Berlin",
        "district": "Friedrichshain",
        "center": [
          13.409779,
          52.520645
        ],
        "additions": []
      },
      "geometry": {
        "type": "Point",
        "coordinates": [
          13.409779,
          52.520645
        ]
      }
    },
    {
      "type": "Feature",
      "properties": {
        "title": "August-Sander-Schule",
        "ref": "02B01",
        "type": "Berufsschule mit sonderpäd. Aufgaben ( öffentlich )",
        "street": "Naglerstr. 1-3",
        "zip": "10245",
        "city": "Berlin",
        "district": "Friedrichshain",
        "center": [
          13.409779,
          52.520645
        ],
        "additions": []
      },
      "geometry": {
        "type": "Point",
        "coordinates": [
          13.409779,
          52.520645
        ]
      }
    },
    {
      "type": "Feature",
      "properties": {
        "title": "August-Sander-Schule",
        "ref": "02B01",
        "type": "Berufsschule ( öffentlich )",
        "street": "Naglerstr. 1-3",
        "zip": "10245",
        "city": "Berlin",
        "district": "Friedrichshain",
        "center": [
          13.409779,
          52.520645
        ],
        "additions": []
      },
      "geometry": {
        "type": "Point",
        "coordinates": [
          13.409779,
          52.520645
        ]
      }
    },
    {
      "type": "Feature",
      "properties": {
        "title": "Ausbildungszentrum OTA GmbH",
        "ref": "11E14",
        "type": "Sonstige Ergänzungsschule ( privat )",
        "street": "Josef-Orlopp-Str. 45-49",
        "zip": "10365",
        "city": "Berlin",
        "district": "Lichtenberg",
        "center": [
          13.409779,
          52.520645
        ],
        "additions": []
      },
      "geometry": {
        "type": "Point",
        "coordinates": [
          13.409779,
          52.520645
        ]
      }
    },
    {
      "type": "Feature",
      "properties": {
        "title": "Aziz-Nesin-Grundschule",
        "ref": "02G33",
        "type": "Grundschule ( öffentlich )",
        "street": "Urbanstr. 15",
        "zip": "10961",
        "city": "Berlin",
        "district": "Kreuzberg",
        "center": [
          13.40577,
          52.4933
        ],
        "additions": [
          "Barrierefreie Toilette vorhanden, Behindertenparkplatz vorhanden, Fahrstuhl vorhanden, Zugang über Rampe möglich"
        ]
      },
      "geometry": {
        "type": "Point",
        "coordinates": [
          13.40577,
          52.4933
        ]
      }
    },
    {
      "type": "Feature",
      "properties": {
        "title": "B.-Traven-Gemeinschaftsschule",
        "ref": "05K05",
        "type": "Gemeinschaftsschule ( öffentlich )",
        "street": "Recklinghauser Weg 26",
        "zip": "13583",
        "city": "Berlin",
        "district": "Falkenhagener Feld",
        "center": [
          13.409779,
          52.520645
        ],
        "additions": []
      },
      "geometry": {
        "type": "Point",
        "coordinates": [
          13.409779,
          52.520645
        ]
      }
    },
    {
      "type": "Feature",
      "properties": {
        "title": "Ballett Centrum Kurfürstendamm Karree Musical Schule",
        "ref": "04E13",
        "type": "Künstlerische Schule ( privat )",
        "street": "Kurfürstendamm 207-208",
        "zip": "10719",
        "city": "Berlin",
        "district": "Charlottenburg",
        "center": [
          13.409779,
          52.520645
        ],
        "additions": []
      },
      "geometry": {
        "type": "Point",
        "coordinates": [
          13.409779,
          52.520645
        ]
      }
    },
    {
      "type": "Feature",
      "properties": {
        "title": "Barnim-Gymnasium",
        "ref": "11Y09",
        "type": "Gymnasien ( öffentlich )",
        "street": "Ahrensfelder Chaussee 41",
        "zip": "13057",
        "city": "Berlin",
        "district": "Falkenberg",
        "center": [
          13.409779,
          52.520645
        ],
        "additions": [
          "Barrierefreie Toilette vorhanden, Behindertenparkplatz vorhanden, Fahrstuhl vorhanden, Zugang über Rampe möglich"
        ]
      },
      "geometry": {
        "type": "Point",
        "coordinates": [
          13.409779,
          52.520645
        ]
      }
    },
    {
      "type": "Feature",
      "properties": {
        "title": "BBA-Akademie für Immobilienwirtschaft e.V.",
        "ref": "07P21",
        "type": "Berufsschule ( privat )",
        "street": "Hauptstr. 78-79",
        "zip": "12159",
        "city": "Berlin",
        "district": "Friedenau",
        "center": [
          13.409779,
          52.520645
        ],
        "additions": []
      },
      "geometry": {
        "type": "Point",
        "coordinates": [
          13.409779,
          52.520645
        ]
      }
    },
    {
      "type": "Feature",
      "properties": {
        "title": "bbw Akademie für Betriebswirtschaftliche Weiterbildung GmbH",
        "ref": "11P02",
        "type": "Berufsschule ( privat )",
        "street": "Otto-Schmirgal-Str. 3",
        "zip": "10319",
        "city": "Berlin",
        "district": "Friedrichsfelde",
        "center": [
          13.409779,
          52.520645
        ],
        "additions": [
          "Barrierefreie Toilette vorhanden, Fahrstuhl vorhanden, Zugang über Rampe möglich"
        ]
      },
      "geometry": {
        "type": "Point",
        "coordinates": [
          13.409779,
          52.520645
        ]
      }
    },
    {
      "type": "Feature",
      "properties": {
        "title": "bbw Akademie für Betriebswirtschaftliche Weiterbildung GmbH",
        "ref": "11P02",
        "type": "Berufsfachschule ( privat )",
        "street": "Otto-Schmirgal-Str. 3",
        "zip": "10319",
        "city": "Berlin",
        "district": "Friedrichsfelde",
        "center": [
          13.409779,
          52.520645
        ],
        "additions": [
          "Barrierefreie Toilette vorhanden, Fahrstuhl vorhanden, Zugang über Rampe möglich"
        ]
      },
      "geometry": {
        "type": "Point",
        "coordinates": [
          13.409779,
          52.520645
        ]
      }
    },
    {
      "type": "Feature",
      "properties": {
        "title": "bbw Akademie für Betriebswirtschaftliche Weiterbildung GmbH",
        "ref": "11P02",
        "type": "Fachschule ( privat )",
        "street": "Otto-Schmirgal-Str. 3",
        "zip": "10319",
        "city": "Berlin",
        "district": "Friedrichsfelde",
        "center": [
          13.409779,
          52.520645
        ],
        "additions": [
          "Barrierefreie Toilette vorhanden, Fahrstuhl vorhanden, Zugang über Rampe möglich"
        ]
      },
      "geometry": {
        "type": "Point",
        "coordinates": [
          13.409779,
          52.520645
        ]
      }
    },
    {
      "type": "Feature",
      "properties": {
        "title": "bbw Akademie für Betriebswirtschaftliche Weiterbildung GmbH",
        "ref": "10E04",
        "type": "Sonstige Ergänzungsschule ( privat )",
        "street": "Allee der Kosmonauten 33B",
        "zip": "12681",
        "city": "Berlin",
        "district": "Marzahn",
        "center": [
          13.409779,
          52.520645
        ],
        "additions": []
      },
      "geometry": {
        "type": "Point",
        "coordinates": [
          13.409779,
          52.520645
        ]
      }
    },
    {
      "type": "Feature",
      "properties": {
        "title": "bbw Akademie für Betriebswirtschaftliche Weiterbildung GmbH",
        "ref": "11E06",
        "type": "Wirtschafts- u. Verwaltungsschule ( privat )",
        "street": "Rheinpfalzallee 82",
        "zip": "10318",
        "city": "Berlin",
        "district": "Karlshorst",
        "center": [
          13.409779,
          52.520645
        ],
        "additions": []
      },
      "geometry": {
        "type": "Point",
        "coordinates": [
          13.409779,
          52.520645
        ]
      }
    },
    {
      "type": "Feature",
      "properties": {
        "title": "Beatrix-Potter-Grundschule",
        "ref": "10G17",
        "type": "Grundschule ( öffentlich )",
        "street": "Ludwigsfelder Str. 7",
        "zip": "12629",
        "city": "Berlin",
        "district": "Hellersdorf",
        "center": [
          13.58944,
          52.54677
        ],
        "additions": [
          "Zugang über Rampe möglich"
        ]
      },
      "geometry": {
        "type": "Point",
        "coordinates": [
          13.58944,
          52.54677
        ]
      }
    },
    {
      "type": "Feature",
      "properties": {
        "title": "Beethoven-Gymnasium",
        "ref": "06Y06",
        "type": "Gymnasien ( öffentlich )",
        "street": "Barbarastr. 9",
        "zip": "12249",
        "city": "Berlin",
        "district": "Lankwitz",
        "center": [
          13.409779,
          52.520645
        ],
        "additions": [
          "Barrierefreie Toilette vorhanden, Zugang über Rampe möglich"
        ]
      },
      "geometry": {
        "type": "Point",
        "coordinates": [
          13.409779,
          52.520645
        ]
      }
    },
    {
      "type": "Feature",
      "properties": {
        "title": "Benjamin-Franklin-Schule (Integrierte Sekundarschule)",
        "ref": "12K06",
        "type": "Integrierte Sekundarschule ( öffentlich )",
        "street": "Sommerfelder Str. 5-7",
        "zip": "13509",
        "city": "Berlin",
        "district": "Wittenau",
        "center": [
          13.409779,
          52.520645
        ],
        "additions": []
      },
      "geometry": {
        "type": "Point",
        "coordinates": [
          13.409779,
          52.520645
        ]
      }
    },
    {
      "type": "Feature",
      "properties": {
        "title": "Bergmannkiez-Gemeinschaftsschule",
        "ref": "02K04",
        "type": "Gemeinschaftsschule ( öffentlich )",
        "street": "Gneisenaustr. 7",
        "zip": "10961",
        "city": "Berlin",
        "district": "Kreuzberg",
        "center": [
          13.409779,
          52.520645
        ],
        "additions": [
          "Behindertenparkplatz vorhanden"
        ]
      },
      "geometry": {
        "type": "Point",
        "coordinates": [
          13.409779,
          52.520645
        ]
      }
    },
    {
      "type": "Feature",
      "properties": {
        "title": "Berlin Bilingual School (Grundschule)",
        "ref": "02P11",
        "type": "Grundschule ( privat )",
        "street": "Weinstr. 1",
        "zip": "10249",
        "city": "Berlin",
        "district": "Friedrichshain",
        "center": [
          13.42539,
          52.52524
        ],
        "additions": []
      },
      "geometry": {
        "type": "Point",
        "coordinates": [
          13.42539,
          52.52524
        ]
      }
    },
    {
      "type": "Feature",
      "properties": {
        "title": "Berlin Bilingual School (Integrierte Sekundarschule)",
        "ref": "03P37",
        "type": "Integrierte Sekundarschule ( privat )",
        "street": "Granitzstr. 38A",
        "zip": "13189",
        "city": "Berlin",
        "district": "Pankow",
        "center": [
          13.409779,
          52.520645
        ],
        "additions": []
      },
      "geometry": {
        "type": "Point",
        "coordinates": [
          13.409779,
          52.520645
        ]
      }
    },
    {
      "type": "Feature",
      "properties": {
        "title": "Berlin British School - Internationale Ergänzungsschule",
        "ref": "04E32",
        "type": "Sonstige Ergänzungsschule ( privat )",
        "street": "Dickensweg 17-19",
        "zip": "14055",
        "city": "Berlin",
        "district": "Westend",
        "center": [
          13.409779,
          52.520645
        ],
        "additions": []
      },
      "geometry": {
        "type": "Point",
        "coordinates": [
          13.409779,
          52.520645
        ]
      }
    },
    {
      "type": "Feature",
      "properties": {
        "title": "Berlin British School (Grundschule)",
        "ref": "04P39",
        "type": "Grundschule ( privat )",
        "street": "Dickensweg 17-19",
        "zip": "14055",
        "city": "Berlin",
        "district": "Westend",
        "center": [
          13.23674,
          52.50875
        ],
        "additions": [
          "Filiale: Am Postfenn 31, 14055 Berlin"
        ]
      },
      "geometry": {
        "type": "Point",
        "coordinates": [
          13.23674,
          52.50875
        ]
      }
    },
    {
      "type": "Feature",
      "properties": {
        "title": "Berlin British School (Integrierte Sekundarschule)",
        "ref": "04P40",
        "type": "Integrierte Sekundarschule ( privat )",
        "street": "Am Postfenn 31",
        "zip": "14055",
        "city": "Berlin",
        "district": "Grunewald",
        "center": [
          13.409779,
          52.520645
        ],
        "additions": []
      },
      "geometry": {
        "type": "Point",
        "coordinates": [
          13.409779,
          52.520645
        ]
      }
    },
    {
      "type": "Feature",
      "properties": {
        "title": "Berlin Cosmopolitan School",
        "ref": "01P22",
        "type": "Gymnasien ( privat )",
        "street": "Rückerstr. 9",
        "zip": "10119",
        "city": "Berlin",
        "district": "Mitte",
        "center": [
          13.409779,
          52.520645
        ],
        "additions": []
      },
      "geometry": {
        "type": "Point",
        "coordinates": [
          13.409779,
          52.520645
        ]
      }
    },
    {
      "type": "Feature",
      "properties": {
        "title": "Berlin Cosmopolitan School",
        "ref": "01P22",
        "type": "Grundschule ( privat )",
        "street": "Rückerstr. 9",
        "zip": "10119",
        "city": "Berlin",
        "district": "Mitte",
        "center": [
          13.40669,
          52.52775
        ],
        "additions": []
      },
      "geometry": {
        "type": "Point",
        "coordinates": [
          13.40669,
          52.52775
        ]
      }
    },
    {
      "type": "Feature",
      "properties": {
        "title": "Berlin Dance Institute",
        "ref": "07E32",
        "type": "Künstlerische Schule ( privat )",
        "street": "Egelingzeile 6",
        "zip": "12103",
        "city": "Berlin",
        "district": "Schöneberg",
        "center": [
          13.409779,
          52.520645
        ],
        "additions": []
      },
      "geometry": {
        "type": "Point",
        "coordinates": [
          13.409779,
          52.520645
        ]
      }
    },
    {
      "type": "Feature",
      "properties": {
        "title": "Berlin Metropolitan School",
        "ref": "01E34",
        "type": "Sonstige Ergänzungsschule ( privat )",
        "street": "Linienstr. 122-124",
        "zip": "10115",
        "city": "Berlin",
        "district": "Mitte",
        "center": [
          13.409779,
          52.520645
        ],
        "additions": []
      },
      "geometry": {
        "type": "Point",
        "coordinates": [
          13.409779,
          52.520645
        ]
      }
    },
    {
      "type": "Feature",
      "properties": {
        "title": "Berlin Metropolitan School (Integrierte Sekundarschule)",
        "ref": "01P16",
        "type": "Integrierte Sekundarschule ( privat )",
        "street": "Linienstr. 122",
        "zip": "10115",
        "city": "Berlin",
        "district": "Mitte",
        "center": [
          13.409779,
          52.520645
        ],
        "additions": []
      },
      "geometry": {
        "type": "Point",
        "coordinates": [
          13.409779,
          52.520645
        ]
      }
    },
    {
      "type": "Feature",
      "properties": {
        "title": "Berlin Metropolitan School (Integrierte Sekundarschule)",
        "ref": "01P16",
        "type": "Grundschule ( privat )",
        "street": "Linienstr. 122",
        "zip": "10115",
        "city": "Berlin",
        "district": "Mitte",
        "center": [
          13.39042,
          52.52691
        ],
        "additions": []
      },
      "geometry": {
        "type": "Point",
        "coordinates": [
          13.39042,
          52.52691
        ]
      }
    },
    {
      "type": "Feature",
      "properties": {
        "title": "Berlin School of Dance",
        "ref": "04E30",
        "type": "Künstlerische Schule ( privat )",
        "street": "Wilhelmsaue 22",
        "zip": "10715",
        "city": "Berlin",
        "district": "Wilmersdorf",
        "center": [
          13.409779,
          52.520645
        ],
        "additions": []
      },
      "geometry": {
        "type": "Point",
        "coordinates": [
          13.409779,
          52.520645
        ]
      }
    },
    {
      "type": "Feature",
      "properties": {
        "title": "Berliner Schule für Schauspiel",
        "ref": "02E04",
        "type": "Künstlerische Schule ( privat )",
        "street": "Boxhagener Str. 18",
        "zip": "10245",
        "city": "Berlin",
        "district": "Friedrichshain",
        "center": [
          13.409779,
          52.520645
        ],
        "additions": []
      },
      "geometry": {
        "type": "Point",
        "coordinates": [
          13.409779,
          52.520645
        ]
      }
    },
    {
      "type": "Feature",
      "properties": {
        "title": "Berlin-Kolleg-Schöneberg",
        "ref": "07A05",
        "type": "Zweiter Bildungsweg ( öffentlich )",
        "street": "Nürnberger Str. 63",
        "zip": "10787",
        "city": "Berlin",
        "district": "Schöneberg",
        "center": [
          13.409779,
          52.520645
        ],
        "additions": [
          "Behindertenparkplatz vorhanden"
        ]
      },
      "geometry": {
        "type": "Point",
        "coordinates": [
          13.409779,
          52.520645
        ]
      }
    },
    {
      "type": "Feature",
      "properties": {
        "title": "Bernd-Ryke-Grundschule",
        "ref": "05G13",
        "type": "Grundschule ( öffentlich )",
        "street": "Daumstr. 12",
        "zip": "13599",
        "city": "Berlin",
        "district": "Haselhorst",
        "center": [
          13.23273,
          52.54451
        ],
        "additions": [
          "Zugang über Rampe möglich"
        ]
      },
      "geometry": {
        "type": "Point",
        "coordinates": [
          13.23273,
          52.54451
        ]
      }
    },
    {
      "type": "Feature",
      "properties": {
        "title": "Bernd-Ryke-Grundschule",
        "ref": "05G13",
        "type": "Förderschwerp. - Übrige ( öffentlich )",
        "street": "Daumstr. 12",
        "zip": "13599",
        "city": "Berlin",
        "district": "Haselhorst",
        "center": [
          13.409779,
          52.520645
        ],
        "additions": [
          "Zugang über Rampe möglich"
        ]
      },
      "geometry": {
        "type": "Point",
        "coordinates": [
          13.409779,
          52.520645
        ]
      }
    },
    {
      "type": "Feature",
      "properties": {
        "title": "Bernhard-Grzimek-Schule (Grundschule)",
        "ref": "11G11",
        "type": "Grundschule ( öffentlich )",
        "street": "Sewanstr. 184",
        "zip": "10319",
        "city": "Berlin",
        "district": "Friedrichsfelde",
        "center": [
          13.51206,
          52.49568
        ],
        "additions": []
      },
      "geometry": {
        "type": "Point",
        "coordinates": [
          13.51206,
          52.49568
        ]
      }
    },
    {
      "type": "Feature",
      "properties": {
        "title": "Bertolt-Brecht-Oberschule (Integrierte Sekundarschule)",
        "ref": "05K03",
        "type": "Integrierte Sekundarschule ( öffentlich )",
        "street": "Wilhelmstr. 10",
        "zip": "13595",
        "city": "Berlin",
        "district": "Wilhelmstadt",
        "center": [
          13.409779,
          52.520645
        ],
        "additions": [
          "Barrierefreie Toilette vorhanden, Behindertenparkplatz vorhanden, Fahrstuhl vorhanden"
        ]
      },
      "geometry": {
        "type": "Point",
        "coordinates": [
          13.409779,
          52.520645
        ]
      }
    },
    {
      "type": "Feature",
      "properties": {
        "title": "Berufliche Schule für Sozialwesen Pankow",
        "ref": "03B02",
        "type": "Fachoberschule ( öffentlich )",
        "street": "Erbeskopfweg 6-10",
        "zip": "13158",
        "city": "Berlin",
        "district": "Rosenthal",
        "center": [
          13.409779,
          52.520645
        ],
        "additions": [
          "Barrierefreie Toilette vorhanden, Behindertenparkplatz vorhanden, Fahrstuhl vorhanden, Zugang über Rampe möglich"
        ]
      },
      "geometry": {
        "type": "Point",
        "coordinates": [
          13.409779,
          52.520645
        ]
      }
    },
    {
      "type": "Feature",
      "properties": {
        "title": "Berufliche Schule für Sozialwesen Pankow",
        "ref": "03B02",
        "type": "Fachschule ( öffentlich )",
        "street": "Erbeskopfweg 6-10",
        "zip": "13158",
        "city": "Berlin",
        "district": "Rosenthal",
        "center": [
          13.409779,
          52.520645
        ],
        "additions": [
          "Barrierefreie Toilette vorhanden, Behindertenparkplatz vorhanden, Fahrstuhl vorhanden, Zugang über Rampe möglich"
        ]
      },
      "geometry": {
        "type": "Point",
        "coordinates": [
          13.409779,
          52.520645
        ]
      }
    },
    {
      "type": "Feature",
      "properties": {
        "title": "Berufliche Schule für Sozialwesen Pankow",
        "ref": "03B02",
        "type": "Berufsfachschule ( öffentlich )",
        "street": "Erbeskopfweg 6-10",
        "zip": "13158",
        "city": "Berlin",
        "district": "Rosenthal",
        "center": [
          13.409779,
          52.520645
        ],
        "additions": [
          "Barrierefreie Toilette vorhanden, Behindertenparkplatz vorhanden, Fahrstuhl vorhanden, Zugang über Rampe möglich"
        ]
      },
      "geometry": {
        "type": "Point",
        "coordinates": [
          13.409779,
          52.520645
        ]
      }
    },
    {
      "type": "Feature",
      "properties": {
        "title": "Berufliche Schule für Sozialwesen Pankow",
        "ref": "03B02",
        "type": "Berufsschule ( öffentlich )",
        "street": "Erbeskopfweg 6-10",
        "zip": "13158",
        "city": "Berlin",
        "district": "Rosenthal",
        "center": [
          13.409779,
          52.520645
        ],
        "additions": [
          "Barrierefreie Toilette vorhanden, Behindertenparkplatz vorhanden, Fahrstuhl vorhanden, Zugang über Rampe möglich"
        ]
      },
      "geometry": {
        "type": "Point",
        "coordinates": [
          13.409779,
          52.520645
        ]
      }
    },
    {
      "type": "Feature",
      "properties": {
        "title": "Berufsbildungszentrum Chemie",
        "ref": "09P11",
        "type": "Fachschule ( privat )",
        "street": "Adlergestell 333",
        "zip": "12489",
        "city": "Berlin",
        "district": "Adlershof",
        "center": [
          13.409779,
          52.520645
        ],
        "additions": []
      },
      "geometry": {
        "type": "Point",
        "coordinates": [
          13.409779,
          52.520645
        ]
      }
    },
    {
      "type": "Feature",
      "properties": {
        "title": "Berufsfachschule  Paulo Freire im Zentrum ÜBERLEBEN",
        "ref": "01P40",
        "type": "Berufsfachschule ( privat )",
        "street": "Turmstr. 21",
        "zip": "10559",
        "city": "Berlin",
        "district": "Moabit",
        "center": [
          13.409779,
          52.520645
        ],
        "additions": []
      },
      "geometry": {
        "type": "Point",
        "coordinates": [
          13.409779,
          52.520645
        ]
      }
    },
    {
      "type": "Feature",
      "properties": {
        "title": "BEST-Sabel Berufsakademie",
        "ref": "01P14",
        "type": "Berufsfachschule ( privat )",
        "street": "Littenstr. 109",
        "zip": "10179",
        "city": "Berlin",
        "district": "Mitte",
        "center": [
          13.409779,
          52.520645
        ],
        "additions": []
      },
      "geometry": {
        "type": "Point",
        "coordinates": [
          13.409779,
          52.520645
        ]
      }
    },
    {
      "type": "Feature",
      "properties": {
        "title": "BEST-Sabel Berufsakademie",
        "ref": "01P14",
        "type": "Fachschule ( privat )",
        "street": "Littenstr. 109",
        "zip": "10179",
        "city": "Berlin",
        "district": "Mitte",
        "center": [
          13.409779,
          52.520645
        ],
        "additions": []
      },
      "geometry": {
        "type": "Point",
        "coordinates": [
          13.409779,
          52.520645
        ]
      }
    },
    {
      "type": "Feature",
      "properties": {
        "title": "BEST-Sabel Berufsakademie",
        "ref": "09P22",
        "type": "Fachoberschule ( privat )",
        "street": "Lindenstr. 42",
        "zip": "12555",
        "city": "Berlin",
        "district": "Köpenick",
        "center": [
          13.409779,
          52.520645
        ],
        "additions": []
      },
      "geometry": {
        "type": "Point",
        "coordinates": [
          13.409779,
          52.520645
        ]
      }
    },
    {
      "type": "Feature",
      "properties": {
        "title": "BEST-Sabel-Grundschule Kaulsdorf",
        "ref": "10P13",
        "type": "Grundschule ( privat )",
        "street": "Wernerstr. 48",
        "zip": "12619",
        "city": "Berlin",
        "district": "Kaulsdorf",
        "center": [
          13.60064,
          52.51932
        ],
        "additions": []
      },
      "geometry": {
        "type": "Point",
        "coordinates": [
          13.60064,
          52.51932
        ]
      }
    },
    {
      "type": "Feature",
      "properties": {
        "title": "BEST-Sabel-Grundschule Mahlsdorf",
        "ref": "10P05",
        "type": "Grundschule ( privat )",
        "street": "Erich-Baron-Weg 118",
        "zip": "12623",
        "city": "Berlin",
        "district": "Mahlsdorf",
        "center": [
          13.60554,
          52.48246
        ],
        "additions": []
      },
      "geometry": {
        "type": "Point",
        "coordinates": [
          13.60554,
          52.48246
        ]
      }
    },
    {
      "type": "Feature",
      "properties": {
        "title": "BEST-Sabel-Oberschule",
        "ref": "09P09",
        "type": "Gymnasien ( privat )",
        "street": "Lindenstr. 1",
        "zip": "12555",
        "city": "Berlin",
        "district": "Köpenick",
        "center": [
          13.409779,
          52.520645
        ],
        "additions": []
      },
      "geometry": {
        "type": "Point",
        "coordinates": [
          13.409779,
          52.520645
        ]
      }
    },
    {
      "type": "Feature",
      "properties": {
        "title": "BEST-Sabel-Oberschule",
        "ref": "09P09",
        "type": "Integrierte Sekundarschule ( privat )",
        "street": "Lindenstr. 1",
        "zip": "12555",
        "city": "Berlin",
        "district": "Köpenick",
        "center": [
          13.409779,
          52.520645
        ],
        "additions": []
      },
      "geometry": {
        "type": "Point",
        "coordinates": [
          13.409779,
          52.520645
        ]
      }
    },
    {
      "type": "Feature",
      "properties": {
        "title": "Bettina-von-Arnim-Schule",
        "ref": "12K02",
        "type": "Integrierte Sekundarschule ( öffentlich )",
        "street": "Senftenberger Ring 49",
        "zip": "13435",
        "city": "Berlin",
        "district": "Märkisches Viertel",
        "center": [
          13.409779,
          52.520645
        ],
        "additions": [
          "Barrierefreie Toilette vorhanden, Fahrstuhl vorhanden, Zugang über Rampe möglich"
        ]
      },
      "geometry": {
        "type": "Point",
        "coordinates": [
          13.409779,
          52.520645
        ]
      }
    },
    {
      "type": "Feature",
      "properties": {
        "title": "Bewegte Schule Köpenick (Grundschule)",
        "ref": "09P10",
        "type": "Grundschule ( privat )",
        "street": "Lindenstr. 26",
        "zip": "12555",
        "city": "Berlin",
        "district": "Köpenick",
        "center": [
          13.56792,
          52.45392
        ],
        "additions": []
      },
      "geometry": {
        "type": "Point",
        "coordinates": [
          13.56792,
          52.45392
        ]
      }
    },
    {
      "type": "Feature",
      "properties": {
        "title": "Biesalski-Schule",
        "ref": "06S02",
        "type": "Berufsschule mit sonderpäd. Aufgaben ( öffentlich )",
        "street": "Hüttenweg 40",
        "zip": "14195",
        "city": "Berlin",
        "district": "Dahlem",
        "center": [
          13.409779,
          52.520645
        ],
        "additions": [
          "Barrierefreie Toilette vorhanden, Behindertenparkplatz vorhanden, Zugang über Rampe möglich"
        ]
      },
      "geometry": {
        "type": "Point",
        "coordinates": [
          13.409779,
          52.520645
        ]
      }
    },
    {
      "type": "Feature",
      "properties": {
        "title": "Biesalski-Schule",
        "ref": "06S02",
        "type": "Förderschwerp. - Übrige ( öffentlich )",
        "street": "Hüttenweg 40",
        "zip": "14195",
        "city": "Berlin",
        "district": "Dahlem",
        "center": [
          13.409779,
          52.520645
        ],
        "additions": [
          "Barrierefreie Toilette vorhanden, Behindertenparkplatz vorhanden, Zugang über Rampe möglich"
        ]
      },
      "geometry": {
        "type": "Point",
        "coordinates": [
          13.409779,
          52.520645
        ]
      }
    },
    {
      "type": "Feature",
      "properties": {
        "title": "Bilinguale Schule Phorms Berlin Mitte",
        "ref": "01P18",
        "type": "Gymnasien ( privat )",
        "street": "Ackerstr. 76",
        "zip": "13355",
        "city": "Berlin",
        "district": "Gesundbrunnen",
        "center": [
          13.409779,
          52.520645
        ],
        "additions": [
          "Barrierefreie Toilette vorhanden, Fahrstuhl vorhanden, Zugang über Rampe möglich"
        ]
      },
      "geometry": {
        "type": "Point",
        "coordinates": [
          13.409779,
          52.520645
        ]
      }
    },
    {
      "type": "Feature",
      "properties": {
        "title": "Bilinguale Schule Phorms Berlin Mitte",
        "ref": "01P18",
        "type": "Grundschule ( privat )",
        "street": "Ackerstr. 76",
        "zip": "13355",
        "city": "Berlin",
        "district": "Gesundbrunnen",
        "center": [
          13.3849476,
          52.5389505
        ],
        "additions": [
          "Barrierefreie Toilette vorhanden, Fahrstuhl vorhanden, Zugang über Rampe möglich"
        ]
      },
      "geometry": {
        "type": "Point",
        "coordinates": [
          13.3849476,
          52.5389505
        ]
      }
    },
    {
      "type": "Feature",
      "properties": {
        "title": "Bilinguale Schule Phorms Berlin Prenzlauer Berg (Grundschule)",
        "ref": "03P47",
        "type": "Grundschule ( privat )",
        "street": "Hermann-Blankenstein-Str. 16",
        "zip": "10249",
        "city": "Berlin",
        "district": "Prenzlauer Berg",
        "center": [
          13.4563824,
          52.5269048
        ],
        "additions": []
      },
      "geometry": {
        "type": "Point",
        "coordinates": [
          13.4563824,
          52.5269048
        ]
      }
    },
    {
      "type": "Feature",
      "properties": {
        "title": "Bilinguale Schule Phorms Berlin Süd",
        "ref": "06P18",
        "type": "Grundschule ( privat )",
        "street": "Harry-S.-Truman-Allee 3",
        "zip": "14167",
        "city": "Berlin",
        "district": "Lichterfelde",
        "center": [
          13.28213,
          52.42106
        ],
        "additions": [
          "Barrierefreie Toilette vorhanden, Behindertenparkplatz vorhanden, Fahrstuhl vorhanden, Zugang über Rampe möglich"
        ]
      },
      "geometry": {
        "type": "Point",
        "coordinates": [
          13.28213,
          52.42106
        ]
      }
    },
    {
      "type": "Feature",
      "properties": {
        "title": "Bilinguale Schule Phorms Berlin Süd",
        "ref": "06P18",
        "type": "Gymnasien ( privat )",
        "street": "Harry-S.-Truman-Allee 3",
        "zip": "14167",
        "city": "Berlin",
        "district": "Lichterfelde",
        "center": [
          13.409779,
          52.520645
        ],
        "additions": [
          "Barrierefreie Toilette vorhanden, Behindertenparkplatz vorhanden, Fahrstuhl vorhanden, Zugang über Rampe möglich"
        ]
      },
      "geometry": {
        "type": "Point",
        "coordinates": [
          13.409779,
          52.520645
        ]
      }
    },
    {
      "type": "Feature",
      "properties": {
        "title": "Birger-Forell-Grundschule",
        "ref": "04G26",
        "type": "Grundschule ( öffentlich )",
        "street": "Koblenzer Str. 22-24",
        "zip": "10715",
        "city": "Berlin",
        "district": "Wilmersdorf",
        "center": [
          13.32194,
          52.4805
        ],
        "additions": []
      },
      "geometry": {
        "type": "Point",
        "coordinates": [
          13.32194,
          52.4805
        ]
      }
    },
    {
      "type": "Feature",
      "properties": {
        "title": "Birken-Grundschule",
        "ref": "05G30",
        "type": "Grundschule ( öffentlich )",
        "street": "Hügelschanze 8",
        "zip": "13585",
        "city": "Berlin",
        "district": "Spandau",
        "center": [
          13.1973,
          52.54854
        ],
        "additions": []
      },
      "geometry": {
        "type": "Point",
        "coordinates": [
          13.1973,
          52.54854
        ]
      }
    },
    {
      "type": "Feature",
      "properties": {
        "title": "Blumen-Grundschule",
        "ref": "02G36",
        "type": "Grundschule ( öffentlich )",
        "street": "Andreasstr. 52",
        "zip": "10243",
        "city": "Berlin",
        "district": "Friedrichshain",
        "center": [
          13.43146,
          52.51628
        ],
        "additions": []
      },
      "geometry": {
        "type": "Point",
        "coordinates": [
          13.43146,
          52.51628
        ]
      }
    },
    {
      "type": "Feature",
      "properties": {
        "title": "Blumen-Grundschule",
        "ref": "02G36",
        "type": "Förderschwerp. - Übrige ( öffentlich )",
        "street": "Andreasstr. 52",
        "zip": "10243",
        "city": "Berlin",
        "district": "Friedrichshain",
        "center": [
          13.409779,
          52.520645
        ],
        "additions": []
      },
      "geometry": {
        "type": "Point",
        "coordinates": [
          13.409779,
          52.520645
        ]
      }
    },
    {
      "type": "Feature",
      "properties": {
        "title": "BmU-Wirtschafts- und Steuerfachschule für den Mittelstand",
        "ref": "11E13",
        "type": "Wirtschafts- u. Verwaltungsschule ( privat )",
        "street": "Franz-Jacob-Str. 2C",
        "zip": "10369",
        "city": "Berlin",
        "district": "Fennpfuhl",
        "center": [
          13.409779,
          52.520645
        ],
        "additions": [
          "Behindertenparkplatz vorhanden, Fahrstuhl vorhanden, Zugang über Rampe möglich"
        ]
      },
      "geometry": {
        "type": "Point",
        "coordinates": [
          13.409779,
          52.520645
        ]
      }
    },
    {
      "type": "Feature",
      "properties": {
        "title": "Bornholmer Grundschule",
        "ref": "03G14",
        "type": "Grundschule ( öffentlich )",
        "street": "Ibsenstr. 17",
        "zip": "10439",
        "city": "Berlin",
        "district": "Prenzlauer Berg",
        "center": [
          13.40773,
          52.55562
        ],
        "additions": []
      },
      "geometry": {
        "type": "Point",
        "coordinates": [
          13.40773,
          52.55562
        ]
      }
    },
    {
      "type": "Feature",
      "properties": {
        "title": "Borsigwalder Grundschule",
        "ref": "12G12",
        "type": "Grundschule ( öffentlich )",
        "street": "Miraustr. 100",
        "zip": "13509",
        "city": "Berlin",
        "district": "Wittenau",
        "center": [
          13.30506,
          52.58798
        ],
        "additions": [
          "Zugang über Rampe möglich"
        ]
      },
      "geometry": {
        "type": "Point",
        "coordinates": [
          13.30506,
          52.58798
        ]
      }
    },
    {
      "type": "Feature",
      "properties": {
        "title": "Bötzow-Grundschule",
        "ref": "03G06",
        "type": "Grundschule ( öffentlich )",
        "street": "John-Schehr-Str. 38",
        "zip": "10407",
        "city": "Berlin",
        "district": "Prenzlauer Berg",
        "center": [
          13.43945,
          52.53495
        ],
        "additions": [
          "Barrierefreie Toilette vorhanden, Zugang über Rampe möglich"
        ]
      },
      "geometry": {
        "type": "Point",
        "coordinates": [
          13.43945,
          52.53495
        ]
      }
    },
    {
      "type": "Feature",
      "properties": {
        "title": "Bouché-Schule (Grundschule)",
        "ref": "09G01",
        "type": "Grundschule ( öffentlich )",
        "street": "Bouchéstr. 5",
        "zip": "12435",
        "city": "Berlin",
        "district": "Alt-Treptow",
        "center": [
          13.45275,
          52.49334
        ],
        "additions": [
          "Behindertenparkplatz vorhanden"
        ]
      },
      "geometry": {
        "type": "Point",
        "coordinates": [
          13.45275,
          52.49334
        ]
      }
    },
    {
      "type": "Feature",
      "properties": {
        "title": "Brillat-Savarin-Schule (OSZ Gastgewerbe)",
        "ref": "03B04",
        "type": "Berufsschule ( öffentlich )",
        "street": "Buschallee 23A",
        "zip": "13088",
        "city": "Berlin",
        "district": "Weißensee",
        "center": [
          13.409779,
          52.520645
        ],
        "additions": [
          "Barrierefreie Toilette vorhanden, Behindertenparkplatz vorhanden, Fahrstuhl vorhanden, Zugang über Rampe möglich"
        ]
      },
      "geometry": {
        "type": "Point",
        "coordinates": [
          13.409779,
          52.520645
        ]
      }
    },
    {
      "type": "Feature",
      "properties": {
        "title": "Brillat-Savarin-Schule (OSZ Gastgewerbe)",
        "ref": "03B04",
        "type": "Berufsfachschule ( öffentlich )",
        "street": "Buschallee 23A",
        "zip": "13088",
        "city": "Berlin",
        "district": "Weißensee",
        "center": [
          13.409779,
          52.520645
        ],
        "additions": [
          "Barrierefreie Toilette vorhanden, Behindertenparkplatz vorhanden, Fahrstuhl vorhanden, Zugang über Rampe möglich"
        ]
      },
      "geometry": {
        "type": "Point",
        "coordinates": [
          13.409779,
          52.520645
        ]
      }
    },
    {
      "type": "Feature",
      "properties": {
        "title": "Brillat-Savarin-Schule (OSZ Gastgewerbe)",
        "ref": "03B04",
        "type": "Fachoberschule ( öffentlich )",
        "street": "Buschallee 23A",
        "zip": "13088",
        "city": "Berlin",
        "district": "Weißensee",
        "center": [
          13.409779,
          52.520645
        ],
        "additions": [
          "Barrierefreie Toilette vorhanden, Behindertenparkplatz vorhanden, Fahrstuhl vorhanden, Zugang über Rampe möglich"
        ]
      },
      "geometry": {
        "type": "Point",
        "coordinates": [
          13.409779,
          52.520645
        ]
      }
    },
    {
      "type": "Feature",
      "properties": {
        "title": "Brillat-Savarin-Schule (OSZ Gastgewerbe)",
        "ref": "03B04",
        "type": "Berufsoberschule ( öffentlich )",
        "street": "Buschallee 23A",
        "zip": "13088",
        "city": "Berlin",
        "district": "Weißensee",
        "center": [
          13.409779,
          52.520645
        ],
        "additions": [
          "Barrierefreie Toilette vorhanden, Behindertenparkplatz vorhanden, Fahrstuhl vorhanden, Zugang über Rampe möglich"
        ]
      },
      "geometry": {
        "type": "Point",
        "coordinates": [
          13.409779,
          52.520645
        ]
      }
    },
    {
      "type": "Feature",
      "properties": {
        "title": "Brillat-Savarin-Schule (OSZ Gastgewerbe)",
        "ref": "03B04",
        "type": "Berufliches Gymnasium ( öffentlich )",
        "street": "Buschallee 23A",
        "zip": "13088",
        "city": "Berlin",
        "district": "Weißensee",
        "center": [
          13.409779,
          52.520645
        ],
        "additions": [
          "Barrierefreie Toilette vorhanden, Behindertenparkplatz vorhanden, Fahrstuhl vorhanden, Zugang über Rampe möglich"
        ]
      },
      "geometry": {
        "type": "Point",
        "coordinates": [
          13.409779,
          52.520645
        ]
      }
    },
    {
      "type": "Feature",
      "properties": {
        "title": "Brillat-Savarin-Schule (OSZ Gastgewerbe)",
        "ref": "03B04",
        "type": "Fachschule ( öffentlich )",
        "street": "Buschallee 23A",
        "zip": "13088",
        "city": "Berlin",
        "district": "Weißensee",
        "center": [
          13.409779,
          52.520645
        ],
        "additions": [
          "Barrierefreie Toilette vorhanden, Behindertenparkplatz vorhanden, Fahrstuhl vorhanden, Zugang über Rampe möglich"
        ]
      },
      "geometry": {
        "type": "Point",
        "coordinates": [
          13.409779,
          52.520645
        ]
      }
    },
    {
      "type": "Feature",
      "properties": {
        "title": "Brodowin-Schule (Grundschule)",
        "ref": "11G17",
        "type": "Grundschule ( öffentlich )",
        "street": "Liebenwalder Str. 20-22",
        "zip": "13055",
        "city": "Berlin",
        "district": "Alt-Hohenschönhausen",
        "center": [
          13.50315,
          52.53622
        ],
        "additions": [
          "Barrierefreie Toilette vorhanden"
        ]
      },
      "geometry": {
        "type": "Point",
        "coordinates": [
          13.50315,
          52.53622
        ]
      }
    },
    {
      "type": "Feature",
      "properties": {
        "title": "Bröndby-Schule (Integrierte Sekundarschule)",
        "ref": "06K04",
        "type": "Integrierte Sekundarschule ( öffentlich )",
        "street": "Dessauerstr. 63",
        "zip": "12249",
        "city": "Berlin",
        "district": "Lankwitz",
        "center": [
          13.409779,
          52.520645
        ],
        "additions": [
          "Barrierefreie Toilette vorhanden, Behindertenparkplatz vorhanden, Fahrstuhl vorhanden, Zugang über Rampe möglich"
        ]
      },
      "geometry": {
        "type": "Point",
        "coordinates": [
          13.409779,
          52.520645
        ]
      }
    },
    {
      "type": "Feature",
      "properties": {
        "title": "Brüder-Grimm-Grundschule",
        "ref": "01G28",
        "type": "Grundschule ( öffentlich )",
        "street": "Tegeler Str. 18-19",
        "zip": "13353",
        "city": "Berlin",
        "district": "Wedding",
        "center": [
          13.35783,
          52.54128
        ],
        "additions": [
          "Fahrstuhl vorhanden, Zugang über Rampe möglich"
        ]
      },
      "geometry": {
        "type": "Point",
        "coordinates": [
          13.35783,
          52.54128
        ]
      }
    },
    {
      "type": "Feature",
      "properties": {
        "title": "Bruno-H.-Bürgel-Grundschule",
        "ref": "07G32",
        "type": "Grundschule ( öffentlich )",
        "street": "Rackebüller Weg 70",
        "zip": "12305",
        "city": "Berlin",
        "district": "Lichtenrade",
        "center": [
          13.4025,
          52.40492
        ],
        "additions": []
      },
      "geometry": {
        "type": "Point",
        "coordinates": [
          13.4025,
          52.40492
        ]
      }
    },
    {
      "type": "Feature",
      "properties": {
        "title": "Bruno-Taut-Schule (Grundschule)",
        "ref": "08G13",
        "type": "Grundschule ( öffentlich )",
        "street": "Bruno-Taut-Ring 9C",
        "zip": "12359",
        "city": "Berlin",
        "district": "Britz",
        "center": [
          13.44894,
          52.43993
        ],
        "additions": [
          "Barrierefreie Toilette vorhanden, Behindertenparkplatz vorhanden, Zugang über Rampe möglich"
        ]
      },
      "geometry": {
        "type": "Point",
        "coordinates": [
          13.44894,
          52.43993
        ]
      }
    },
    {
      "type": "Feature",
      "properties": {
        "title": "BTB Schulzentrum gGmbH",
        "ref": "01P36",
        "type": "Berufsfachschule ( privat )",
        "street": "Alexanderstr. 5",
        "zip": "10178",
        "city": "Berlin",
        "district": "Mitte",
        "center": [
          13.409779,
          52.520645
        ],
        "additions": []
      },
      "geometry": {
        "type": "Point",
        "coordinates": [
          13.409779,
          52.520645
        ]
      }
    },
    {
      "type": "Feature",
      "properties": {
        "title": "BTB Schulzentrum gGmbH",
        "ref": "01P36",
        "type": "Fachschule ( privat )",
        "street": "Alexanderstr. 5",
        "zip": "10178",
        "city": "Berlin",
        "district": "Mitte",
        "center": [
          13.409779,
          52.520645
        ],
        "additions": []
      },
      "geometry": {
        "type": "Point",
        "coordinates": [
          13.409779,
          52.520645
        ]
      }
    },
    {
      "type": "Feature",
      "properties": {
        "title": "BTB Schulzentrum gGmbH",
        "ref": "01P36",
        "type": "Berufsschule ( privat )",
        "street": "Alexanderstr. 5",
        "zip": "10178",
        "city": "Berlin",
        "district": "Mitte",
        "center": [
          13.409779,
          52.520645
        ],
        "additions": []
      },
      "geometry": {
        "type": "Point",
        "coordinates": [
          13.409779,
          52.520645
        ]
      }
    },
    {
      "type": "Feature",
      "properties": {
        "title": "b-trend.academy gGmbH",
        "ref": "08P13",
        "type": "Berufsschule ( privat )",
        "street": "Lahnstr. 19",
        "zip": "12055",
        "city": "Berlin",
        "district": "Neukölln",
        "center": [
          13.409779,
          52.520645
        ],
        "additions": []
      },
      "geometry": {
        "type": "Point",
        "coordinates": [
          13.409779,
          52.520645
        ]
      }
    },
    {
      "type": "Feature",
      "properties": {
        "title": "Bücherwurm-Schule am Weiher (Grundschule)",
        "ref": "10G19",
        "type": "Grundschule ( öffentlich )",
        "street": "Eilenburger Str. 1",
        "zip": "12627",
        "city": "Berlin",
        "district": "Hellersdorf",
        "center": [
          13.62912,
          52.54067
        ],
        "additions": []
      },
      "geometry": {
        "type": "Point",
        "coordinates": [
          13.62912,
          52.54067
        ]
      }
    },
    {
      "type": "Feature",
      "properties": {
        "title": "Bundeswehrfachschule Berlin",
        "ref": "05E05",
        "type": "Sonstige Ergänzungsschule ( öffentlich )",
        "street": "Kladower Damm 182",
        "zip": "14089",
        "city": "Berlin",
        "district": "Kladow",
        "center": [
          13.409779,
          52.520645
        ],
        "additions": []
      },
      "geometry": {
        "type": "Point",
        "coordinates": [
          13.409779,
          52.520645
        ]
      }
    },
    {
      "type": "Feature",
      "properties": {
        "title": "Bürgermeister-Herz-Grundschule",
        "ref": "02G20",
        "type": "Grundschule ( öffentlich )",
        "street": "Wilmsstr. 10",
        "zip": "10961",
        "city": "Berlin",
        "district": "Kreuzberg",
        "center": [
          13.40518,
          52.49495
        ],
        "additions": [
          "Barrierefreie Toilette vorhanden, Behindertenparkplatz vorhanden, Fahrstuhl vorhanden, Zugang über Rampe möglich"
        ]
      },
      "geometry": {
        "type": "Point",
        "coordinates": [
          13.40518,
          52.49495
        ]
      }
    },
    {
      "type": "Feature",
      "properties": {
        "title": "Bürgermeister-Ziethen-Schule (Grundschule)",
        "ref": "11G09",
        "type": "Grundschule ( öffentlich )",
        "street": "Massower Str. 39",
        "zip": "10315",
        "city": "Berlin",
        "district": "Friedrichsfelde",
        "center": [
          13.51667,
          52.50813
        ],
        "additions": []
      },
      "geometry": {
        "type": "Point",
        "coordinates": [
          13.51667,
          52.50813
        ]
      }
    },
    {
      "type": "Feature",
      "properties": {
        "title": "BWK Bildungswerk in Kreuzberg",
        "ref": "02E17",
        "type": "Sonstige Ergänzungsschule ( privat )",
        "street": "Cuvrystr. 34",
        "zip": "10997",
        "city": "Berlin",
        "district": "Kreuzberg",
        "center": [
          13.409779,
          52.520645
        ],
        "additions": []
      },
      "geometry": {
        "type": "Point",
        "coordinates": [
          13.409779,
          52.520645
        ]
      }
    },
    {
      "type": "Feature",
      "properties": {
        "title": "Campus Berufsbildung e.V.",
        "ref": "02P07",
        "type": "Berufliches Gymnasium ( privat )",
        "street": "Friedrichstr. 231",
        "zip": "10969",
        "city": "Berlin",
        "district": "Kreuzberg",
        "center": [
          13.409779,
          52.520645
        ],
        "additions": []
      },
      "geometry": {
        "type": "Point",
        "coordinates": [
          13.409779,
          52.520645
        ]
      }
    },
    {
      "type": "Feature",
      "properties": {
        "title": "Campus Berufsbildung e.V.",
        "ref": "02P07",
        "type": "Berufsfachschule ( privat )",
        "street": "Friedrichstr. 231",
        "zip": "10969",
        "city": "Berlin",
        "district": "Kreuzberg",
        "center": [
          13.409779,
          52.520645
        ],
        "additions": []
      },
      "geometry": {
        "type": "Point",
        "coordinates": [
          13.409779,
          52.520645
        ]
      }
    },
    {
      "type": "Feature",
      "properties": {
        "title": "Campus Berufsbildung e.V.",
        "ref": "02P07",
        "type": "Fachoberschule ( privat )",
        "street": "Friedrichstr. 231",
        "zip": "10969",
        "city": "Berlin",
        "district": "Kreuzberg",
        "center": [
          13.409779,
          52.520645
        ],
        "additions": []
      },
      "geometry": {
        "type": "Point",
        "coordinates": [
          13.409779,
          52.520645
        ]
      }
    },
    {
      "type": "Feature",
      "properties": {
        "title": "Campus Berufsbildung e.V.",
        "ref": "02P07",
        "type": "Berufsschule ( privat )",
        "street": "Friedrichstr. 231",
        "zip": "10969",
        "city": "Berlin",
        "district": "Kreuzberg",
        "center": [
          13.409779,
          52.520645
        ],
        "additions": []
      },
      "geometry": {
        "type": "Point",
        "coordinates": [
          13.409779,
          52.520645
        ]
      }
    },
    {
      "type": "Feature",
      "properties": {
        "title": "Campus Berufsbildung e.V.",
        "ref": "07P10",
        "type": "Berufsfachschule ( privat )",
        "street": "Geneststr. 5",
        "zip": "10829",
        "city": "Berlin",
        "district": "Schöneberg",
        "center": [
          13.409779,
          52.520645
        ],
        "additions": []
      },
      "geometry": {
        "type": "Point",
        "coordinates": [
          13.409779,
          52.520645
        ]
      }
    },
    {
      "type": "Feature",
      "properties": {
        "title": "Campus Berufsbildung e.V.",
        "ref": "07P10",
        "type": "Fachschule ( privat )",
        "street": "Geneststr. 5",
        "zip": "10829",
        "city": "Berlin",
        "district": "Schöneberg",
        "center": [
          13.409779,
          52.520645
        ],
        "additions": []
      },
      "geometry": {
        "type": "Point",
        "coordinates": [
          13.409779,
          52.520645
        ]
      }
    },
    {
      "type": "Feature",
      "properties": {
        "title": "Campus Berufsbildung e.V.",
        "ref": "04P37",
        "type": "Berufsfachschule ( privat )",
        "street": "Wilmersdorfer Str. 126-127",
        "zip": "10627",
        "city": "Berlin",
        "district": "Charlottenburg",
        "center": [
          13.409779,
          52.520645
        ],
        "additions": []
      },
      "geometry": {
        "type": "Point",
        "coordinates": [
          13.409779,
          52.520645
        ]
      }
    },
    {
      "type": "Feature",
      "properties": {
        "title": "Campus Hannah Höch (Gemeinschaftsschule)",
        "ref": "12K12",
        "type": "Gemeinschaftsschule ( öffentlich )",
        "street": "Finsterwalder Str. 52-56",
        "zip": "13435",
        "city": "Berlin",
        "district": "Märkisches Viertel",
        "center": [
          13.409779,
          52.520645
        ],
        "additions": [
          "Barrierefreie Toilette vorhanden, Fahrstuhl vorhanden, Zugang über Rampe möglich"
        ]
      },
      "geometry": {
        "type": "Point",
        "coordinates": [
          13.409779,
          52.520645
        ]
      }
    },
    {
      "type": "Feature",
      "properties": {
        "title": "CampusHealth Service GmbH",
        "ref": "04E51",
        "type": "Sonstige Ergänzungsschule ( privat )",
        "street": "Wilmersdorfer Str. 126-127",
        "zip": "10627",
        "city": "Berlin",
        "district": "Charlottenburg",
        "center": [
          13.409779,
          52.520645
        ],
        "additions": []
      },
      "geometry": {
        "type": "Point",
        "coordinates": [
          13.409779,
          52.520645
        ]
      }
    },
    {
      "type": "Feature",
      "properties": {
        "title": "Canisius-Kolleg",
        "ref": "01P06",
        "type": "Gymnasien ( privat )",
        "street": "Tiergartenstr. 30-31",
        "zip": "10785",
        "city": "Berlin",
        "district": "Tiergarten",
        "center": [
          13.409779,
          52.520645
        ],
        "additions": [
          "Barrierefreie Toilette vorhanden, Behindertenparkplatz vorhanden, Fahrstuhl vorhanden, Zugang über Rampe möglich"
        ]
      },
      "geometry": {
        "type": "Point",
        "coordinates": [
          13.409779,
          52.520645
        ]
      }
    },
    {
      "type": "Feature",
      "properties": {
        "title": "Canisius-Kolleg",
        "ref": "01P06",
        "type": "Integrierte Sekundarschule ( privat )",
        "street": "Tiergartenstr. 30-31",
        "zip": "10785",
        "city": "Berlin",
        "district": "Tiergarten",
        "center": [
          13.409779,
          52.520645
        ],
        "additions": [
          "Barrierefreie Toilette vorhanden, Behindertenparkplatz vorhanden, Fahrstuhl vorhanden, Zugang über Rampe möglich"
        ]
      },
      "geometry": {
        "type": "Point",
        "coordinates": [
          13.409779,
          52.520645
        ]
      }
    },
    {
      "type": "Feature",
      "properties": {
        "title": "Carl-Benz-Schule (Integrierte Sekundarschule)",
        "ref": "12K09",
        "type": "Integrierte Sekundarschule ( öffentlich )",
        "street": "Heidenheimer Str. 53-54",
        "zip": "13467",
        "city": "Berlin",
        "district": "Hermsdorf",
        "center": [
          13.409779,
          52.520645
        ],
        "additions": []
      },
      "geometry": {
        "type": "Point",
        "coordinates": [
          13.409779,
          52.520645
        ]
      }
    },
    {
      "type": "Feature",
      "properties": {
        "title": "Carl-Bolle-Grundschule",
        "ref": "01G18",
        "type": "Grundschule ( öffentlich )",
        "street": "Waldenserstr. 20-21",
        "zip": "10551",
        "city": "Berlin",
        "district": "Moabit",
        "center": [
          13.33226,
          52.52878
        ],
        "additions": []
      },
      "geometry": {
        "type": "Point",
        "coordinates": [
          13.33226,
          52.52878
        ]
      }
    },
    {
      "type": "Feature",
      "properties": {
        "title": "Carl-Bosch-Schule",
        "ref": "12K10",
        "type": "Integrierte Sekundarschule ( öffentlich )",
        "street": "Frohnauer Str. 74-80",
        "zip": "13467",
        "city": "Berlin",
        "district": "Hermsdorf",
        "center": [
          13.409779,
          52.520645
        ],
        "additions": [
          "Barrierefreie Toilette vorhanden, Behindertenparkplatz vorhanden, Fahrstuhl vorhanden, Fahrstuhl vorhanden"
        ]
      },
      "geometry": {
        "type": "Point",
        "coordinates": [
          13.409779,
          52.520645
        ]
      }
    },
    {
      "type": "Feature",
      "properties": {
        "title": "Carl-Friedrich-von-Siemens-Gymnasium",
        "ref": "05Y04",
        "type": "Gymnasien ( öffentlich )",
        "street": "Jungfernheideweg 79",
        "zip": "13629",
        "city": "Berlin",
        "district": "Siemensstadt",
        "center": [
          13.409779,
          52.520645
        ],
        "additions": [
          "Barrierefreie Toilette vorhanden, Behindertenparkplatz vorhanden"
        ]
      },
      "geometry": {
        "type": "Point",
        "coordinates": [
          13.409779,
          52.520645
        ]
      }
    },
    {
      "type": "Feature",
      "properties": {
        "title": "Carl-Humann-Grundschule",
        "ref": "03G25",
        "type": "Grundschule ( öffentlich )",
        "street": "Stahlheimer Str. 22",
        "zip": "10439",
        "city": "Berlin",
        "district": "Prenzlauer Berg",
        "center": [
          13.42173,
          52.55081
        ],
        "additions": []
      },
      "geometry": {
        "type": "Point",
        "coordinates": [
          13.42173,
          52.55081
        ]
      }
    },
    {
      "type": "Feature",
      "properties": {
        "title": "Carl-Kraemer-Grundschule",
        "ref": "01G32",
        "type": "Grundschule ( öffentlich )",
        "street": "Zechliner Str. 4",
        "zip": "13359",
        "city": "Berlin",
        "district": "Gesundbrunnen",
        "center": [
          13.38281,
          52.56115
        ],
        "additions": []
      },
      "geometry": {
        "type": "Point",
        "coordinates": [
          13.38281,
          52.56115
        ]
      }
    },
    {
      "type": "Feature",
      "properties": {
        "title": "Carl-Legien-Schule (Schulbetrieb an 01B04)",
        "ref": "08B05",
        "type": "Berufsschule ( öffentlich )",
        "street": "Schwyzer Str. 6-8",
        "zip": "13349",
        "city": "Berlin",
        "district": "Wedding",
        "center": [
          13.409779,
          52.520645
        ],
        "additions": [
          "Wegen Baumaßnamen ist die Schülerschaft am Standort der 01B04; Schwyzer Str. 6-8. 13349 Berlin."
        ]
      },
      "geometry": {
        "type": "Point",
        "coordinates": [
          13.409779,
          52.520645
        ]
      }
    },
    {
      "type": "Feature",
      "properties": {
        "title": "Carl-Legien-Schule (Schulbetrieb an 01B04)",
        "ref": "08B05",
        "type": "Berufsfachschule ( öffentlich )",
        "street": "Schwyzer Str. 6-8",
        "zip": "13349",
        "city": "Berlin",
        "district": "Wedding",
        "center": [
          13.409779,
          52.520645
        ],
        "additions": [
          "Wegen Baumaßnamen ist die Schülerschaft am Standort der 01B04; Schwyzer Str. 6-8. 13349 Berlin."
        ]
      },
      "geometry": {
        "type": "Point",
        "coordinates": [
          13.409779,
          52.520645
        ]
      }
    },
    {
      "type": "Feature",
      "properties": {
        "title": "Carl-Legien-Schule (Schulbetrieb an 01B04)",
        "ref": "08B05",
        "type": "Berufsschule mit sonderpäd. Aufgaben ( öffentlich )",
        "street": "Schwyzer Str. 6-8",
        "zip": "13349",
        "city": "Berlin",
        "district": "Wedding",
        "center": [
          13.409779,
          52.520645
        ],
        "additions": [
          "Wegen Baumaßnamen ist die Schülerschaft am Standort der 01B04; Schwyzer Str. 6-8. 13349 Berlin."
        ]
      },
      "geometry": {
        "type": "Point",
        "coordinates": [
          13.409779,
          52.520645
        ]
      }
    },
    {
      "type": "Feature",
      "properties": {
        "title": "Carl-Orff-Grundschule",
        "ref": "04G24",
        "type": "Grundschule ( öffentlich )",
        "street": "Berkaer Str. 10",
        "zip": "14199",
        "city": "Berlin",
        "district": "Schmargendorf",
        "center": [
          13.28705,
          52.47838
        ],
        "additions": []
      },
      "geometry": {
        "type": "Point",
        "coordinates": [
          13.28705,
          52.47838
        ]
      }
    },
    {
      "type": "Feature",
      "properties": {
        "title": "Carlo-Schmid-Oberschule (Integrierte Sekundarschule)",
        "ref": "05K02",
        "type": "Integrierte Sekundarschule ( öffentlich )",
        "street": "Lutoner Str. 15-19",
        "zip": "13581",
        "city": "Berlin",
        "district": "Wilhelmstadt",
        "center": [
          13.409779,
          52.520645
        ],
        "additions": [
          "Fahrstuhl vorhanden, Zugang über Rampe möglich"
        ]
      },
      "geometry": {
        "type": "Point",
        "coordinates": [
          13.409779,
          52.520645
        ]
      }
    },
    {
      "type": "Feature",
      "properties": {
        "title": "Carl-Schurz-Grundschule",
        "ref": "05G20",
        "type": "Grundschule ( öffentlich )",
        "street": "Hakenfelder Str. 32",
        "zip": "13587",
        "city": "Berlin",
        "district": "Hakenfelde",
        "center": [
          13.19903,
          52.56748
        ],
        "additions": [
          "Barrierefreie Toilette vorhanden, Behindertenparkplatz vorhanden, Zugang über Rampe möglich"
        ]
      },
      "geometry": {
        "type": "Point",
        "coordinates": [
          13.19903,
          52.56748
        ]
      }
    },
    {
      "type": "Feature",
      "properties": {
        "title": "Carl-Sonnenschein-Grundschule",
        "ref": "07G31",
        "type": "Grundschule ( öffentlich )",
        "street": "Am Hellespont 4-6",
        "zip": "12109",
        "city": "Berlin",
        "district": "Mariendorf",
        "center": [
          13.40846,
          52.44386
        ],
        "additions": [
          "Barrierefreie Toilette vorhanden"
        ]
      },
      "geometry": {
        "type": "Point",
        "coordinates": [
          13.40846,
          52.44386
        ]
      }
    },
    {
      "type": "Feature",
      "properties": {
        "title": "Carl-von-Linné-Schule",
        "ref": "11S07",
        "type": "Förderschwerp. - Übrige ( öffentlich )",
        "street": "Paul-Junius-Str. 15",
        "zip": "10367",
        "city": "Berlin",
        "district": "Lichtenberg",
        "center": [
          13.409779,
          52.520645
        ],
        "additions": [
          "Barrierefreie Toilette vorhanden, Behindertenparkplatz vorhanden, Fahrstuhl vorhanden, Zugang über Rampe möglich"
        ]
      },
      "geometry": {
        "type": "Point",
        "coordinates": [
          13.409779,
          52.520645
        ]
      }
    },
    {
      "type": "Feature",
      "properties": {
        "title": "Carl-von-Linné-Schule",
        "ref": "11S07",
        "type": "Berufsschule mit sonderpäd. Aufgaben ( öffentlich )",
        "street": "Paul-Junius-Str. 15",
        "zip": "10367",
        "city": "Berlin",
        "district": "Lichtenberg",
        "center": [
          13.409779,
          52.520645
        ],
        "additions": [
          "Barrierefreie Toilette vorhanden, Behindertenparkplatz vorhanden, Fahrstuhl vorhanden, Zugang über Rampe möglich"
        ]
      },
      "geometry": {
        "type": "Point",
        "coordinates": [
          13.409779,
          52.520645
        ]
      }
    },
    {
      "type": "Feature",
      "properties": {
        "title": "Carl-von-Ossietzky-Gemeinschaftsschule",
        "ref": "02K02",
        "type": "Gemeinschaftsschule ( öffentlich )",
        "street": "Blücherstr. 46-47",
        "zip": "10961",
        "city": "Berlin",
        "district": "Kreuzberg",
        "center": [
          13.409779,
          52.520645
        ],
        "additions": [
          "Barrierefreie Toilette vorhanden, Behindertenparkplatz vorhanden, Fahrstuhl vorhanden, Zugang über Rampe möglich"
        ]
      },
      "geometry": {
        "type": "Point",
        "coordinates": [
          13.409779,
          52.520645
        ]
      }
    },
    {
      "type": "Feature",
      "properties": {
        "title": "Carl-von-Ossietzky-Gymnasium",
        "ref": "03Y08",
        "type": "Gymnasien ( öffentlich )",
        "street": "Görschstr. 42-44",
        "zip": "13187",
        "city": "Berlin",
        "district": "Pankow",
        "center": [
          13.409779,
          52.520645
        ],
        "additions": [
          "Barrierefreie Toilette vorhanden, Fahrstuhl vorhanden, Zugang über Rampe möglich"
        ]
      },
      "geometry": {
        "type": "Point",
        "coordinates": [
          13.409779,
          52.520645
        ]
      }
    },
    {
      "type": "Feature",
      "properties": {
        "title": "Carl-Zeiss-Schule",
        "ref": "07K02",
        "type": "Integrierte Sekundarschule ( öffentlich )",
        "street": "Barnetstr. 12-14",
        "zip": "12305",
        "city": "Berlin",
        "district": "Lichtenrade",
        "center": [
          13.409779,
          52.520645
        ],
        "additions": [
          "\r\n, Barrierefreie Toilette vorhanden, Behindertenparkplatz vorhanden, Fahrstuhl vorhanden"
        ]
      },
      "geometry": {
        "type": "Point",
        "coordinates": [
          13.409779,
          52.520645
        ]
      }
    },
    {
      "type": "Feature",
      "properties": {
        "title": "Caroline-von-Heydebrand-Schule",
        "ref": "06P09",
        "type": "Förderschwerp. - Übrige ( privat )",
        "street": "Klopstockstr. 36-42",
        "zip": "14129",
        "city": "Berlin",
        "district": "Zehlendorf",
        "center": [
          13.409779,
          52.520645
        ],
        "additions": []
      },
      "geometry": {
        "type": "Point",
        "coordinates": [
          13.409779,
          52.520645
        ]
      }
    },
    {
      "type": "Feature",
      "properties": {
        "title": "Caspar-David-Friedrich-Schule",
        "ref": "10K07",
        "type": "Integrierte Sekundarschule ( öffentlich )",
        "street": "Alte Hellersdorfer Str. 7",
        "zip": "12629",
        "city": "Berlin",
        "district": "Hellersdorf",
        "center": [
          13.409779,
          52.520645
        ],
        "additions": []
      },
      "geometry": {
        "type": "Point",
        "coordinates": [
          13.409779,
          52.520645
        ]
      }
    },
    {
      "type": "Feature",
      "properties": {
        "title": "Cecilien-Schule (Grundschule)",
        "ref": "04G25",
        "type": "Grundschule ( öffentlich )",
        "street": "Nikolsburger Platz 5",
        "zip": "10717",
        "city": "Berlin",
        "district": "Wilmersdorf",
        "center": [
          13.32796,
          52.49322
        ],
        "additions": []
      },
      "geometry": {
        "type": "Point",
        "coordinates": [
          13.32796,
          52.49322
        ]
      }
    },
    {
      "type": "Feature",
      "properties": {
        "title": "CeFi - Fachschule für Sozialpädagogik",
        "ref": "01P54",
        "type": "Fachschule ( privat )",
        "street": "Turmstr. 44",
        "zip": "10551",
        "city": "Berlin",
        "district": "Moabit",
        "center": [
          13.409779,
          52.520645
        ],
        "additions": []
      },
      "geometry": {
        "type": "Point",
        "coordinates": [
          13.409779,
          52.520645
        ]
      }
    },
    {
      "type": "Feature",
      "properties": {
        "title": "Chamisso-Grundschule",
        "ref": "12G27",
        "type": "Grundschule ( öffentlich )",
        "street": "Senftenberger Ring 27",
        "zip": "13435",
        "city": "Berlin",
        "district": "Märkisches Viertel",
        "center": [
          13.35817,
          52.60166
        ],
        "additions": [
          "Barrierefreie Toilette vorhanden, Zugang über Rampe möglich"
        ]
      },
      "geometry": {
        "type": "Point",
        "coordinates": [
          13.35817,
          52.60166
        ]
      }
    },
    {
      "type": "Feature",
      "properties": {
        "title": "Chance Bildung, Jugend und Sport BJS gGmbH",
        "ref": "10P20",
        "type": "Berufsfachschule ( privat )",
        "street": "Allee der Kosmonauten 35A",
        "zip": "12681",
        "city": "Berlin",
        "district": "Marzahn",
        "center": [
          13.409779,
          52.520645
        ],
        "additions": []
      },
      "geometry": {
        "type": "Point",
        "coordinates": [
          13.409779,
          52.520645
        ]
      }
    },
    {
      "type": "Feature",
      "properties": {
        "title": "Chance Bildung, Jugend und Sport BJS gGmbH",
        "ref": "10P20",
        "type": "Fachschule ( privat )",
        "street": "Allee der Kosmonauten 35A",
        "zip": "12681",
        "city": "Berlin",
        "district": "Marzahn",
        "center": [
          13.409779,
          52.520645
        ],
        "additions": []
      },
      "geometry": {
        "type": "Point",
        "coordinates": [
          13.409779,
          52.520645
        ]
      }
    },
    {
      "type": "Feature",
      "properties": {
        "title": "Charles-Dickens-Grundschule",
        "ref": "04G15",
        "type": "Grundschule ( öffentlich )",
        "street": "Dickensweg 15",
        "zip": "14055",
        "city": "Berlin",
        "district": "Westend",
        "center": [
          13.23839,
          52.50803
        ],
        "additions": [
          "Behindertenparkplatz vorhanden"
        ]
      },
      "geometry": {
        "type": "Point",
        "coordinates": [
          13.23839,
          52.50803
        ]
      }
    },
    {
      "type": "Feature",
      "properties": {
        "title": "Charlie-Chaplin-Grundschule",
        "ref": "12G32",
        "type": "Grundschule ( öffentlich )",
        "street": "Wilhelmsruher Damm 90-94",
        "zip": "13439",
        "city": "Berlin",
        "district": "Märkisches Viertel",
        "center": [
          13.36502,
          52.59755
        ],
        "additions": [
          "Barrierefreie Toilette vorhanden, Zugang über Rampe möglich"
        ]
      },
      "geometry": {
        "type": "Point",
        "coordinates": [
          13.36502,
          52.59755
        ]
      }
    },
    {
      "type": "Feature",
      "properties": {
        "title": "Charlotte-Pfeffer-Schule",
        "ref": "01S07",
        "type": "Förderschwerp. - Geistige Entwicklung ( öffentlich )",
        "street": "Berolinastr. 8",
        "zip": "10178",
        "city": "Berlin",
        "district": "Mitte",
        "center": [
          13.409779,
          52.520645
        ],
        "additions": []
      },
      "geometry": {
        "type": "Point",
        "coordinates": [
          13.409779,
          52.520645
        ]
      }
    },
    {
      "type": "Feature",
      "properties": {
        "title": "Charlotte-Salomon-Grundschule",
        "ref": "02G13",
        "type": "Grundschule ( öffentlich )",
        "street": "Großbeerenstr. 40",
        "zip": "10965",
        "city": "Berlin",
        "district": "Kreuzberg",
        "center": [
          13.38187,
          52.49058
        ],
        "additions": [
          "Barrierefreie Toilette vorhanden, Fahrstuhl vorhanden, Zugang über Rampe möglich"
        ]
      },
      "geometry": {
        "type": "Point",
        "coordinates": [
          13.38187,
          52.49058
        ]
      }
    },
    {
      "type": "Feature",
      "properties": {
        "title": "Charlotte-Wolff-Kolleg",
        "ref": "04A04",
        "type": "Zweiter Bildungsweg ( öffentlich )",
        "street": "Pestalozzistr. 40-42",
        "zip": "10627",
        "city": "Berlin",
        "district": "Charlottenburg",
        "center": [
          13.409779,
          52.520645
        ],
        "additions": [
          "Barrierefreie Toilette vorhanden, Fahrstuhl vorhanden"
        ]
      },
      "geometry": {
        "type": "Point",
        "coordinates": [
          13.409779,
          52.520645
        ]
      }
    },
    {
      "type": "Feature",
      "properties": {
        "title": "Christian-Morgenstern-Grundschule",
        "ref": "05G22",
        "type": "Grundschule ( öffentlich )",
        "street": "Räcknitzer Steig 12",
        "zip": "13593",
        "city": "Berlin",
        "district": "Staaken",
        "center": [
          13.16932,
          52.52195
        ],
        "additions": [
          "Barrierefreie Toilette vorhanden, Zugang über Rampe möglich"
        ]
      },
      "geometry": {
        "type": "Point",
        "coordinates": [
          13.16932,
          52.52195
        ]
      }
    },
    {
      "type": "Feature",
      "properties": {
        "title": "Christoph-Földerich-Grundschule",
        "ref": "05G05",
        "type": "Grundschule ( öffentlich )",
        "street": "Földerichplatz 5",
        "zip": "13595",
        "city": "Berlin",
        "district": "Wilhelmstadt",
        "center": [
          13.19306,
          52.5203
        ],
        "additions": [
          "Barrierefreie Toilette vorhanden"
        ]
      },
      "geometry": {
        "type": "Point",
        "coordinates": [
          13.19306,
          52.5203
        ]
      }
    },
    {
      "type": "Feature",
      "properties": {
        "title": "Christoph-Ruden-Schule (Grundschule)",
        "ref": "08G26",
        "type": "Grundschule ( öffentlich )",
        "street": "An den Achterhöfen 13-17",
        "zip": "12349",
        "city": "Berlin",
        "district": "Buckow",
        "center": [
          13.4352641,
          52.4208258
        ],
        "additions": [
          "Zugang über Rampe möglich"
        ]
      },
      "geometry": {
        "type": "Point",
        "coordinates": [
          13.4352641,
          52.4208258
        ]
      }
    },
    {
      "type": "Feature",
      "properties": {
        "title": "cimdata Bildungsakademie GmbH",
        "ref": "03E21",
        "type": "Sonstige Ergänzungsschule ( privat )",
        "street": "Immanuelkirchstr. 14",
        "zip": "10405",
        "city": "Berlin",
        "district": "Prenzlauer Berg",
        "center": [
          13.409779,
          52.520645
        ],
        "additions": []
      },
      "geometry": {
        "type": "Point",
        "coordinates": [
          13.409779,
          52.520645
        ]
      }
    },
    {
      "type": "Feature",
      "properties": {
        "title": "City-Grundschule",
        "ref": "01G10",
        "type": "Grundschule ( öffentlich )",
        "street": "Sebastianstr. 57",
        "zip": "10179",
        "city": "Berlin",
        "district": "Mitte",
        "center": [
          13.40853,
          52.50753
        ],
        "additions": []
      },
      "geometry": {
        "type": "Point",
        "coordinates": [
          13.40853,
          52.50753
        ]
      }
    },
    {
      "type": "Feature",
      "properties": {
        "title": "Clara-Grunwald-Grundschule",
        "ref": "02G32",
        "type": "Grundschule ( öffentlich )",
        "street": "Hallesche Str. 24",
        "zip": "10963",
        "city": "Berlin",
        "district": "Kreuzberg",
        "center": [
          13.38484,
          52.50099
        ],
        "additions": []
      },
      "geometry": {
        "type": "Point",
        "coordinates": [
          13.38484,
          52.50099
        ]
      }
    },
    {
      "type": "Feature",
      "properties": {
        "title": "Clara-Grunwald-Grundschule",
        "ref": "02G32",
        "type": "Förderschwerp. - Geistige Entwicklung ( öffentlich )",
        "street": "Hallesche Str. 24",
        "zip": "10963",
        "city": "Berlin",
        "district": "Kreuzberg",
        "center": [
          13.409779,
          52.520645
        ],
        "additions": []
      },
      "geometry": {
        "type": "Point",
        "coordinates": [
          13.409779,
          52.520645
        ]
      }
    },
    {
      "type": "Feature",
      "properties": {
        "title": "Clay-Schule",
        "ref": "08K05",
        "type": "Integrierte Sekundarschule ( öffentlich )",
        "street": "Neudecker Weg 22",
        "zip": "12355",
        "city": "Berlin",
        "district": "Rudow",
        "center": [
          13.409779,
          52.520645
        ],
        "additions": [
          "Barrierefreie Toilette vorhanden, Fahrstuhl vorhanden, Zugang über Rampe möglich"
        ]
      },
      "geometry": {
        "type": "Point",
        "coordinates": [
          13.409779,
          52.520645
        ]
      }
    },
    {
      "type": "Feature",
      "properties": {
        "title": "Clemens-Brentano-Grundschule",
        "ref": "06G25",
        "type": "Grundschule ( öffentlich )",
        "street": "Kommandantenstr. 83-84",
        "zip": "12205",
        "city": "Berlin",
        "district": "Lichterfelde",
        "center": [
          13.29316,
          52.43367
        ],
        "additions": []
      },
      "geometry": {
        "type": "Point",
        "coordinates": [
          13.29316,
          52.43367
        ]
      }
    },
    {
      "type": "Feature",
      "properties": {
        "title": "Com Fly German Flight Training Organisation GmbH",
        "ref": "04E36",
        "type": "Sonstige Ergänzungsschule ( privat )",
        "street": "Hohenzollerndamm 53",
        "zip": "14199",
        "city": "Berlin",
        "district": "Schmargendorf",
        "center": [
          13.409779,
          52.520645
        ],
        "additions": []
      },
      "geometry": {
        "type": "Point",
        "coordinates": [
          13.409779,
          52.520645
        ]
      }
    },
    {
      "type": "Feature",
      "properties": {
        "title": "Comenius-Schule",
        "ref": "04S07",
        "type": "Förderschwerp. - Übrige ( öffentlich )",
        "street": "Gieselerstr. 4",
        "zip": "10713",
        "city": "Berlin",
        "district": "Wilmersdorf",
        "center": [
          13.409779,
          52.520645
        ],
        "additions": []
      },
      "geometry": {
        "type": "Point",
        "coordinates": [
          13.409779,
          52.520645
        ]
      }
    },
    {
      "type": "Feature",
      "properties": {
        "title": "Comenius-Schule",
        "ref": "04S07",
        "type": "Förderschwerp. - Lernen ( öffentlich )",
        "street": "Gieselerstr. 4",
        "zip": "10713",
        "city": "Berlin",
        "district": "Wilmersdorf",
        "center": [
          13.409779,
          52.520645
        ],
        "additions": []
      },
      "geometry": {
        "type": "Point",
        "coordinates": [
          13.409779,
          52.520645
        ]
      }
    },
    {
      "type": "Feature",
      "properties": {
        "title": "Comenius-Schule",
        "ref": "04S07",
        "type": "Berufsschule mit sonderpäd. Aufgaben ( öffentlich )",
        "street": "Gieselerstr. 4",
        "zip": "10713",
        "city": "Berlin",
        "district": "Wilmersdorf",
        "center": [
          13.409779,
          52.520645
        ],
        "additions": []
      },
      "geometry": {
        "type": "Point",
        "coordinates": [
          13.409779,
          52.520645
        ]
      }
    },
    {
      "type": "Feature",
      "properties": {
        "title": "Comenius-Schule",
        "ref": "04S07",
        "type": "Grundschule ( öffentlich )",
        "street": "Gieselerstr. 4",
        "zip": "10713",
        "city": "Berlin",
        "district": "Wilmersdorf",
        "center": [
          13.31833,
          52.48857
        ],
        "additions": []
      },
      "geometry": {
        "type": "Point",
        "coordinates": [
          13.31833,
          52.48857
        ]
      }
    },
    {
      "type": "Feature",
      "properties": {
        "title": "Comenius-Schule",
        "ref": "04S07",
        "type": "Förderschwerp. - Geistige Entwicklung ( öffentlich )",
        "street": "Gieselerstr. 4",
        "zip": "10713",
        "city": "Berlin",
        "district": "Wilmersdorf",
        "center": [
          13.409779,
          52.520645
        ],
        "additions": []
      },
      "geometry": {
        "type": "Point",
        "coordinates": [
          13.409779,
          52.520645
        ]
      }
    },
    {
      "type": "Feature",
      "properties": {
        "title": "Concept - Fachschule für Sozialpädagogik",
        "ref": "02P30",
        "type": "Fachschule ( privat )",
        "street": "Gubener Str. 47",
        "zip": "10243",
        "city": "Berlin",
        "district": "Friedrichshain",
        "center": [
          13.409779,
          52.520645
        ],
        "additions": []
      },
      "geometry": {
        "type": "Point",
        "coordinates": [
          13.409779,
          52.520645
        ]
      }
    },
    {
      "type": "Feature",
      "properties": {
        "title": "Concept Berufliche Schulen gGmbH Berlin",
        "ref": "02P23",
        "type": "Berufsfachschule ( privat )",
        "street": "Revaler Str. 100",
        "zip": "10245",
        "city": "Berlin",
        "district": "Friedrichshain",
        "center": [
          13.409779,
          52.520645
        ],
        "additions": []
      },
      "geometry": {
        "type": "Point",
        "coordinates": [
          13.409779,
          52.520645
        ]
      }
    },
    {
      "type": "Feature",
      "properties": {
        "title": "Conrad-Schule (Grundschule)",
        "ref": "06G05",
        "type": "Grundschule ( öffentlich )",
        "street": "Schulstr. 4",
        "zip": "14109",
        "city": "Berlin",
        "district": "Wannsee",
        "center": [
          13.14679,
          52.41483
        ],
        "additions": [
          "Barrierefreie Toilette vorhanden, Zugang über Rampe möglich"
        ]
      },
      "geometry": {
        "type": "Point",
        "coordinates": [
          13.14679,
          52.41483
        ]
      }
    },
    {
      "type": "Feature",
      "properties": {
        "title": "DAA - Deutsche Angestellten-Akademie GmbH",
        "ref": "08P17",
        "type": "Fachschule ( privat )",
        "street": "Buckower Damm 114",
        "zip": "12349",
        "city": "Berlin",
        "district": "Britz",
        "center": [
          13.409779,
          52.520645
        ],
        "additions": []
      },
      "geometry": {
        "type": "Point",
        "coordinates": [
          13.409779,
          52.520645
        ]
      }
    },
    {
      "type": "Feature",
      "properties": {
        "title": "Danceworks berlin eG",
        "ref": "01E36",
        "type": "Künstlerische Schule ( privat )",
        "street": "Oudenarder Str. 16",
        "zip": "13347",
        "city": "Berlin",
        "district": "Wedding",
        "center": [
          13.409779,
          52.520645
        ],
        "additions": []
      },
      "geometry": {
        "type": "Point",
        "coordinates": [
          13.409779,
          52.520645
        ]
      }
    },
    {
      "type": "Feature",
      "properties": {
        "title": "Dathe-Gymnasium",
        "ref": "02Y05",
        "type": "Gymnasien ( öffentlich )",
        "street": "Helsingforser Str. 11-13",
        "zip": "10243",
        "city": "Berlin",
        "district": "Friedrichshain",
        "center": [
          13.409779,
          52.520645
        ],
        "additions": []
      },
      "geometry": {
        "type": "Point",
        "coordinates": [
          13.409779,
          52.520645
        ]
      }
    },
    {
      "type": "Feature",
      "properties": {
        "title": "DDA Destiny Diversity Academy GmbH",
        "ref": "01P46",
        "type": "Berufsfachschule ( privat )",
        "street": "Brunnenstr. 110D",
        "zip": "13355",
        "city": "Berlin",
        "district": "Gesundbrunnen",
        "center": [
          13.409779,
          52.520645
        ],
        "additions": []
      },
      "geometry": {
        "type": "Point",
        "coordinates": [
          13.409779,
          52.520645
        ]
      }
    },
    {
      "type": "Feature",
      "properties": {
        "title": "DEKRA Medienakademie",
        "ref": "02E26",
        "type": "Sonstige Ergänzungsschule ( privat )",
        "street": "Ehrenbergstr. 11-14",
        "zip": "10245",
        "city": "Berlin",
        "district": "Friedrichshain",
        "center": [
          13.409779,
          52.520645
        ],
        "additions": []
      },
      "geometry": {
        "type": "Point",
        "coordinates": [
          13.409779,
          52.520645
        ]
      }
    },
    {
      "type": "Feature",
      "properties": {
        "title": "Demokratische Schule X (Gemeinschaftsschule)",
        "ref": "12P10",
        "type": "Gemeinschaftsschule ( privat )",
        "street": "Ruppiner Chaussee 209-211",
        "zip": "13503",
        "city": "Berlin",
        "district": "Heiligensee",
        "center": [
          13.409779,
          52.520645
        ],
        "additions": []
      },
      "geometry": {
        "type": "Point",
        "coordinates": [
          13.409779,
          52.520645
        ]
      }
    },
    {
      "type": "Feature",
      "properties": {
        "title": "Demokratische Schule X (Gemeinschaftsschule)",
        "ref": "12P10",
        "type": "Grundschule ( privat )",
        "street": "Ruppiner Chaussee 209-211",
        "zip": "13503",
        "city": "Berlin",
        "district": "Heiligensee",
        "center": [
          13.24751,
          52.61279
        ],
        "additions": []
      },
      "geometry": {
        "type": "Point",
        "coordinates": [
          13.24751,
          52.61279
        ]
      }
    },
    {
      "type": "Feature",
      "properties": {
        "title": "Deutsch Skandinavische Gemeinschaftsschule",
        "ref": "07P13",
        "type": "Gemeinschaftsschule ( privat )",
        "street": "Machonstr. 54",
        "zip": "12105",
        "city": "Berlin",
        "district": "Mariendorf",
        "center": [
          13.409779,
          52.520645
        ],
        "additions": []
      },
      "geometry": {
        "type": "Point",
        "coordinates": [
          13.409779,
          52.520645
        ]
      }
    },
    {
      "type": "Feature",
      "properties": {
        "title": "Deutsch Skandinavische Gemeinschaftsschule",
        "ref": "07P13",
        "type": "Grundschule ( privat )",
        "street": "Machonstr. 54",
        "zip": "12105",
        "city": "Berlin",
        "district": "Mariendorf",
        "center": [
          13.38212,
          52.44601
        ],
        "additions": []
      },
      "geometry": {
        "type": "Point",
        "coordinates": [
          13.38212,
          52.44601
        ]
      }
    },
    {
      "type": "Feature",
      "properties": {
        "title": "Deutsche Paracelsus Schulen für Naturheilverfahren GmbH",
        "ref": "04E21",
        "type": "Heilpraktikerschule ( privat )",
        "street": "Nestorstr. 7",
        "zip": "10709",
        "city": "Berlin",
        "district": "Halensee",
        "center": [
          13.409779,
          52.520645
        ],
        "additions": []
      },
      "geometry": {
        "type": "Point",
        "coordinates": [
          13.409779,
          52.520645
        ]
      }
    },
    {
      "type": "Feature",
      "properties": {
        "title": "Die Managementschule Berlin",
        "ref": "02E28",
        "type": "Sonstige Ergänzungsschule ( privat )",
        "street": "Warschauer Str. 36-38",
        "zip": "10243",
        "city": "Berlin",
        "district": "Friedrichshain",
        "center": [
          13.409779,
          52.520645
        ],
        "additions": []
      },
      "geometry": {
        "type": "Point",
        "coordinates": [
          13.409779,
          52.520645
        ]
      }
    },
    {
      "type": "Feature",
      "properties": {
        "title": "Diesterweg-Gymnasium",
        "ref": "01Y09",
        "type": "Gymnasien ( öffentlich )",
        "street": "Böttgerstr. 2-6",
        "zip": "13357",
        "city": "Berlin",
        "district": "Gesundbrunnen",
        "center": [
          13.409779,
          52.520645
        ],
        "additions": [
          "Fahrstuhl vorhanden, Zugang über Rampe möglich"
        ]
      },
      "geometry": {
        "type": "Point",
        "coordinates": [
          13.409779,
          52.520645
        ]
      }
    },
    {
      "type": "Feature",
      "properties": {
        "title": "Dietrich-Bonhoeffer-Grundschule",
        "ref": "04G05",
        "type": "Grundschule ( öffentlich )",
        "street": "Spandauer Damm 205-215",
        "zip": "14050",
        "city": "Berlin",
        "district": "Westend",
        "center": [
          13.26106,
          52.52122
        ],
        "additions": [
          "Zugang über Rampe möglich"
        ]
      },
      "geometry": {
        "type": "Point",
        "coordinates": [
          13.26106,
          52.52122
        ]
      }
    },
    {
      "type": "Feature",
      "properties": {
        "title": "Donner+ Kern gGmbH",
        "ref": "11P15",
        "type": "Berufsfachschule ( privat )",
        "street": "Möllendorffstr. 48",
        "zip": "10367",
        "city": "Berlin",
        "district": "Fennpfuhl",
        "center": [
          13.409779,
          52.520645
        ],
        "additions": []
      },
      "geometry": {
        "type": "Point",
        "coordinates": [
          13.409779,
          52.520645
        ]
      }
    },
    {
      "type": "Feature",
      "properties": {
        "title": "Donner+ Kern gGmbH",
        "ref": "11P15",
        "type": "Fachschule ( privat )",
        "street": "Möllendorffstr. 48",
        "zip": "10367",
        "city": "Berlin",
        "district": "Fennpfuhl",
        "center": [
          13.409779,
          52.520645
        ],
        "additions": []
      },
      "geometry": {
        "type": "Point",
        "coordinates": [
          13.409779,
          52.520645
        ]
      }
    },
    {
      "type": "Feature",
      "properties": {
        "title": "dreieins-Grundschule Berlin Kaulsdorf",
        "ref": "10P14",
        "type": "Grundschule ( privat )",
        "street": "Peter-Huchel-Str. 35",
        "zip": "12619",
        "city": "Berlin",
        "district": "Hellersdorf",
        "center": [
          13.59203,
          52.52504
        ],
        "additions": []
      },
      "geometry": {
        "type": "Point",
        "coordinates": [
          13.59203,
          52.52504
        ]
      }
    },
    {
      "type": "Feature",
      "properties": {
        "title": "dreieins-Grundschule Berlin-Pankow",
        "ref": "03P18",
        "type": "Grundschule ( privat )",
        "street": "Bizetstr. 64",
        "zip": "13088",
        "city": "Berlin",
        "district": "Weißensee",
        "center": [
          13.4561,
          52.54783
        ],
        "additions": []
      },
      "geometry": {
        "type": "Point",
        "coordinates": [
          13.4561,
          52.54783
        ]
      }
    },
    {
      "type": "Feature",
      "properties": {
        "title": "Dreilinden-Grundschule",
        "ref": "06G09",
        "type": "Grundschule ( öffentlich )",
        "street": "Dreilindenstr. 65",
        "zip": "14109",
        "city": "Berlin",
        "district": "Nikolassee",
        "center": [
          13.18548,
          52.42037
        ],
        "additions": [
          "Barrierefreie Toilette vorhanden, Behindertenparkplatz vorhanden, Fahrstuhl vorhanden, Zugang über Rampe möglich"
        ]
      },
      "geometry": {
        "type": "Point",
        "coordinates": [
          13.18548,
          52.42037
        ]
      }
    },
    {
      "type": "Feature",
      "properties": {
        "title": "Dreilinden-Gymnasium",
        "ref": "06Y04",
        "type": "Gymnasien ( öffentlich )",
        "street": "Dreilindenstr. 49",
        "zip": "14109",
        "city": "Berlin",
        "district": "Nikolassee",
        "center": [
          13.409779,
          52.520645
        ],
        "additions": []
      },
      "geometry": {
        "type": "Point",
        "coordinates": [
          13.409779,
          52.520645
        ]
      }
    },
    {
      "type": "Feature",
      "properties": {
        "title": "DRK - Schule für soziale Berufe Berlin",
        "ref": "10P19",
        "type": "Berufsfachschule ( privat )",
        "street": "Meeraner Str. 5",
        "zip": "12681",
        "city": "Berlin",
        "district": "Marzahn",
        "center": [
          13.409779,
          52.520645
        ],
        "additions": []
      },
      "geometry": {
        "type": "Point",
        "coordinates": [
          13.409779,
          52.520645
        ]
      }
    },
    {
      "type": "Feature",
      "properties": {
        "title": "DRK - Schule für soziale Berufe Berlin",
        "ref": "10P19",
        "type": "Fachschule ( privat )",
        "street": "Meeraner Str. 5",
        "zip": "12681",
        "city": "Berlin",
        "district": "Marzahn",
        "center": [
          13.409779,
          52.520645
        ],
        "additions": []
      },
      "geometry": {
        "type": "Point",
        "coordinates": [
          13.409779,
          52.520645
        ]
      }
    },
    {
      "type": "Feature",
      "properties": {
        "title": "Droste-Hülshoff-Gymnasium",
        "ref": "06Y02",
        "type": "Gymnasien ( öffentlich )",
        "street": "Schönower Str. 8",
        "zip": "14165",
        "city": "Berlin",
        "district": "Zehlendorf",
        "center": [
          13.409779,
          52.520645
        ],
        "additions": [
          "Barrierefreie Toilette vorhanden, Behindertenparkplatz vorhanden, Fahrstuhl vorhanden, Zugang über Rampe möglich"
        ]
      },
      "geometry": {
        "type": "Point",
        "coordinates": [
          13.409779,
          52.520645
        ]
      }
    },
    {
      "type": "Feature",
      "properties": {
        "title": "Dunant-Grundschule",
        "ref": "06G15",
        "type": "Grundschule ( öffentlich )",
        "street": "Gritznerstr. 19-23",
        "zip": "12163",
        "city": "Berlin",
        "district": "Steglitz",
        "center": [
          13.31766,
          52.46517
        ],
        "additions": []
      },
      "geometry": {
        "type": "Point",
        "coordinates": [
          13.31766,
          52.46517
        ]
      }
    },
    {
      "type": "Feature",
      "properties": {
        "title": "DUT Wirtschaftsfachschule GmbH & Co. KG",
        "ref": "04E03",
        "type": "Wirtschafts- u. Verwaltungsschule ( privat )",
        "street": "Hardenbergplatz 2",
        "zip": "10623",
        "city": "Berlin",
        "district": "Charlottenburg",
        "center": [
          13.409779,
          52.520645
        ],
        "additions": []
      },
      "geometry": {
        "type": "Point",
        "coordinates": [
          13.409779,
          52.520645
        ]
      }
    },
    {
      "type": "Feature",
      "properties": {
        "title": "Ebereschen-Grundschule",
        "ref": "10G05",
        "type": "Grundschule ( öffentlich )",
        "street": "Borkheider Str. 28",
        "zip": "12689",
        "city": "Berlin",
        "district": "Marzahn",
        "center": [
          13.409779,
          52.520645
        ],
        "additions": [
          "Zugang über Rampe möglich"
        ]
      },
      "geometry": {
        "type": "Point",
        "coordinates": [
          13.409779,
          52.520645
        ]
      }
    },
    {
      "type": "Feature",
      "properties": {
        "title": "Eckener-Gymnasium",
        "ref": "07Y07",
        "type": "Gymnasien ( öffentlich )",
        "street": "Kaiserstr. 17-21",
        "zip": "12105",
        "city": "Berlin",
        "district": "Mariendorf",
        "center": [
          13.409779,
          52.520645
        ],
        "additions": []
      },
      "geometry": {
        "type": "Point",
        "coordinates": [
          13.409779,
          52.520645
        ]
      }
    },
    {
      "type": "Feature",
      "properties": {
        "title": "Ecole Voltaire (Grundschule)",
        "ref": "01P47",
        "type": "Grundschule ( privat )",
        "street": "Kurfürstenstr. 53",
        "zip": "10785",
        "city": "Berlin",
        "district": "Tiergarten",
        "center": [
          13.409779,
          52.520645
        ],
        "additions": []
      },
      "geometry": {
        "type": "Point",
        "coordinates": [
          13.409779,
          52.520645
        ]
      }
    },
    {
      "type": "Feature",
      "properties": {
        "title": "Edison-Grundschule",
        "ref": "09G21",
        "type": "Grundschule ( öffentlich )",
        "street": "Wattstr. 69-70",
        "zip": "12459",
        "city": "Berlin",
        "district": "Oberschöneweide",
        "center": [
          13.409779,
          52.520645
        ],
        "additions": []
      },
      "geometry": {
        "type": "Point",
        "coordinates": [
          13.409779,
          52.520645
        ]
      }
    },
    {
      "type": "Feature",
      "properties": {
        "title": "Eduard-Mörike-Schule (Grundschule)",
        "ref": "08G18",
        "type": "Grundschule ( öffentlich )",
        "street": "Stuttgarter Str. 35-39",
        "zip": "12059",
        "city": "Berlin",
        "district": "Neukölln",
        "center": [
          13.409779,
          52.520645
        ],
        "additions": [
          "Barrierefreie Toilette vorhanden, Zugang über Rampe möglich"
        ]
      },
      "geometry": {
        "type": "Point",
        "coordinates": [
          13.409779,
          52.520645
        ]
      }
    },
    {
      "type": "Feature",
      "properties": {
        "title": "Eichendorff-Grundschule",
        "ref": "04G01",
        "type": "Grundschule ( öffentlich )",
        "street": "Goethestr. 19-24",
        "zip": "10625",
        "city": "Berlin",
        "district": "Charlottenburg",
        "center": [
          13.409779,
          52.520645
        ],
        "additions": []
      },
      "geometry": {
        "type": "Point",
        "coordinates": [
          13.409779,
          52.520645
        ]
      }
    },
    {
      "type": "Feature",
      "properties": {
        "title": "EJF - Fachschule für soziale Berufe",
        "ref": "12P15",
        "type": "Fachschule ( privat )",
        "street": "Keilerstr. 17A",
        "zip": "13503",
        "city": "Berlin",
        "district": "Heiligensee",
        "center": [
          13.409779,
          52.520645
        ],
        "additions": []
      },
      "geometry": {
        "type": "Point",
        "coordinates": [
          13.409779,
          52.520645
        ]
      }
    },
    {
      "type": "Feature",
      "properties": {
        "title": "Elbe-Schule (Grundschule)",
        "ref": "08G05",
        "type": "Grundschule ( öffentlich )",
        "street": "Elbestr. 11",
        "zip": "12045",
        "city": "Berlin",
        "district": "Neukölln",
        "center": [
          13.409779,
          52.520645
        ],
        "additions": [
          "Behindertenparkplatz vorhanden"
        ]
      },
      "geometry": {
        "type": "Point",
        "coordinates": [
          13.409779,
          52.520645
        ]
      }
    },
    {
      "type": "Feature",
      "properties": {
        "title": "Elinor-Ostrom-Schule (OSZ Bürowirtschaft und Dienstleistungen)",
        "ref": "03B07",
        "type": "Fachoberschule ( öffentlich )",
        "street": "Mandelstr. 6-8",
        "zip": "10409",
        "city": "Berlin",
        "district": "Prenzlauer Berg",
        "center": [
          13.409779,
          52.520645
        ],
        "additions": [
          "Barrierefreie Toilette vorhanden, Fahrstuhl vorhanden, Zugang über Rampe möglich"
        ]
      },
      "geometry": {
        "type": "Point",
        "coordinates": [
          13.409779,
          52.520645
        ]
      }
    },
    {
      "type": "Feature",
      "properties": {
        "title": "Elinor-Ostrom-Schule (OSZ Bürowirtschaft und Dienstleistungen)",
        "ref": "03B07",
        "type": "Berufsschule ( öffentlich )",
        "street": "Mandelstr. 6-8",
        "zip": "10409",
        "city": "Berlin",
        "district": "Prenzlauer Berg",
        "center": [
          13.409779,
          52.520645
        ],
        "additions": [
          "Barrierefreie Toilette vorhanden, Fahrstuhl vorhanden, Zugang über Rampe möglich"
        ]
      },
      "geometry": {
        "type": "Point",
        "coordinates": [
          13.409779,
          52.520645
        ]
      }
    },
    {
      "type": "Feature",
      "properties": {
        "title": "Elinor-Ostrom-Schule (OSZ Bürowirtschaft und Dienstleistungen)",
        "ref": "03B07",
        "type": "Berufsfachschule ( öffentlich )",
        "street": "Mandelstr. 6-8",
        "zip": "10409",
        "city": "Berlin",
        "district": "Prenzlauer Berg",
        "center": [
          13.409779,
          52.520645
        ],
        "additions": [
          "Barrierefreie Toilette vorhanden, Fahrstuhl vorhanden, Zugang über Rampe möglich"
        ]
      },
      "geometry": {
        "type": "Point",
        "coordinates": [
          13.409779,
          52.520645
        ]
      }
    },
    {
      "type": "Feature",
      "properties": {
        "title": "Elinor-Ostrom-Schule (OSZ Bürowirtschaft und Dienstleistungen)",
        "ref": "03B07",
        "type": "Berufsoberschule ( öffentlich )",
        "street": "Mandelstr. 6-8",
        "zip": "10409",
        "city": "Berlin",
        "district": "Prenzlauer Berg",
        "center": [
          13.409779,
          52.520645
        ],
        "additions": [
          "Barrierefreie Toilette vorhanden, Fahrstuhl vorhanden, Zugang über Rampe möglich"
        ]
      },
      "geometry": {
        "type": "Point",
        "coordinates": [
          13.409779,
          52.520645
        ]
      }
    },
    {
      "type": "Feature",
      "properties": {
        "title": "Elinor-Ostrom-Schule (OSZ Bürowirtschaft und Dienstleistungen)",
        "ref": "03B07",
        "type": "Berufliches Gymnasium ( öffentlich )",
        "street": "Mandelstr. 6-8",
        "zip": "10409",
        "city": "Berlin",
        "district": "Prenzlauer Berg",
        "center": [
          13.409779,
          52.520645
        ],
        "additions": [
          "Barrierefreie Toilette vorhanden, Fahrstuhl vorhanden, Zugang über Rampe möglich"
        ]
      },
      "geometry": {
        "type": "Point",
        "coordinates": [
          13.409779,
          52.520645
        ]
      }
    },
    {
      "type": "Feature",
      "properties": {
        "title": "Elisabeth-Christinen-Grundschule",
        "ref": "03G36",
        "type": "Grundschule ( öffentlich )",
        "street": "Buchholzer Str. 3",
        "zip": "13156",
        "city": "Berlin",
        "district": "Prenzlauer Berg",
        "center": [
          13.409779,
          52.520645
        ],
        "additions": []
      },
      "geometry": {
        "type": "Point",
        "coordinates": [
          13.409779,
          52.520645
        ]
      }
    },
    {
      "type": "Feature",
      "properties": {
        "title": "Elisabeth-Schulen",
        "ref": "09P20",
        "type": "Fachschule ( privat )",
        "street": "Edisonstraße 63",
        "zip": "12459",
        "city": "Berlin",
        "district": "Oberschöneweide",
        "center": [
          13.409779,
          52.520645
        ],
        "additions": [
          "Barrierefreie Toilette vorhanden, Fahrstuhl vorhanden, Zugang über Rampe möglich"
        ]
      },
      "geometry": {
        "type": "Point",
        "coordinates": [
          13.409779,
          52.520645
        ]
      }
    },
    {
      "type": "Feature",
      "properties": {
        "title": "Elisabethstift-Schule",
        "ref": "12P25",
        "type": "Förderschwerp. - Übrige ( privat )",
        "street": "Berliner Str. 118",
        "zip": "13467",
        "city": "Berlin",
        "district": "Hermsdorf",
        "center": [
          13.409779,
          52.520645
        ],
        "additions": [
          "Filiale: Falkentaler Steig 10, 13467 Berlin"
        ]
      },
      "geometry": {
        "type": "Point",
        "coordinates": [
          13.409779,
          52.520645
        ]
      }
    },
    {
      "type": "Feature",
      "properties": {
        "title": "Elisabethstift-Schule (Gemeinschaftsschule)",
        "ref": "12P06",
        "type": "Gemeinschaftsschule ( privat )",
        "street": "Falkentaler Steig 10",
        "zip": "13467",
        "city": "Berlin",
        "district": "Hermsdorf",
        "center": [
          13.409779,
          52.520645
        ],
        "additions": [
          "Barrierefreie Toilette vorhanden, Zugang über Rampe möglich"
        ]
      },
      "geometry": {
        "type": "Point",
        "coordinates": [
          13.409779,
          52.520645
        ]
      }
    },
    {
      "type": "Feature",
      "properties": {
        "title": "Elisabethstift-Schule (Gemeinschaftsschule)",
        "ref": "12P06",
        "type": "Grundschule ( privat )",
        "street": "Falkentaler Steig 10",
        "zip": "13467",
        "city": "Berlin",
        "district": "Hermsdorf",
        "center": [
          13.409779,
          52.520645
        ],
        "additions": [
          "Barrierefreie Toilette vorhanden, Zugang über Rampe möglich"
        ]
      },
      "geometry": {
        "type": "Point",
        "coordinates": [
          13.409779,
          52.520645
        ]
      }
    },
    {
      "type": "Feature",
      "properties": {
        "title": "Elizabeth-Shaw-Grundschule",
        "ref": "03G27",
        "type": "Grundschule ( öffentlich )",
        "street": "Grunowstr. 17",
        "zip": "13187",
        "city": "Berlin",
        "district": "Pankow",
        "center": [
          13.409779,
          52.520645
        ],
        "additions": []
      },
      "geometry": {
        "type": "Point",
        "coordinates": [
          13.409779,
          52.520645
        ]
      }
    },
    {
      "type": "Feature",
      "properties": {
        "title": "Ellef-Ringnes-Grundschule",
        "ref": "12G17",
        "type": "Grundschule ( öffentlich )",
        "street": "Im Erpelgrund 11-17",
        "zip": "13503",
        "city": "Berlin",
        "district": "Heiligensee",
        "center": [
          13.409779,
          52.520645
        ],
        "additions": [
          "Barrierefreie Toilette vorhanden, Behindertenparkplatz vorhanden, Fahrstuhl vorhanden, Zugang über Rampe möglich"
        ]
      },
      "geometry": {
        "type": "Point",
        "coordinates": [
          13.409779,
          52.520645
        ]
      }
    },
    {
      "type": "Feature",
      "properties": {
        "title": "Ellen-Key-Schule",
        "ref": "02K01",
        "type": "Integrierte Sekundarschule ( öffentlich )",
        "street": "Rüdersdorfer Str. 20-27",
        "zip": "10243",
        "city": "Berlin",
        "district": "Friedrichshain",
        "center": [
          13.409779,
          52.520645
        ],
        "additions": [
          "Barrierefreie Toilette vorhanden"
        ]
      },
      "geometry": {
        "type": "Point",
        "coordinates": [
          13.409779,
          52.520645
        ]
      }
    },
    {
      "type": "Feature",
      "properties": {
        "title": "Elsa-Neumann-Schule (Integrierte Sekundarschule)",
        "ref": "11K14",
        "type": "Integrierte Sekundarschule ( öffentlich )",
        "street": "Wartiner Str. 1-3",
        "zip": "13057",
        "city": "Berlin",
        "district": "Neu-Hohenschönhausen",
        "center": [
          13.409779,
          52.520645
        ],
        "additions": []
      },
      "geometry": {
        "type": "Point",
        "coordinates": [
          13.409779,
          52.520645
        ]
      }
    },
    {
      "type": "Feature",
      "properties": {
        "title": "Emanuel-Lasker-Schule (Gemeinschaftsschule)",
        "ref": "02K06",
        "type": "Gemeinschaftsschule ( öffentlich )",
        "street": "Corinthstr. 5",
        "zip": "10245",
        "city": "Berlin",
        "district": "Friedrichshain",
        "center": [
          13.409779,
          52.520645
        ],
        "additions": []
      },
      "geometry": {
        "type": "Point",
        "coordinates": [
          13.409779,
          52.520645
        ]
      }
    },
    {
      "type": "Feature",
      "properties": {
        "title": "Emil Molt Schule",
        "ref": "06P05",
        "type": "Freie Waldorfschule ( privat )",
        "street": "Claszeile 60",
        "zip": "14165",
        "city": "Berlin",
        "district": "Zehlendorf",
        "center": [
          13.409779,
          52.520645
        ],
        "additions": [
          "Zugang über Rampe möglich"
        ]
      },
      "geometry": {
        "type": "Point",
        "coordinates": [
          13.409779,
          52.520645
        ]
      }
    },
    {
      "type": "Feature",
      "properties": {
        "title": "Emil-Fischer-Schule (OSZ Ernährung und Lebensmitteltechnik)",
        "ref": "12B02",
        "type": "Berufsoberschule ( öffentlich )",
        "street": "Cyclopstr. 1-5",
        "zip": "13437",
        "city": "Berlin",
        "district": "Wittenau",
        "center": [
          13.409779,
          52.520645
        ],
        "additions": [
          "Barrierefreie Toilette vorhanden, Behindertenparkplatz vorhanden, Fahrstuhl vorhanden, Zugang über Rampe möglich"
        ]
      },
      "geometry": {
        "type": "Point",
        "coordinates": [
          13.409779,
          52.520645
        ]
      }
    },
    {
      "type": "Feature",
      "properties": {
        "title": "Emil-Fischer-Schule (OSZ Ernährung und Lebensmitteltechnik)",
        "ref": "12B02",
        "type": "Berufliches Gymnasium ( öffentlich )",
        "street": "Cyclopstr. 1-5",
        "zip": "13437",
        "city": "Berlin",
        "district": "Wittenau",
        "center": [
          13.409779,
          52.520645
        ],
        "additions": [
          "Barrierefreie Toilette vorhanden, Behindertenparkplatz vorhanden, Fahrstuhl vorhanden, Zugang über Rampe möglich"
        ]
      },
      "geometry": {
        "type": "Point",
        "coordinates": [
          13.409779,
          52.520645
        ]
      }
    },
    {
      "type": "Feature",
      "properties": {
        "title": "Emil-Fischer-Schule (OSZ Ernährung und Lebensmitteltechnik)",
        "ref": "12B02",
        "type": "Berufsschule ( öffentlich )",
        "street": "Cyclopstr. 1-5",
        "zip": "13437",
        "city": "Berlin",
        "district": "Wittenau",
        "center": [
          13.409779,
          52.520645
        ],
        "additions": [
          "Barrierefreie Toilette vorhanden, Behindertenparkplatz vorhanden, Fahrstuhl vorhanden, Zugang über Rampe möglich"
        ]
      },
      "geometry": {
        "type": "Point",
        "coordinates": [
          13.409779,
          52.520645
        ]
      }
    },
    {
      "type": "Feature",
      "properties": {
        "title": "Emil-Fischer-Schule (OSZ Ernährung und Lebensmitteltechnik)",
        "ref": "12B02",
        "type": "Fachoberschule ( öffentlich )",
        "street": "Cyclopstr. 1-5",
        "zip": "13437",
        "city": "Berlin",
        "district": "Wittenau",
        "center": [
          13.409779,
          52.520645
        ],
        "additions": [
          "Barrierefreie Toilette vorhanden, Behindertenparkplatz vorhanden, Fahrstuhl vorhanden, Zugang über Rampe möglich"
        ]
      },
      "geometry": {
        "type": "Point",
        "coordinates": [
          13.409779,
          52.520645
        ]
      }
    },
    {
      "type": "Feature",
      "properties": {
        "title": "Emil-Fischer-Schule (OSZ Ernährung und Lebensmitteltechnik)",
        "ref": "12B02",
        "type": "Berufsfachschule ( öffentlich )",
        "street": "Cyclopstr. 1-5",
        "zip": "13437",
        "city": "Berlin",
        "district": "Wittenau",
        "center": [
          13.409779,
          52.520645
        ],
        "additions": [
          "Barrierefreie Toilette vorhanden, Behindertenparkplatz vorhanden, Fahrstuhl vorhanden, Zugang über Rampe möglich"
        ]
      },
      "geometry": {
        "type": "Point",
        "coordinates": [
          13.409779,
          52.520645
        ]
      }
    },
    {
      "type": "Feature",
      "properties": {
        "title": "Emil-Fischer-Schule (OSZ Ernährung und Lebensmitteltechnik)",
        "ref": "12B02",
        "type": "Fachschule ( öffentlich )",
        "street": "Cyclopstr. 1-5",
        "zip": "13437",
        "city": "Berlin",
        "district": "Wittenau",
        "center": [
          13.409779,
          52.520645
        ],
        "additions": [
          "Barrierefreie Toilette vorhanden, Behindertenparkplatz vorhanden, Fahrstuhl vorhanden, Zugang über Rampe möglich"
        ]
      },
      "geometry": {
        "type": "Point",
        "coordinates": [
          13.409779,
          52.520645
        ]
      }
    },
    {
      "type": "Feature",
      "properties": {
        "title": "Emmy-Noether-Gymnasium",
        "ref": "09Y11",
        "type": "Gymnasien ( öffentlich )",
        "street": "Pablo-Neruda-Str. 6-7",
        "zip": "12559",
        "city": "Berlin",
        "district": "Köpenick",
        "center": [
          13.409779,
          52.520645
        ],
        "additions": [
          "Barrierefreie Toilette vorhanden, Behindertenparkplatz vorhanden, Fahrstuhl vorhanden"
        ]
      },
      "geometry": {
        "type": "Point",
        "coordinates": [
          13.409779,
          52.520645
        ]
      }
    },
    {
      "type": "Feature",
      "properties": {
        "title": "Erich-Kästner-Grundschule",
        "ref": "06G04",
        "type": "Grundschule ( öffentlich )",
        "street": "Bachstelzenweg 2-8",
        "zip": "14195",
        "city": "Berlin",
        "district": "Dahlem",
        "center": [
          13.409779,
          52.520645
        ],
        "additions": [
          "Barrierefreie Toilette vorhanden, Zugang über Rampe möglich"
        ]
      },
      "geometry": {
        "type": "Point",
        "coordinates": [
          13.409779,
          52.520645
        ]
      }
    },
    {
      "type": "Feature",
      "properties": {
        "title": "Erika-Mann-Grundschule",
        "ref": "01G41",
        "type": "Grundschule ( öffentlich )",
        "street": "Utrechter Str. 25-27",
        "zip": "13347",
        "city": "Berlin",
        "district": "Wedding",
        "center": [
          13.409779,
          52.520645
        ],
        "additions": [
          "Behindertenparkplatz vorhanden"
        ]
      },
      "geometry": {
        "type": "Point",
        "coordinates": [
          13.409779,
          52.520645
        ]
      }
    },
    {
      "type": "Feature",
      "properties": {
        "title": "Ernst-Abbe-Gymnasium",
        "ref": "08Y04",
        "type": "Gymnasien ( öffentlich )",
        "street": "Sonnenallee 79",
        "zip": "12045",
        "city": "Berlin",
        "district": "Neukölln",
        "center": [
          13.409779,
          52.520645
        ],
        "additions": []
      },
      "geometry": {
        "type": "Point",
        "coordinates": [
          13.409779,
          52.520645
        ]
      }
    },
    {
      "type": "Feature",
      "properties": {
        "title": "Ernst-Adolf-Eschke-Schule für Gehörlose",
        "ref": "04S05",
        "type": "Berufsschule mit sonderpäd. Aufgaben ( öffentlich )",
        "street": "Waldschulallee 29",
        "zip": "14055",
        "city": "Berlin",
        "district": "Westend",
        "center": [
          13.409779,
          52.520645
        ],
        "additions": [
          "Die Schule arbeitet mit einem bimodal-bilingualen  Konzept, das Laut-, Gebärdensprache und Schriftsprache in der Unterrichtsarbeit mit hörgeschädigten Schüler/innen stets verbindet."
        ]
      },
      "geometry": {
        "type": "Point",
        "coordinates": [
          13.409779,
          52.520645
        ]
      }
    },
    {
      "type": "Feature",
      "properties": {
        "title": "Ernst-Adolf-Eschke-Schule für Gehörlose",
        "ref": "04S05",
        "type": "Förderschwerp. - Übrige ( öffentlich )",
        "street": "Waldschulallee 29",
        "zip": "14055",
        "city": "Berlin",
        "district": "Westend",
        "center": [
          13.409779,
          52.520645
        ],
        "additions": [
          "Die Schule arbeitet mit einem bimodal-bilingualen  Konzept, das Laut-, Gebärdensprache und Schriftsprache in der Unterrichtsarbeit mit hörgeschädigten Schüler/innen stets verbindet."
        ]
      },
      "geometry": {
        "type": "Point",
        "coordinates": [
          13.409779,
          52.520645
        ]
      }
    },
    {
      "type": "Feature",
      "properties": {
        "title": "Ernst-Adolf-Eschke-Schule für Gehörlose",
        "ref": "04S05",
        "type": "Berufsfachschule ( öffentlich )",
        "street": "Waldschulallee 29",
        "zip": "14055",
        "city": "Berlin",
        "district": "Westend",
        "center": [
          13.409779,
          52.520645
        ],
        "additions": [
          "Die Schule arbeitet mit einem bimodal-bilingualen  Konzept, das Laut-, Gebärdensprache und Schriftsprache in der Unterrichtsarbeit mit hörgeschädigten Schüler/innen stets verbindet."
        ]
      },
      "geometry": {
        "type": "Point",
        "coordinates": [
          13.409779,
          52.520645
        ]
      }
    },
    {
      "type": "Feature",
      "properties": {
        "title": "Ernst-Adolf-Eschke-Schule für Gehörlose",
        "ref": "04S05",
        "type": "Fachschule ( öffentlich )",
        "street": "Waldschulallee 29",
        "zip": "14055",
        "city": "Berlin",
        "district": "Westend",
        "center": [
          13.409779,
          52.520645
        ],
        "additions": [
          "Die Schule arbeitet mit einem bimodal-bilingualen  Konzept, das Laut-, Gebärdensprache und Schriftsprache in der Unterrichtsarbeit mit hörgeschädigten Schüler/innen stets verbindet."
        ]
      },
      "geometry": {
        "type": "Point",
        "coordinates": [
          13.409779,
          52.520645
        ]
      }
    },
    {
      "type": "Feature",
      "properties": {
        "title": "Ernst-Adolf-Eschke-Schule für Gehörlose",
        "ref": "04S05",
        "type": "Integrierte Sekundarschule ( öffentlich )",
        "street": "Waldschulallee 29",
        "zip": "14055",
        "city": "Berlin",
        "district": "Westend",
        "center": [
          13.409779,
          52.520645
        ],
        "additions": [
          "Die Schule arbeitet mit einem bimodal-bilingualen  Konzept, das Laut-, Gebärdensprache und Schriftsprache in der Unterrichtsarbeit mit hörgeschädigten Schüler/innen stets verbindet."
        ]
      },
      "geometry": {
        "type": "Point",
        "coordinates": [
          13.409779,
          52.520645
        ]
      }
    },
    {
      "type": "Feature",
      "properties": {
        "title": "Ernst-Adolf-Eschke-Schule für Gehörlose",
        "ref": "04S05",
        "type": "Berufsschule ( öffentlich )",
        "street": "Waldschulallee 29",
        "zip": "14055",
        "city": "Berlin",
        "district": "Westend",
        "center": [
          13.409779,
          52.520645
        ],
        "additions": [
          "Die Schule arbeitet mit einem bimodal-bilingualen  Konzept, das Laut-, Gebärdensprache und Schriftsprache in der Unterrichtsarbeit mit hörgeschädigten Schüler/innen stets verbindet."
        ]
      },
      "geometry": {
        "type": "Point",
        "coordinates": [
          13.409779,
          52.520645
        ]
      }
    },
    {
      "type": "Feature",
      "properties": {
        "title": "Ernst-Habermann-Grundschule",
        "ref": "04G18",
        "type": "Grundschule ( öffentlich )",
        "street": "Prinzregentenstr. 33-34",
        "zip": "10715",
        "city": "Berlin",
        "district": "Wilmersdorf",
        "center": [
          13.409779,
          52.520645
        ],
        "additions": []
      },
      "geometry": {
        "type": "Point",
        "coordinates": [
          13.409779,
          52.520645
        ]
      }
    },
    {
      "type": "Feature",
      "properties": {
        "title": "Ernst-Haeckel-Schule",
        "ref": "10K02",
        "type": "Integrierte Sekundarschule ( öffentlich )",
        "street": "Luckenwalder Str. 53",
        "zip": "12629",
        "city": "Berlin",
        "district": "Hellersdorf",
        "center": [
          13.409779,
          52.520645
        ],
        "additions": []
      },
      "geometry": {
        "type": "Point",
        "coordinates": [
          13.409779,
          52.520645
        ]
      }
    },
    {
      "type": "Feature",
      "properties": {
        "title": "Ernst-Litfaß-Schule (OSZ Mediengestaltung und Medientechnologie)",
        "ref": "12B03",
        "type": "Fachoberschule ( öffentlich )",
        "street": "Cyclopstr. 1-5",
        "zip": "13437",
        "city": "Berlin",
        "district": "Wittenau",
        "center": [
          13.409779,
          52.520645
        ],
        "additions": [
          "Barrierefreie Toilette vorhanden, Behindertenparkplatz vorhanden, Fahrstuhl vorhanden, Zugang über Rampe möglich"
        ]
      },
      "geometry": {
        "type": "Point",
        "coordinates": [
          13.409779,
          52.520645
        ]
      }
    },
    {
      "type": "Feature",
      "properties": {
        "title": "Ernst-Litfaß-Schule (OSZ Mediengestaltung und Medientechnologie)",
        "ref": "12B03",
        "type": "Berufsschule ( öffentlich )",
        "street": "Cyclopstr. 1-5",
        "zip": "13437",
        "city": "Berlin",
        "district": "Wittenau",
        "center": [
          13.409779,
          52.520645
        ],
        "additions": [
          "Barrierefreie Toilette vorhanden, Behindertenparkplatz vorhanden, Fahrstuhl vorhanden, Zugang über Rampe möglich"
        ]
      },
      "geometry": {
        "type": "Point",
        "coordinates": [
          13.409779,
          52.520645
        ]
      }
    },
    {
      "type": "Feature",
      "properties": {
        "title": "Ernst-Litfaß-Schule (OSZ Mediengestaltung und Medientechnologie)",
        "ref": "12B03",
        "type": "Berufsfachschule ( öffentlich )",
        "street": "Cyclopstr. 1-5",
        "zip": "13437",
        "city": "Berlin",
        "district": "Wittenau",
        "center": [
          13.409779,
          52.520645
        ],
        "additions": [
          "Barrierefreie Toilette vorhanden, Behindertenparkplatz vorhanden, Fahrstuhl vorhanden, Zugang über Rampe möglich"
        ]
      },
      "geometry": {
        "type": "Point",
        "coordinates": [
          13.409779,
          52.520645
        ]
      }
    },
    {
      "type": "Feature",
      "properties": {
        "title": "Ernst-Litfaß-Schule (OSZ Mediengestaltung und Medientechnologie)",
        "ref": "12B03",
        "type": "Berufsoberschule ( öffentlich )",
        "street": "Cyclopstr. 1-5",
        "zip": "13437",
        "city": "Berlin",
        "district": "Wittenau",
        "center": [
          13.409779,
          52.520645
        ],
        "additions": [
          "Barrierefreie Toilette vorhanden, Behindertenparkplatz vorhanden, Fahrstuhl vorhanden, Zugang über Rampe möglich"
        ]
      },
      "geometry": {
        "type": "Point",
        "coordinates": [
          13.409779,
          52.520645
        ]
      }
    },
    {
      "type": "Feature",
      "properties": {
        "title": "Ernst-Litfaß-Schule (OSZ Mediengestaltung und Medientechnologie)",
        "ref": "12B03",
        "type": "Fachschule ( öffentlich )",
        "street": "Cyclopstr. 1-5",
        "zip": "13437",
        "city": "Berlin",
        "district": "Wittenau",
        "center": [
          13.409779,
          52.520645
        ],
        "additions": [
          "Barrierefreie Toilette vorhanden, Behindertenparkplatz vorhanden, Fahrstuhl vorhanden, Zugang über Rampe möglich"
        ]
      },
      "geometry": {
        "type": "Point",
        "coordinates": [
          13.409779,
          52.520645
        ]
      }
    },
    {
      "type": "Feature",
      "properties": {
        "title": "Ernst-Ludwig-Heim-Grundschule",
        "ref": "05G01",
        "type": "Grundschule ( öffentlich )",
        "street": "Grunewaldstr. 8",
        "zip": "13597",
        "city": "Berlin",
        "district": "Spandau",
        "center": [
          13.409779,
          52.520645
        ],
        "additions": [
          "Barrierefreie Toilette vorhanden, Zugang über Rampe möglich"
        ]
      },
      "geometry": {
        "type": "Point",
        "coordinates": [
          13.409779,
          52.520645
        ]
      }
    },
    {
      "type": "Feature",
      "properties": {
        "title": "Ernst-Reuter-Schule",
        "ref": "01K03",
        "type": "Integrierte Sekundarschule ( öffentlich )",
        "street": "Stralsunder Str. 57",
        "zip": "13355",
        "city": "Berlin",
        "district": "Gesundbrunnen",
        "center": [
          13.409779,
          52.520645
        ],
        "additions": [
          "Fahrstuhl vorhanden"
        ]
      },
      "geometry": {
        "type": "Point",
        "coordinates": [
          13.409779,
          52.520645
        ]
      }
    },
    {
      "type": "Feature",
      "properties": {
        "title": "Ernst-Schering-Schule",
        "ref": "01K02",
        "type": "Integrierte Sekundarschule ( öffentlich )",
        "street": "Lütticher Str. 47-48",
        "zip": "13353",
        "city": "Berlin",
        "district": "Wedding",
        "center": [
          13.409779,
          52.520645
        ],
        "additions": []
      },
      "geometry": {
        "type": "Point",
        "coordinates": [
          13.409779,
          52.520645
        ]
      }
    },
    {
      "type": "Feature",
      "properties": {
        "title": "Erste Aktivschule Charlottenburg (Grundschule)",
        "ref": "04P22",
        "type": "Grundschule ( privat )",
        "street": "Württembergallee 32",
        "zip": "14052",
        "city": "Berlin",
        "district": "Westend",
        "center": [
          13.409779,
          52.520645
        ],
        "additions": []
      },
      "geometry": {
        "type": "Point",
        "coordinates": [
          13.409779,
          52.520645
        ]
      }
    },
    {
      "type": "Feature",
      "properties": {
        "title": "Erwin-von-Witzleben-Grundschule",
        "ref": "04G09",
        "type": "Grundschule ( öffentlich )",
        "street": "Halemweg 34",
        "zip": "13627",
        "city": "Berlin",
        "district": "Charlottenburg-Nord",
        "center": [
          13.409779,
          52.520645
        ],
        "additions": [
          "Barrierefreie Toilette vorhanden, Behindertenparkplatz vorhanden, Zugang über Rampe möglich"
        ]
      },
      "geometry": {
        "type": "Point",
        "coordinates": [
          13.409779,
          52.520645
        ]
      }
    },
    {
      "type": "Feature",
      "properties": {
        "title": "ETI Schauspielschule Berlin",
        "ref": "01E03",
        "type": "Künstlerische Schule ( privat )",
        "street": "Rungestr. 20",
        "zip": "10179",
        "city": "Berlin",
        "district": "Mitte",
        "center": [
          13.409779,
          52.520645
        ],
        "additions": []
      },
      "geometry": {
        "type": "Point",
        "coordinates": [
          13.409779,
          52.520645
        ]
      }
    },
    {
      "type": "Feature",
      "properties": {
        "title": "EURASIA-Institute",
        "ref": "05E06",
        "type": "Sprachenschule ( privat )",
        "street": "Siemensdamm 62",
        "zip": "13627",
        "city": "Berlin",
        "district": "Siemensstadt",
        "center": [
          13.409779,
          52.520645
        ],
        "additions": []
      },
      "geometry": {
        "type": "Point",
        "coordinates": [
          13.409779,
          52.520645
        ]
      }
    },
    {
      "type": "Feature",
      "properties": {
        "title": "Euro Akademie Berlin",
        "ref": "12P13",
        "type": "Fachschule ( privat )",
        "street": "Berliner Str. 66",
        "zip": "13507",
        "city": "Berlin",
        "district": "Tegel",
        "center": [
          13.409779,
          52.520645
        ],
        "additions": []
      },
      "geometry": {
        "type": "Point",
        "coordinates": [
          13.409779,
          52.520645
        ]
      }
    },
    {
      "type": "Feature",
      "properties": {
        "title": "Euro Akademie Berlin",
        "ref": "12P13",
        "type": "Berufsfachschule ( privat )",
        "street": "Berliner Str. 66",
        "zip": "13507",
        "city": "Berlin",
        "district": "Tegel",
        "center": [
          13.409779,
          52.520645
        ],
        "additions": []
      },
      "geometry": {
        "type": "Point",
        "coordinates": [
          13.409779,
          52.520645
        ]
      }
    },
    {
      "type": "Feature",
      "properties": {
        "title": "Euro Akademie Berlin",
        "ref": "12P13",
        "type": "Berufsschule ( privat )",
        "street": "Berliner Str. 66",
        "zip": "13507",
        "city": "Berlin",
        "district": "Tegel",
        "center": [
          13.409779,
          52.520645
        ],
        "additions": []
      },
      "geometry": {
        "type": "Point",
        "coordinates": [
          13.409779,
          52.520645
        ]
      }
    },
    {
      "type": "Feature",
      "properties": {
        "title": "Euro Akademie Berlin - Schule für Übersetzer und Dolmetscher",
        "ref": "12E06",
        "type": "Sonstige Ergänzungsschule ( privat )",
        "street": "Berliner Str. 66",
        "zip": "13507",
        "city": "Berlin",
        "district": "Tegel",
        "center": [
          13.409779,
          52.520645
        ],
        "additions": []
      },
      "geometry": {
        "type": "Point",
        "coordinates": [
          13.409779,
          52.520645
        ]
      }
    },
    {
      "type": "Feature",
      "properties": {
        "title": "Europäisches Gymnasium Bertha-von-Suttner",
        "ref": "12Y02",
        "type": "Gymnasien ( öffentlich )",
        "street": "Reginhardstr. 172",
        "zip": "13409",
        "city": "Berlin",
        "district": "Reinickendorf",
        "center": [
          13.409779,
          52.520645
        ],
        "additions": []
      },
      "geometry": {
        "type": "Point",
        "coordinates": [
          13.409779,
          52.520645
        ]
      }
    },
    {
      "type": "Feature",
      "properties": {
        "title": "Evangelische Grundschule Friedrichshagen",
        "ref": "09P13",
        "type": "Grundschule ( privat )",
        "street": "Peter-Hille-Str. 36",
        "zip": "12587",
        "city": "Berlin",
        "district": "Friedrichshagen",
        "center": [
          13.409779,
          52.520645
        ],
        "additions": []
      },
      "geometry": {
        "type": "Point",
        "coordinates": [
          13.409779,
          52.520645
        ]
      }
    },
    {
      "type": "Feature",
      "properties": {
        "title": "Evangelische Grundschule Zehlendorf",
        "ref": "06P24",
        "type": "Grundschule ( privat )",
        "street": "Ludwigsfelder Str. 30",
        "zip": "14165",
        "city": "Berlin",
        "district": "Zehlendorf",
        "center": [
          13.409779,
          52.520645
        ],
        "additions": []
      },
      "geometry": {
        "type": "Point",
        "coordinates": [
          13.409779,
          52.520645
        ]
      }
    },
    {
      "type": "Feature",
      "properties": {
        "title": "Evangelische Schule Berlin Buch (Grundschule)",
        "ref": "03P33",
        "type": "Grundschule ( privat )",
        "street": "Wiltbergstr. 50",
        "zip": "13125",
        "city": "Berlin",
        "district": "Buch",
        "center": [
          13.409779,
          52.520645
        ],
        "additions": []
      },
      "geometry": {
        "type": "Point",
        "coordinates": [
          13.409779,
          52.520645
        ]
      }
    },
    {
      "type": "Feature",
      "properties": {
        "title": "Evangelische Schule Berlin Mitte (Gemeinschaftsschule)",
        "ref": "01P01",
        "type": "Grundschule ( privat )",
        "street": "Rochstr. 7",
        "zip": "10178",
        "city": "Berlin",
        "district": "Mitte",
        "center": [
          13.409779,
          52.520645
        ],
        "additions": []
      },
      "geometry": {
        "type": "Point",
        "coordinates": [
          13.409779,
          52.520645
        ]
      }
    },
    {
      "type": "Feature",
      "properties": {
        "title": "Evangelische Schule Berlin Zentrum (Gemeinschaftsschule)",
        "ref": "01P23",
        "type": "Gemeinschaftsschule ( privat )",
        "street": "Wallstr. 32",
        "zip": "10179",
        "city": "Berlin",
        "district": "Mitte",
        "center": [
          13.409779,
          52.520645
        ],
        "additions": []
      },
      "geometry": {
        "type": "Point",
        "coordinates": [
          13.409779,
          52.520645
        ]
      }
    },
    {
      "type": "Feature",
      "properties": {
        "title": "Evangelische Schule Berlin-Friedrichshain (Grundschule)",
        "ref": "02P25",
        "type": "Grundschule ( privat )",
        "street": "Petersburger Platz 5",
        "zip": "10249",
        "city": "Berlin",
        "district": "Friedrichshain",
        "center": [
          13.409779,
          52.520645
        ],
        "additions": []
      },
      "geometry": {
        "type": "Point",
        "coordinates": [
          13.409779,
          52.520645
        ]
      }
    },
    {
      "type": "Feature",
      "properties": {
        "title": "Evangelische Schule Charlottenburg (Integrierte Sekundarschule)",
        "ref": "04P05",
        "type": "Integrierte Sekundarschule ( privat )",
        "street": "Guerickestr. 4-6",
        "zip": "10587",
        "city": "Berlin",
        "district": "Charlottenburg",
        "center": [
          13.409779,
          52.520645
        ],
        "additions": [
          "Behindertenparkplatz vorhanden"
        ]
      },
      "geometry": {
        "type": "Point",
        "coordinates": [
          13.409779,
          52.520645
        ]
      }
    },
    {
      "type": "Feature",
      "properties": {
        "title": "Evangelische Schule Charlottenburg (Integrierte Sekundarschule)",
        "ref": "04P05",
        "type": "Grundschule ( privat )",
        "street": "Guerickestr. 4-6",
        "zip": "10587",
        "city": "Berlin",
        "district": "Charlottenburg",
        "center": [
          13.409779,
          52.520645
        ],
        "additions": [
          "Behindertenparkplatz vorhanden"
        ]
      },
      "geometry": {
        "type": "Point",
        "coordinates": [
          13.409779,
          52.520645
        ]
      }
    },
    {
      "type": "Feature",
      "properties": {
        "title": "Evangelische Schule Frohnau",
        "ref": "12P03",
        "type": "Gymnasien ( privat )",
        "street": "Benediktinerstr. 11-19",
        "zip": "13465",
        "city": "Berlin",
        "district": "Frohnau",
        "center": [
          13.409779,
          52.520645
        ],
        "additions": [
          "Barrierefreie Toilette vorhanden, Behindertenparkplatz vorhanden, Fahrstuhl vorhanden, Zugang über Rampe möglich"
        ]
      },
      "geometry": {
        "type": "Point",
        "coordinates": [
          13.409779,
          52.520645
        ]
      }
    },
    {
      "type": "Feature",
      "properties": {
        "title": "Evangelische Schule Frohnau",
        "ref": "12P03",
        "type": "Grundschule ( privat )",
        "street": "Benediktinerstr. 11-19",
        "zip": "13465",
        "city": "Berlin",
        "district": "Frohnau",
        "center": [
          13.409779,
          52.520645
        ],
        "additions": [
          "Barrierefreie Toilette vorhanden, Behindertenparkplatz vorhanden, Fahrstuhl vorhanden, Zugang über Rampe möglich"
        ]
      },
      "geometry": {
        "type": "Point",
        "coordinates": [
          13.409779,
          52.520645
        ]
      }
    },
    {
      "type": "Feature",
      "properties": {
        "title": "Evangelische Schule Köpenick (Gymnasium)",
        "ref": "09P07",
        "type": "Gymnasien ( privat )",
        "street": "Grüne Trift 169",
        "zip": "12557",
        "city": "Berlin",
        "district": "Köpenick",
        "center": [
          13.409779,
          52.520645
        ],
        "additions": []
      },
      "geometry": {
        "type": "Point",
        "coordinates": [
          13.409779,
          52.520645
        ]
      }
    },
    {
      "type": "Feature",
      "properties": {
        "title": "Evangelische Schule Lichtenberg (Grundschule)",
        "ref": "11P03",
        "type": "Grundschule ( privat )",
        "street": "Rummelsburger Str. 3",
        "zip": "10315",
        "city": "Berlin",
        "district": "Friedrichsfelde",
        "center": [
          13.409779,
          52.520645
        ],
        "additions": [
          "Behindertenparkplatz vorhanden"
        ]
      },
      "geometry": {
        "type": "Point",
        "coordinates": [
          13.409779,
          52.520645
        ]
      }
    },
    {
      "type": "Feature",
      "properties": {
        "title": "Evangelische Schule Neukölln (Integrierte Sekundarschule)",
        "ref": "08P03",
        "type": "Integrierte Sekundarschule ( privat )",
        "street": "Mainzer Str. 47",
        "zip": "12053",
        "city": "Berlin",
        "district": "Neukölln",
        "center": [
          13.409779,
          52.520645
        ],
        "additions": []
      },
      "geometry": {
        "type": "Point",
        "coordinates": [
          13.409779,
          52.520645
        ]
      }
    },
    {
      "type": "Feature",
      "properties": {
        "title": "Evangelische Schule Neukölln (Integrierte Sekundarschule)",
        "ref": "08P03",
        "type": "Grundschule ( privat )",
        "street": "Mainzer Str. 47",
        "zip": "12053",
        "city": "Berlin",
        "district": "Neukölln",
        "center": [
          13.409779,
          52.520645
        ],
        "additions": []
      },
      "geometry": {
        "type": "Point",
        "coordinates": [
          13.409779,
          52.520645
        ]
      }
    },
    {
      "type": "Feature",
      "properties": {
        "title": "Evangelische Schule Pankow (Grundschule)",
        "ref": "03P12",
        "type": "Grundschule ( privat )",
        "street": "Galenusstr. 60A",
        "zip": "13187",
        "city": "Berlin",
        "district": "Pankow",
        "center": [
          13.409779,
          52.520645
        ],
        "additions": [
          "Fahrstuhl vorhanden"
        ]
      },
      "geometry": {
        "type": "Point",
        "coordinates": [
          13.409779,
          52.520645
        ]
      }
    },
    {
      "type": "Feature",
      "properties": {
        "title": "Evangelische Schule Spandau im Johannesstift",
        "ref": "05P03",
        "type": "Integrierte Sekundarschule ( privat )",
        "street": "Schönwalder Allee 26",
        "zip": "13587",
        "city": "Berlin",
        "district": "Hakenfelde",
        "center": [
          13.409779,
          52.520645
        ],
        "additions": []
      },
      "geometry": {
        "type": "Point",
        "coordinates": [
          13.409779,
          52.520645
        ]
      }
    },
    {
      "type": "Feature",
      "properties": {
        "title": "Evangelische Schule Spandau im Johannesstift",
        "ref": "05P03",
        "type": "Grundschule ( privat )",
        "street": "Schönwalder Allee 26",
        "zip": "13587",
        "city": "Berlin",
        "district": "Hakenfelde",
        "center": [
          13.409779,
          52.520645
        ],
        "additions": []
      },
      "geometry": {
        "type": "Point",
        "coordinates": [
          13.409779,
          52.520645
        ]
      }
    },
    {
      "type": "Feature",
      "properties": {
        "title": "Evangelische Schule Steglitz (Integrierte Sekundarschule)",
        "ref": "06P12",
        "type": "Integrierte Sekundarschule ( privat )",
        "street": "Beymestr. 6-7",
        "zip": "12167",
        "city": "Berlin",
        "district": "Steglitz",
        "center": [
          13.409779,
          52.520645
        ],
        "additions": [
          "Behindertenparkplatz vorhanden"
        ]
      },
      "geometry": {
        "type": "Point",
        "coordinates": [
          13.409779,
          52.520645
        ]
      }
    },
    {
      "type": "Feature",
      "properties": {
        "title": "Evangelische Schule Steglitz (Integrierte Sekundarschule)",
        "ref": "06P12",
        "type": "Grundschule ( privat )",
        "street": "Beymestr. 6-7",
        "zip": "12167",
        "city": "Berlin",
        "district": "Steglitz",
        "center": [
          13.409779,
          52.520645
        ],
        "additions": [
          "Behindertenparkplatz vorhanden"
        ]
      },
      "geometry": {
        "type": "Point",
        "coordinates": [
          13.409779,
          52.520645
        ]
      }
    },
    {
      "type": "Feature",
      "properties": {
        "title": "Evangelische Schule Wilmersdorf (Grundschule)",
        "ref": "04P21",
        "type": "Grundschule ( privat )",
        "street": "Brandenburgische Str. 51",
        "zip": "10707",
        "city": "Berlin",
        "district": "Wilmersdorf",
        "center": [
          13.409779,
          52.520645
        ],
        "additions": []
      },
      "geometry": {
        "type": "Point",
        "coordinates": [
          13.409779,
          52.520645
        ]
      }
    },
    {
      "type": "Feature",
      "properties": {
        "title": "Evangelisches Gymnasium zum Grauen Kloster",
        "ref": "04P11",
        "type": "Gymnasien ( privat )",
        "street": "Salzbrunner Str. 41",
        "zip": "14193",
        "city": "Berlin",
        "district": "Schmargendorf",
        "center": [
          13.409779,
          52.520645
        ],
        "additions": []
      },
      "geometry": {
        "type": "Point",
        "coordinates": [
          13.409779,
          52.520645
        ]
      }
    },
    {
      "type": "Feature",
      "properties": {
        "title": "Eventus - Fachschule für Sozialpädagogik",
        "ref": "12P23",
        "type": "Fachschule ( privat )",
        "street": "Dianastr. 42-43",
        "zip": "13469",
        "city": "Berlin",
        "district": "Waidmannslust",
        "center": [
          13.409779,
          52.520645
        ],
        "additions": []
      },
      "geometry": {
        "type": "Point",
        "coordinates": [
          13.409779,
          52.520645
        ]
      }
    },
    {
      "type": "Feature",
      "properties": {
        "title": "Fachschule für Sozialpädagogik am Elisabethstift Berlin",
        "ref": "12P26",
        "type": "Fachschule ( privat )",
        "street": "Berliner Str. 118 ",
        "zip": "13467",
        "city": "Berlin",
        "district": "Hermsdorf",
        "center": [
          13.409779,
          52.520645
        ],
        "additions": []
      },
      "geometry": {
        "type": "Point",
        "coordinates": [
          13.409779,
          52.520645
        ]
      }
    },
    {
      "type": "Feature",
      "properties": {
        "title": "Falken-Grundschule",
        "ref": "10G04",
        "type": "Grundschule ( öffentlich )",
        "street": "Geraer Ring 2",
        "zip": "12689",
        "city": "Berlin",
        "district": "Marzahn",
        "center": [
          13.409779,
          52.520645
        ],
        "additions": []
      },
      "geometry": {
        "type": "Point",
        "coordinates": [
          13.409779,
          52.520645
        ]
      }
    },
    {
      "type": "Feature",
      "properties": {
        "title": "Fanny-Hensel-Grundschule",
        "ref": "02G19",
        "type": "Grundschule ( öffentlich )",
        "street": "Schöneberger Str. 23",
        "zip": "10963",
        "city": "Berlin",
        "district": "Kreuzberg",
        "center": [
          13.409779,
          52.520645
        ],
        "additions": [
          "Behindertenparkplatz vorhanden, Fahrstuhl vorhanden"
        ]
      },
      "geometry": {
        "type": "Point",
        "coordinates": [
          13.409779,
          52.520645
        ]
      }
    },
    {
      "type": "Feature",
      "properties": {
        "title": "Feldmark-Schule (Grundschule)",
        "ref": "11G28",
        "type": "Grundschule ( öffentlich )",
        "street": "Wartiner Str. 23",
        "zip": "13057",
        "city": "Berlin",
        "district": "Neu-Hohenschönhausen",
        "center": [
          13.409779,
          52.520645
        ],
        "additions": [
          "Fahrstuhl vorhanden"
        ]
      },
      "geometry": {
        "type": "Point",
        "coordinates": [
          13.409779,
          52.520645
        ]
      }
    },
    {
      "type": "Feature",
      "properties": {
        "title": "Felix-Mendelssohn-Bartholdy-Gymnasium",
        "ref": "03Y13",
        "type": "Gymnasien ( öffentlich )",
        "street": "Pasteurstr. 7",
        "zip": "10407",
        "city": "Berlin",
        "district": "Prenzlauer Berg",
        "center": [
          13.409779,
          52.520645
        ],
        "additions": []
      },
      "geometry": {
        "type": "Point",
        "coordinates": [
          13.409779,
          52.520645
        ]
      }
    },
    {
      "type": "Feature",
      "properties": {
        "title": "Ferdinand-Freiligrath-Schule (Integrierte Sekundarschule)",
        "ref": "02K10",
        "type": "Integrierte Sekundarschule ( öffentlich )",
        "street": "Bergmannstr. 64",
        "zip": "10961",
        "city": "Berlin",
        "district": "Kreuzberg",
        "center": [
          13.409779,
          52.520645
        ],
        "additions": []
      },
      "geometry": {
        "type": "Point",
        "coordinates": [
          13.409779,
          52.520645
        ]
      }
    },
    {
      "type": "Feature",
      "properties": {
        "title": "Fichtelgebirge-Grundschule",
        "ref": "02G23",
        "type": "Grundschule ( öffentlich )",
        "street": "Görlitzer Ufer 2",
        "zip": "10997",
        "city": "Berlin",
        "district": "Kreuzberg",
        "center": [
          13.409779,
          52.520645
        ],
        "additions": []
      },
      "geometry": {
        "type": "Point",
        "coordinates": [
          13.409779,
          52.520645
        ]
      }
    },
    {
      "type": "Feature",
      "properties": {
        "title": "Fichtenberg-Gymnasium",
        "ref": "06Y09",
        "type": "Gymnasien ( öffentlich )",
        "street": "Rothenburgstr. 18",
        "zip": "12165",
        "city": "Berlin",
        "district": "Steglitz",
        "center": [
          13.409779,
          52.520645
        ],
        "additions": []
      },
      "geometry": {
        "type": "Point",
        "coordinates": [
          13.409779,
          52.520645
        ]
      }
    },
    {
      "type": "Feature",
      "properties": {
        "title": "Filmschauspielschule Berlin gUG",
        "ref": "04E31",
        "type": "Künstlerische Schule ( privat )",
        "street": "Otto-Suhr-Allee 94",
        "zip": "10585",
        "city": "Berlin",
        "district": "Charlottenburg",
        "center": [
          13.409779,
          52.520645
        ],
        "additions": []
      },
      "geometry": {
        "type": "Point",
        "coordinates": [
          13.409779,
          52.520645
        ]
      }
    },
    {
      "type": "Feature",
      "properties": {
        "title": "Finkenkrug-Schule",
        "ref": "04S06",
        "type": "Förderschwerp. - Geistige Entwicklung ( öffentlich )",
        "street": "Mannheimer Str. 21-22",
        "zip": "10713",
        "city": "Berlin",
        "district": "Wilmersdorf",
        "center": [
          13.409779,
          52.520645
        ],
        "additions": [
          "Barrierefreie Toilette vorhanden, Behindertenparkplatz vorhanden, Fahrstuhl vorhanden, Zugang über Rampe möglich"
        ]
      },
      "geometry": {
        "type": "Point",
        "coordinates": [
          13.409779,
          52.520645
        ]
      }
    },
    {
      "type": "Feature",
      "properties": {
        "title": "Finow-Grundschule",
        "ref": "07G02",
        "type": "Grundschule ( öffentlich )",
        "street": "Welserstr. 16-22",
        "zip": "10777",
        "city": "Berlin",
        "district": "Schöneberg",
        "center": [
          13.409779,
          52.520645
        ],
        "additions": [
          "Barrierefreie Toilette vorhanden, Behindertenparkplatz vorhanden, Fahrstuhl vorhanden, Zugang über Rampe möglich"
        ]
      },
      "geometry": {
        "type": "Point",
        "coordinates": [
          13.409779,
          52.520645
        ]
      }
    },
    {
      "type": "Feature",
      "properties": {
        "title": "Fläming-Grundschule",
        "ref": "07G15",
        "type": "Grundschule ( öffentlich )",
        "street": "Illstr. 4-6",
        "zip": "12161",
        "city": "Berlin",
        "district": "Friedenau",
        "center": [
          13.409779,
          52.520645
        ],
        "additions": [
          "Barrierefreie Toilette vorhanden, Behindertenparkplatz vorhanden, Fahrstuhl vorhanden, Zugang über Rampe möglich"
        ]
      },
      "geometry": {
        "type": "Point",
        "coordinates": [
          13.409779,
          52.520645
        ]
      }
    },
    {
      "type": "Feature",
      "properties": {
        "title": "Flatow-Oberschule",
        "ref": "09A07",
        "type": "Integrierte Sekundarschule ( öffentlich )",
        "street": "Birkenstr. 11",
        "zip": "12559",
        "city": "Berlin",
        "district": "Köpenick",
        "center": [
          13.409779,
          52.520645
        ],
        "additions": [
          "Barrierefreie Toilette vorhanden, Behindertenparkplatz vorhanden, Fahrstuhl vorhanden, Zugang über Rampe möglich"
        ]
      },
      "geometry": {
        "type": "Point",
        "coordinates": [
          13.409779,
          52.520645
        ]
      }
    },
    {
      "type": "Feature",
      "properties": {
        "title": "Flying Steps Education gGmbH",
        "ref": "02E43",
        "type": "Künstlerische Schule ( privat )",
        "street": "Lobeckstr. 30-35",
        "zip": "10969",
        "city": "Berlin",
        "district": "Kreuzberg",
        "center": [
          13.409779,
          52.520645
        ],
        "additions": []
      },
      "geometry": {
        "type": "Point",
        "coordinates": [
          13.409779,
          52.520645
        ]
      }
    },
    {
      "type": "Feature",
      "properties": {
        "title": "FORUM Berufsbildung e.V.",
        "ref": "02P19",
        "type": "Berufsfachschule ( privat )",
        "street": "Charlottenstr. 2",
        "zip": "10969",
        "city": "Berlin",
        "district": "Kreuzberg",
        "center": [
          13.409779,
          52.520645
        ],
        "additions": []
      },
      "geometry": {
        "type": "Point",
        "coordinates": [
          13.409779,
          52.520645
        ]
      }
    },
    {
      "type": "Feature",
      "properties": {
        "title": "FORUM Berufsbildung e.V.",
        "ref": "02P19",
        "type": "Fachschule ( privat )",
        "street": "Charlottenstr. 2",
        "zip": "10969",
        "city": "Berlin",
        "district": "Kreuzberg",
        "center": [
          13.409779,
          52.520645
        ],
        "additions": []
      },
      "geometry": {
        "type": "Point",
        "coordinates": [
          13.409779,
          52.520645
        ]
      }
    },
    {
      "type": "Feature",
      "properties": {
        "title": "FORUM Berufsbildung e.V.",
        "ref": "02E30",
        "type": "Sonstige Ergänzungsschule ( privat )",
        "street": "Charlottenstr. 2",
        "zip": "10969",
        "city": "Berlin",
        "district": "Kreuzberg",
        "center": [
          13.409779,
          52.520645
        ],
        "additions": []
      },
      "geometry": {
        "type": "Point",
        "coordinates": [
          13.409779,
          52.520645
        ]
      }
    },
    {
      "type": "Feature",
      "properties": {
        "title": "Franz-Carl-Achard-Grundschule",
        "ref": "10G31",
        "type": "Grundschule ( öffentlich )",
        "street": "Waplitzer Str. 11A",
        "zip": "12621",
        "city": "Berlin",
        "district": "Kaulsdorf",
        "center": [
          13.409779,
          52.520645
        ],
        "additions": []
      },
      "geometry": {
        "type": "Point",
        "coordinates": [
          13.409779,
          52.520645
        ]
      }
    },
    {
      "type": "Feature",
      "properties": {
        "title": "Franz-Marc-Grundschule",
        "ref": "12G13",
        "type": "Grundschule ( öffentlich )",
        "street": "Treskowstr. 26-31",
        "zip": "13507",
        "city": "Berlin",
        "district": "Tegel",
        "center": [
          13.409779,
          52.520645
        ],
        "additions": [
          "Barrierefreie Toilette vorhanden, Behindertenparkplatz vorhanden"
        ]
      },
      "geometry": {
        "type": "Point",
        "coordinates": [
          13.409779,
          52.520645
        ]
      }
    },
    {
      "type": "Feature",
      "properties": {
        "title": "Französisches Gymnasium",
        "ref": "01Y07",
        "type": "Gymnasien ( öffentlich )",
        "street": "Derfflingerstr. 7",
        "zip": "10785",
        "city": "Berlin",
        "district": "Tiergarten",
        "center": [
          13.409779,
          52.520645
        ],
        "additions": [
          "Zugang über Rampe möglich"
        ]
      },
      "geometry": {
        "type": "Point",
        "coordinates": [
          13.409779,
          52.520645
        ]
      }
    },
    {
      "type": "Feature",
      "properties": {
        "title": "Freie Georgschule",
        "ref": "05P18",
        "type": "Freie Waldorfschule ( privat )",
        "street": "Metropolitan Park 70",
        "zip": "13591",
        "city": "Berlin",
        "district": "Staaken",
        "center": [
          13.409779,
          52.520645
        ],
        "additions": []
      },
      "geometry": {
        "type": "Point",
        "coordinates": [
          13.409779,
          52.520645
        ]
      }
    },
    {
      "type": "Feature",
      "properties": {
        "title": "Freie Grundschule Marzahn",
        "ref": "10P24",
        "type": "Grundschule ( privat )",
        "street": "Karl-Holtz-Str. 6",
        "zip": "12687",
        "city": "Berlin",
        "district": "Marzahn",
        "center": [
          13.409779,
          52.520645
        ],
        "additions": []
      },
      "geometry": {
        "type": "Point",
        "coordinates": [
          13.409779,
          52.520645
        ]
      }
    },
    {
      "type": "Feature",
      "properties": {
        "title": "Freie Grundschule Pfefferwerk",
        "ref": "03P14",
        "type": "Grundschule ( privat )",
        "street": "Schönfließer Str. 7",
        "zip": "10439",
        "city": "Berlin",
        "district": "Prenzlauer Berg",
        "center": [
          13.409779,
          52.520645
        ],
        "additions": []
      },
      "geometry": {
        "type": "Point",
        "coordinates": [
          13.409779,
          52.520645
        ]
      }
    },
    {
      "type": "Feature",
      "properties": {
        "title": "Freie Humanistische Grundschule",
        "ref": "03P48",
        "type": "Grundschule ( privat )",
        "street": "Grabbeallee 36-40",
        "zip": "13156",
        "city": "Berlin",
        "district": "Niederschönhausen",
        "center": [
          13.409779,
          52.520645
        ],
        "additions": []
      },
      "geometry": {
        "type": "Point",
        "coordinates": [
          13.409779,
          52.520645
        ]
      }
    },
    {
      "type": "Feature",
      "properties": {
        "title": "Freie Integrative Montessori Grundschule Pankow",
        "ref": "03P21",
        "type": "Grundschule ( privat )",
        "street": "Hadlichstr. 2",
        "zip": "13187",
        "city": "Berlin",
        "district": "Pankow",
        "center": [
          13.409779,
          52.520645
        ],
        "additions": [
          "Barrierefreie Toilette vorhanden"
        ]
      },
      "geometry": {
        "type": "Point",
        "coordinates": [
          13.409779,
          52.520645
        ]
      }
    },
    {
      "type": "Feature",
      "properties": {
        "title": "Freie Interkulturelle Waldorfschule Berlin",
        "ref": "09P18",
        "type": "Freie Waldorfschule ( privat )",
        "street": "Schnellerstr. 1-5",
        "zip": "12439",
        "city": "Berlin",
        "district": "Niederschöneweide",
        "center": [
          13.409779,
          52.520645
        ],
        "additions": [
          "Filiale: Naumburger Straße 4, 12057 Berlin"
        ]
      },
      "geometry": {
        "type": "Point",
        "coordinates": [
          13.409779,
          52.520645
        ]
      }
    },
    {
      "type": "Feature",
      "properties": {
        "title": "Freie Naturschule im StadtGUT (Grundschule)",
        "ref": "03P23",
        "type": "Grundschule ( privat )",
        "street": "Hauptstr. 26",
        "zip": "13159",
        "city": "Berlin",
        "district": "Blankenfelde",
        "center": [
          13.409779,
          52.520645
        ],
        "additions": []
      },
      "geometry": {
        "type": "Point",
        "coordinates": [
          13.409779,
          52.520645
        ]
      }
    },
    {
      "type": "Feature",
      "properties": {
        "title": "Freie Schule am Mauerpark (Grundschule)",
        "ref": "01P13",
        "type": "Grundschule ( privat )",
        "street": "Wolliner Str. 25-26",
        "zip": "13355",
        "city": "Berlin",
        "district": "Gesundbrunnen",
        "center": [
          13.409779,
          52.520645
        ],
        "additions": []
      },
      "geometry": {
        "type": "Point",
        "coordinates": [
          13.409779,
          52.520645
        ]
      }
    },
    {
      "type": "Feature",
      "properties": {
        "title": "Freie Schule Anne-Sophie Berlin",
        "ref": "06P20",
        "type": "Gymnasien ( privat )",
        "street": "Clayallee 328-334",
        "zip": "14169",
        "city": "Berlin",
        "district": "Zehlendorf",
        "center": [
          13.409779,
          52.520645
        ],
        "additions": []
      },
      "geometry": {
        "type": "Point",
        "coordinates": [
          13.409779,
          52.520645
        ]
      }
    },
    {
      "type": "Feature",
      "properties": {
        "title": "Freie Schule Anne-Sophie Berlin",
        "ref": "06P20",
        "type": "Grundschule ( privat )",
        "street": "Clayallee 328-334",
        "zip": "14169",
        "city": "Berlin",
        "district": "Zehlendorf",
        "center": [
          13.409779,
          52.520645
        ],
        "additions": []
      },
      "geometry": {
        "type": "Point",
        "coordinates": [
          13.409779,
          52.520645
        ]
      }
    },
    {
      "type": "Feature",
      "properties": {
        "title": "Freie Schule Berlin Mahlsdorf",
        "ref": "10P12",
        "type": "Integrierte Sekundarschule ( privat )",
        "street": "Elsenstr. 13A",
        "zip": "12623",
        "city": "Berlin",
        "district": "Mahlsdorf",
        "center": [
          13.409779,
          52.520645
        ],
        "additions": []
      },
      "geometry": {
        "type": "Point",
        "coordinates": [
          13.409779,
          52.520645
        ]
      }
    },
    {
      "type": "Feature",
      "properties": {
        "title": "Freie Schule Charlottenburg",
        "ref": "04P15",
        "type": "Integrierte Sekundarschule ( privat )",
        "street": "Frankenallee 6",
        "zip": "14052",
        "city": "Berlin",
        "district": "Westend",
        "center": [
          13.409779,
          52.520645
        ],
        "additions": []
      },
      "geometry": {
        "type": "Point",
        "coordinates": [
          13.409779,
          52.520645
        ]
      }
    },
    {
      "type": "Feature",
      "properties": {
        "title": "Freie Schule Charlottenburg",
        "ref": "04P15",
        "type": "Grundschule ( privat )",
        "street": "Frankenallee 6",
        "zip": "14052",
        "city": "Berlin",
        "district": "Westend",
        "center": [
          13.409779,
          52.520645
        ],
        "additions": []
      },
      "geometry": {
        "type": "Point",
        "coordinates": [
          13.409779,
          52.520645
        ]
      }
    },
    {
      "type": "Feature",
      "properties": {
        "title": "Freie Schule in Berlin (Grundschule)",
        "ref": "07P05",
        "type": "Grundschule ( privat )",
        "street": "Viktoriastr. 13",
        "zip": "12105",
        "city": "Berlin",
        "district": "Tempelhof",
        "center": [
          13.409779,
          52.520645
        ],
        "additions": []
      },
      "geometry": {
        "type": "Point",
        "coordinates": [
          13.409779,
          52.520645
        ]
      }
    },
    {
      "type": "Feature",
      "properties": {
        "title": "Freie Schule Kreuzberg (Grundschule)",
        "ref": "02P09",
        "type": "Grundschule ( privat )",
        "street": "Wrangelstr. 128",
        "zip": "10997",
        "city": "Berlin",
        "district": "Kreuzberg",
        "center": [
          13.409779,
          52.520645
        ],
        "additions": []
      },
      "geometry": {
        "type": "Point",
        "coordinates": [
          13.409779,
          52.520645
        ]
      }
    },
    {
      "type": "Feature",
      "properties": {
        "title": "Freie Schule Pankow (Integrierte Sekundarschule)",
        "ref": "03P13",
        "type": "Integrierte Sekundarschule ( privat )",
        "street": "Grabbeallee 66",
        "zip": "13156",
        "city": "Berlin",
        "district": "Niederschönhausen",
        "center": [
          13.409779,
          52.520645
        ],
        "additions": []
      },
      "geometry": {
        "type": "Point",
        "coordinates": [
          13.409779,
          52.520645
        ]
      }
    },
    {
      "type": "Feature",
      "properties": {
        "title": "Freie Schule Pankow (Integrierte Sekundarschule)",
        "ref": "03P13",
        "type": "Grundschule ( privat )",
        "street": "Grabbeallee 66",
        "zip": "13156",
        "city": "Berlin",
        "district": "Niederschönhausen",
        "center": [
          13.409779,
          52.520645
        ],
        "additions": []
      },
      "geometry": {
        "type": "Point",
        "coordinates": [
          13.409779,
          52.520645
        ]
      }
    },
    {
      "type": "Feature",
      "properties": {
        "title": "Freie Schule Schöneberg (Gemeinschaftsschule)",
        "ref": "07P19",
        "type": "Gemeinschaftsschule ( privat )",
        "street": "Hauptstr. 27",
        "zip": "10827",
        "city": "Berlin",
        "district": "Schöneberg",
        "center": [
          13.409779,
          52.520645
        ],
        "additions": []
      },
      "geometry": {
        "type": "Point",
        "coordinates": [
          13.409779,
          52.520645
        ]
      }
    },
    {
      "type": "Feature",
      "properties": {
        "title": "Freie Schule Schöneberg (Gemeinschaftsschule)",
        "ref": "07P19",
        "type": "Grundschule ( privat )",
        "street": "Hauptstr. 27",
        "zip": "10827",
        "city": "Berlin",
        "district": "Schöneberg",
        "center": [
          13.409779,
          52.520645
        ],
        "additions": []
      },
      "geometry": {
        "type": "Point",
        "coordinates": [
          13.409779,
          52.520645
        ]
      }
    },
    {
      "type": "Feature",
      "properties": {
        "title": "Freie Schule Windrose (Grundschule)",
        "ref": "02P33",
        "type": "Grundschule ( privat )",
        "street": "Wiener Str. 1-6",
        "zip": "10999",
        "city": "Berlin",
        "district": "Kreuzberg",
        "center": [
          13.409779,
          52.520645
        ],
        "additions": []
      },
      "geometry": {
        "type": "Point",
        "coordinates": [
          13.409779,
          52.520645
        ]
      }
    },
    {
      "type": "Feature",
      "properties": {
        "title": "Freie Waldorfschule am Prenzlauer Berg",
        "ref": "03P30",
        "type": "Freie Waldorfschule ( privat )",
        "street": "Gürtelstr. 16",
        "zip": "10409",
        "city": "Berlin",
        "district": "Prenzlauer Berg",
        "center": [
          13.409779,
          52.520645
        ],
        "additions": []
      },
      "geometry": {
        "type": "Point",
        "coordinates": [
          13.409779,
          52.520645
        ]
      }
    },
    {
      "type": "Feature",
      "properties": {
        "title": "Freie Waldorfschule Berlin Mitte",
        "ref": "01P04",
        "type": "Freie Waldorfschule ( privat )",
        "street": "Weinmeisterstr. 16",
        "zip": "10178",
        "city": "Berlin",
        "district": "Mitte",
        "center": [
          13.409779,
          52.520645
        ],
        "additions": [
          "Behindertenparkplatz vorhanden"
        ]
      },
      "geometry": {
        "type": "Point",
        "coordinates": [
          13.409779,
          52.520645
        ]
      }
    },
    {
      "type": "Feature",
      "properties": {
        "title": "Freie Waldorfschule Berlin-Südost",
        "ref": "09P01",
        "type": "Freie Waldorfschule ( privat )",
        "street": "Bruno-Bürgel-Weg 9",
        "zip": "12439",
        "city": "Berlin",
        "district": "Niederschöneweide",
        "center": [
          13.409779,
          52.520645
        ],
        "additions": [
          "Barrierefreie Toilette vorhanden, Behindertenparkplatz vorhanden, Zugang über Rampe möglich"
        ]
      },
      "geometry": {
        "type": "Point",
        "coordinates": [
          13.409779,
          52.520645
        ]
      }
    },
    {
      "type": "Feature",
      "properties": {
        "title": "Freie Waldorfschule Havelhöhe",
        "ref": "05P01",
        "type": "Freie Waldorfschule ( privat )",
        "street": "Neukladower Allee 1",
        "zip": "14089",
        "city": "Berlin",
        "district": "Kladow",
        "center": [
          13.409779,
          52.520645
        ],
        "additions": [
          "Zugang über Rampe möglich"
        ]
      },
      "geometry": {
        "type": "Point",
        "coordinates": [
          13.409779,
          52.520645
        ]
      }
    },
    {
      "type": "Feature",
      "properties": {
        "title": "Freie Waldorfschule Kreuzberg",
        "ref": "02P04",
        "type": "Freie Waldorfschule ( privat )",
        "street": "Ritterstr. 78",
        "zip": "10969",
        "city": "Berlin",
        "district": "Kreuzberg",
        "center": [
          13.409779,
          52.520645
        ],
        "additions": [
          "Schule mit sonderpäd. Förderschwerpunkten: Körperlich-motorische Entwicklung, Emotionale-soziale Entwicklung, Lernen, Geistige Entwicklung, Autismus, Barrierefreie Toilette vorhanden, Behindertenparkplatz vorhanden, Fahrstuhl vorhanden, Zugang über Rampe möglich"
        ]
      },
      "geometry": {
        "type": "Point",
        "coordinates": [
          13.409779,
          52.520645
        ]
      }
    },
    {
      "type": "Feature",
      "properties": {
        "title": "Freie Waldorfschule Kreuzberg",
        "ref": "02P04",
        "type": "Förderschwerp. - Übrige ( privat )",
        "street": "Ritterstr. 78",
        "zip": "10969",
        "city": "Berlin",
        "district": "Kreuzberg",
        "center": [
          13.409779,
          52.520645
        ],
        "additions": [
          "Schule mit sonderpäd. Förderschwerpunkten: Körperlich-motorische Entwicklung, Emotionale-soziale Entwicklung, Lernen, Geistige Entwicklung, Autismus, Barrierefreie Toilette vorhanden, Behindertenparkplatz vorhanden, Fahrstuhl vorhanden, Zugang über Rampe möglich"
        ]
      },
      "geometry": {
        "type": "Point",
        "coordinates": [
          13.409779,
          52.520645
        ]
      }
    },
    {
      "type": "Feature",
      "properties": {
        "title": "Freiherr-vom-Stein-Gymnasium",
        "ref": "05Y01",
        "type": "Gymnasien ( öffentlich )",
        "street": "Galenstr. 40-44",
        "zip": "13597",
        "city": "Berlin",
        "district": "Spandau",
        "center": [
          13.409779,
          52.520645
        ],
        "additions": []
      },
      "geometry": {
        "type": "Point",
        "coordinates": [
          13.409779,
          52.520645
        ]
      }
    },
    {
      "type": "Feature",
      "properties": {
        "title": "Freudberg-Gemeinschaftsschule",
        "ref": "04P41",
        "type": "Gemeinschaftsschule ( privat )",
        "street": "Bundesallee 35",
        "zip": "10717",
        "city": "Berlin",
        "district": "Wilmersdorf",
        "center": [
          13.409779,
          52.520645
        ],
        "additions": []
      },
      "geometry": {
        "type": "Point",
        "coordinates": [
          13.409779,
          52.520645
        ]
      }
    },
    {
      "type": "Feature",
      "properties": {
        "title": "Friedenauer Gemeinschaftsschule",
        "ref": "07K12",
        "type": "Gemeinschaftsschule ( öffentlich )",
        "street": "Rubensstr. 63",
        "zip": "12157",
        "city": "Berlin",
        "district": "Schöneberg",
        "center": [
          13.409779,
          52.520645
        ],
        "additions": [
          "Barrierefreie Toilette vorhanden, Behindertenparkplatz vorhanden, Fahrstuhl vorhanden, Zugang über Rampe möglich"
        ]
      },
      "geometry": {
        "type": "Point",
        "coordinates": [
          13.409779,
          52.520645
        ]
      }
    },
    {
      "type": "Feature",
      "properties": {
        "title": "Friedensburg-Schule",
        "ref": "04K02",
        "type": "Integrierte Sekundarschule ( öffentlich )",
        "street": "Goethestr. 8-9",
        "zip": "10623",
        "city": "Berlin",
        "district": "Charlottenburg",
        "center": [
          13.409779,
          52.520645
        ],
        "additions": [
          "Barrierefreie Toilette vorhanden, Fahrstuhl vorhanden, Zugang über Rampe möglich"
        ]
      },
      "geometry": {
        "type": "Point",
        "coordinates": [
          13.409779,
          52.520645
        ]
      }
    },
    {
      "type": "Feature",
      "properties": {
        "title": "Friedrich-Bergius-Schule",
        "ref": "07K10",
        "type": "Integrierte Sekundarschule ( öffentlich )",
        "street": "Perelsplatz 6-9",
        "zip": "12159",
        "city": "Berlin",
        "district": "Friedenau",
        "center": [
          13.409779,
          52.520645
        ],
        "additions": []
      },
      "geometry": {
        "type": "Point",
        "coordinates": [
          13.409779,
          52.520645
        ]
      }
    },
    {
      "type": "Feature",
      "properties": {
        "title": "Friedrich-Drake-Grundschule",
        "ref": "06G33",
        "type": "Grundschule ( öffentlich )",
        "street": "Drakestr. 80",
        "zip": "12205",
        "city": "Berlin",
        "district": "Lichterfelde",
        "center": [
          13.409779,
          52.520645
        ],
        "additions": [
          "Haupteingang: Finckensteinallee 16"
        ]
      },
      "geometry": {
        "type": "Point",
        "coordinates": [
          13.409779,
          52.520645
        ]
      }
    },
    {
      "type": "Feature",
      "properties": {
        "title": "Friedrich-Ebert-Gymnasium",
        "ref": "04Y07",
        "type": "Gymnasien ( öffentlich )",
        "street": "Blissestr. 22",
        "zip": "10713",
        "city": "Berlin",
        "district": "Wilmersdorf",
        "center": [
          13.409779,
          52.520645
        ],
        "additions": []
      },
      "geometry": {
        "type": "Point",
        "coordinates": [
          13.409779,
          52.520645
        ]
      }
    },
    {
      "type": "Feature",
      "properties": {
        "title": "Friedrich-Engels-Gymnasium",
        "ref": "12Y01",
        "type": "Gymnasien ( öffentlich )",
        "street": "Emmentaler Str. 67",
        "zip": "13407",
        "city": "Berlin",
        "district": "Reinickendorf",
        "center": [
          13.409779,
          52.520645
        ],
        "additions": [
          "Fahrstuhl vorhanden"
        ]
      },
      "geometry": {
        "type": "Point",
        "coordinates": [
          13.409779,
          52.520645
        ]
      }
    },
    {
      "type": "Feature",
      "properties": {
        "title": "Friedrich-List-Schule (OSZ Büromanagement und Wirtschaftssprachen)",
        "ref": "11B04",
        "type": "Berufsfachschule ( öffentlich )",
        "street": "Marktstr. 2-3",
        "zip": "10317",
        "city": "Berlin",
        "district": "Rummelsburg",
        "center": [
          13.409779,
          52.520645
        ],
        "additions": []
      },
      "geometry": {
        "type": "Point",
        "coordinates": [
          13.409779,
          52.520645
        ]
      }
    },
    {
      "type": "Feature",
      "properties": {
        "title": "Friedrich-List-Schule (OSZ Büromanagement und Wirtschaftssprachen)",
        "ref": "11B04",
        "type": "Berufsoberschule ( öffentlich )",
        "street": "Marktstr. 2-3",
        "zip": "10317",
        "city": "Berlin",
        "district": "Rummelsburg",
        "center": [
          13.409779,
          52.520645
        ],
        "additions": []
      },
      "geometry": {
        "type": "Point",
        "coordinates": [
          13.409779,
          52.520645
        ]
      }
    },
    {
      "type": "Feature",
      "properties": {
        "title": "Friedrich-List-Schule (OSZ Büromanagement und Wirtschaftssprachen)",
        "ref": "11B04",
        "type": "Berufsschule ( öffentlich )",
        "street": "Marktstr. 2-3",
        "zip": "10317",
        "city": "Berlin",
        "district": "Rummelsburg",
        "center": [
          13.409779,
          52.520645
        ],
        "additions": []
      },
      "geometry": {
        "type": "Point",
        "coordinates": [
          13.409779,
          52.520645
        ]
      }
    },
    {
      "type": "Feature",
      "properties": {
        "title": "Friedrich-List-Schule (OSZ Büromanagement und Wirtschaftssprachen)",
        "ref": "11B04",
        "type": "Fachoberschule ( öffentlich )",
        "street": "Marktstr. 2-3",
        "zip": "10317",
        "city": "Berlin",
        "district": "Rummelsburg",
        "center": [
          13.409779,
          52.520645
        ],
        "additions": []
      },
      "geometry": {
        "type": "Point",
        "coordinates": [
          13.409779,
          52.520645
        ]
      }
    },
    {
      "type": "Feature",
      "properties": {
        "title": "Friedrich-List-Schule (OSZ Büromanagement und Wirtschaftssprachen)",
        "ref": "11B04",
        "type": "Fachschule ( öffentlich )",
        "street": "Marktstr. 2-3",
        "zip": "10317",
        "city": "Berlin",
        "district": "Rummelsburg",
        "center": [
          13.409779,
          52.520645
        ],
        "additions": []
      },
      "geometry": {
        "type": "Point",
        "coordinates": [
          13.409779,
          52.520645
        ]
      }
    },
    {
      "type": "Feature",
      "properties": {
        "title": "Friedrich-Schiller-Grundschule",
        "ref": "10G26",
        "type": "Grundschule ( öffentlich )",
        "street": "An der Schule 13-17",
        "zip": "12623",
        "city": "Berlin",
        "district": "Mahlsdorf",
        "center": [
          13.409779,
          52.520645
        ],
        "additions": [
          "Barrierefreie Toilette vorhanden, Fahrstuhl vorhanden, Zugang über Rampe möglich"
        ]
      },
      "geometry": {
        "type": "Point",
        "coordinates": [
          13.409779,
          52.520645
        ]
      }
    },
    {
      "type": "Feature",
      "properties": {
        "title": "Friedrichsfelder Schule (Grundschule)",
        "ref": "11G23",
        "type": "Grundschule ( öffentlich )",
        "street": "Lincolnstr. 67",
        "zip": "10315",
        "city": "Berlin",
        "district": "Friedrichsfelde",
        "center": [
          13.409779,
          52.520645
        ],
        "additions": [
          "Barrierefreie Toilette vorhanden"
        ]
      },
      "geometry": {
        "type": "Point",
        "coordinates": [
          13.409779,
          52.520645
        ]
      }
    },
    {
      "type": "Feature",
      "properties": {
        "title": "Friedrichshagener Schule (Grundschule)",
        "ref": "09G27",
        "type": "Grundschule ( öffentlich )",
        "street": "Peter-Hille-Str. 7",
        "zip": "12587",
        "city": "Berlin",
        "district": "Friedrichshagen",
        "center": [
          13.409779,
          52.520645
        ],
        "additions": [
          "Barrierefreie Toilette vorhanden, Fahrstuhl vorhanden, Zugang über Rampe möglich"
        ]
      },
      "geometry": {
        "type": "Point",
        "coordinates": [
          13.409779,
          52.520645
        ]
      }
    },
    {
      "type": "Feature",
      "properties": {
        "title": "Fritz-Karsen-Schule (Gemeinschaftsschule)",
        "ref": "08K06",
        "type": "Gemeinschaftsschule ( öffentlich )",
        "street": "Onkel-Bräsig-Str. 76-78",
        "zip": "12359",
        "city": "Berlin",
        "district": "Britz",
        "center": [
          13.409779,
          52.520645
        ],
        "additions": []
      },
      "geometry": {
        "type": "Point",
        "coordinates": [
          13.409779,
          52.520645
        ]
      }
    },
    {
      "type": "Feature",
      "properties": {
        "title": "Fritz-Kühn-Schule (Integrierte Sekundarschule)",
        "ref": "09K03",
        "type": "Integrierte Sekundarschule ( öffentlich )",
        "street": "Dahmestr. 45",
        "zip": "12526",
        "city": "Berlin",
        "district": "Bohnsdorf",
        "center": [
          13.409779,
          52.520645
        ],
        "additions": []
      },
      "geometry": {
        "type": "Point",
        "coordinates": [
          13.409779,
          52.520645
        ]
      }
    },
    {
      "type": "Feature",
      "properties": {
        "title": "Fritz-Reuter-Schule",
        "ref": "11K05",
        "type": "Integrierte Sekundarschule ( öffentlich )",
        "street": "Prendener Str. 29",
        "zip": "13059",
        "city": "Berlin",
        "district": "Neu-Hohenschönhausen",
        "center": [
          13.409779,
          52.520645
        ],
        "additions": [
          "Barrierefreie Toilette vorhanden, Behindertenparkplatz vorhanden, Fahrstuhl vorhanden, Zugang über Rampe möglich"
        ]
      },
      "geometry": {
        "type": "Point",
        "coordinates": [
          13.409779,
          52.520645
        ]
      }
    },
    {
      "type": "Feature",
      "properties": {
        "title": "FRÖBEL Akademie gGmbH - Fachschule für Sozialpädagogik",
        "ref": "01P55",
        "type": "Fachschule ( privat )",
        "street": "Leipziger Str. 54",
        "zip": "10117",
        "city": "Berlin",
        "district": "Mitte",
        "center": [
          13.409779,
          52.520645
        ],
        "additions": []
      },
      "geometry": {
        "type": "Point",
        "coordinates": [
          13.409779,
          52.520645
        ]
      }
    },
    {
      "type": "Feature",
      "properties": {
        "title": "Fuchsberg-Grundschule",
        "ref": "10G16",
        "type": "Grundschule ( öffentlich )",
        "street": "Apfelwicklerstr. 4-6",
        "zip": "12683",
        "city": "Berlin",
        "district": "Biesdorf",
        "center": [
          13.409779,
          52.520645
        ],
        "additions": []
      },
      "geometry": {
        "type": "Point",
        "coordinates": [
          13.409779,
          52.520645
        ]
      }
    },
    {
      "type": "Feature",
      "properties": {
        "title": "G.A.L.B Förderung gGmbH",
        "ref": "12P24",
        "type": "Fachschule ( privat )",
        "street": "Holzhauser Str. 180",
        "zip": "13509",
        "city": "Berlin",
        "district": "Borsigwalde",
        "center": [
          13.409779,
          52.520645
        ],
        "additions": []
      },
      "geometry": {
        "type": "Point",
        "coordinates": [
          13.409779,
          52.520645
        ]
      }
    },
    {
      "type": "Feature",
      "properties": {
        "title": "G.A.L.B Förderung gGmbH",
        "ref": "12P24",
        "type": "Berufsfachschule ( privat )",
        "street": "Holzhauser Str. 180",
        "zip": "13509",
        "city": "Berlin",
        "district": "Borsigwalde",
        "center": [
          13.409779,
          52.520645
        ],
        "additions": []
      },
      "geometry": {
        "type": "Point",
        "coordinates": [
          13.409779,
          52.520645
        ]
      }
    },
    {
      "type": "Feature",
      "properties": {
        "title": "Gabriele-von-Bülow-Gymnasium",
        "ref": "12Y04",
        "type": "Gymnasien ( öffentlich )",
        "street": "Tile-Brügge-Weg 63",
        "zip": "13509",
        "city": "Berlin",
        "district": "Tegel",
        "center": [
          13.409779,
          52.520645
        ],
        "additions": []
      },
      "geometry": {
        "type": "Point",
        "coordinates": [
          13.409779,
          52.520645
        ]
      }
    },
    {
      "type": "Feature",
      "properties": {
        "title": "Gail-S.-Halvorsen-Integrierte Sekundarschule",
        "ref": "06K09",
        "type": "Integrierte Sekundarschule ( öffentlich )",
        "street": "Im Gehege 6",
        "zip": "14195",
        "city": "Berlin",
        "district": "Dahlem",
        "center": [
          13.409779,
          52.520645
        ],
        "additions": []
      },
      "geometry": {
        "type": "Point",
        "coordinates": [
          13.409779,
          52.520645
        ]
      }
    },
    {
      "type": "Feature",
      "properties": {
        "title": "Galilei-Grundschule",
        "ref": "02G14",
        "type": "Grundschule ( öffentlich )",
        "street": "Friedrichstr. 13",
        "zip": "10969",
        "city": "Berlin",
        "district": "Kreuzberg",
        "center": [
          13.409779,
          52.520645
        ],
        "additions": []
      },
      "geometry": {
        "type": "Point",
        "coordinates": [
          13.409779,
          52.520645
        ]
      }
    },
    {
      "type": "Feature",
      "properties": {
        "title": "Games Academy GmbH",
        "ref": "04E57",
        "type": "Sonstige Ergänzungsschule ( privat )",
        "street": "Franklinstr. 28",
        "zip": "10587",
        "city": "Berlin",
        "district": "Charlottenburg",
        "center": [
          13.409779,
          52.520645
        ],
        "additions": []
      },
      "geometry": {
        "type": "Point",
        "coordinates": [
          13.409779,
          52.520645
        ]
      }
    },
    {
      "type": "Feature",
      "properties": {
        "title": "gebaerdenservice.de",
        "ref": "02E33",
        "type": "Sonstige Ergänzungsschule ( privat )",
        "street": "Stresemannstr. 46",
        "zip": "10963",
        "city": "Berlin",
        "district": "Kreuzberg",
        "center": [
          13.409779,
          52.520645
        ],
        "additions": []
      },
      "geometry": {
        "type": "Point",
        "coordinates": [
          13.409779,
          52.520645
        ]
      }
    },
    {
      "type": "Feature",
      "properties": {
        "title": "Gebrüder-Montgolfier-Gymnasium",
        "ref": "09Y10",
        "type": "Gymnasien ( öffentlich )",
        "street": "Ellernweg 20-22",
        "zip": "12487",
        "city": "Berlin",
        "district": "Johannisthal",
        "center": [
          13.409779,
          52.520645
        ],
        "additions": [
          "\r\n, Barrierefreie Toilette vorhanden, Behindertenparkplatz vorhanden, Fahrstuhl vorhanden, Zugang über Rampe möglich"
        ]
      },
      "geometry": {
        "type": "Point",
        "coordinates": [
          13.409779,
          52.520645
        ]
      }
    },
    {
      "type": "Feature",
      "properties": {
        "title": "Gemeinschaftsschule auf dem Campus Rütli",
        "ref": "08K08",
        "type": "Gemeinschaftsschule ( öffentlich )",
        "street": "Rütlistr. 41",
        "zip": "12045",
        "city": "Berlin",
        "district": "Neukölln",
        "center": [
          13.409779,
          52.520645
        ],
        "additions": []
      },
      "geometry": {
        "type": "Point",
        "coordinates": [
          13.409779,
          52.520645
        ]
      }
    },
    {
      "type": "Feature",
      "properties": {
        "title": "Gemeinschaftsschule Campus Efeuweg",
        "ref": "08K13",
        "type": "Gemeinschaftsschule ( öffentlich )",
        "street": "Efeuweg 34",
        "zip": "12357",
        "city": "Berlin",
        "district": "Gropiusstadt",
        "center": [
          13.409779,
          52.520645
        ],
        "additions": []
      },
      "geometry": {
        "type": "Point",
        "coordinates": [
          13.409779,
          52.520645
        ]
      }
    },
    {
      "type": "Feature",
      "properties": {
        "title": "Gemeinschaftsschule nach der Pädagogik Berthold Ottos",
        "ref": "06P13",
        "type": "Gemeinschaftsschule ( privat )",
        "street": "Holbeinstr. 21",
        "zip": "12203",
        "city": "Berlin",
        "district": "Lichterfelde",
        "center": [
          13.409779,
          52.520645
        ],
        "additions": []
      },
      "geometry": {
        "type": "Point",
        "coordinates": [
          13.409779,
          52.520645
        ]
      }
    },
    {
      "type": "Feature",
      "properties": {
        "title": "Gemeinschaftsschule nach der Pädagogik Berthold Ottos",
        "ref": "06P13",
        "type": "Grundschule ( privat )",
        "street": "Holbeinstr. 21",
        "zip": "12203",
        "city": "Berlin",
        "district": "Lichterfelde",
        "center": [
          13.409779,
          52.520645
        ],
        "additions": []
      },
      "geometry": {
        "type": "Point",
        "coordinates": [
          13.409779,
          52.520645
        ]
      }
    },
    {
      "type": "Feature",
      "properties": {
        "title": "Georg-Büchner-Gymnasium",
        "ref": "07Y09",
        "type": "Gymnasien ( öffentlich )",
        "street": "Lichtenrader Damm 224",
        "zip": "12305",
        "city": "Berlin",
        "district": "Lichtenrade",
        "center": [
          13.409779,
          52.520645
        ],
        "additions": [
          "Barrierefreie Toilette vorhanden, Behindertenparkplatz vorhanden, Zugang über Rampe möglich"
        ]
      },
      "geometry": {
        "type": "Point",
        "coordinates": [
          13.409779,
          52.520645
        ]
      }
    },
    {
      "type": "Feature",
      "properties": {
        "title": "Georg-Friedrich-Händel-Gymnasium",
        "ref": "02Y04",
        "type": "Gymnasien ( öffentlich )",
        "street": "Frankfurter Allee 6A",
        "zip": "10247",
        "city": "Berlin",
        "district": "Friedrichshain",
        "center": [
          13.409779,
          52.520645
        ],
        "additions": []
      },
      "geometry": {
        "type": "Point",
        "coordinates": [
          13.409779,
          52.520645
        ]
      }
    },
    {
      "type": "Feature",
      "properties": {
        "title": "Georg-Herwegh-Gymnasium",
        "ref": "12Y05",
        "type": "Gymnasien ( öffentlich )",
        "street": "Fellbacher Str. 18-19",
        "zip": "13467",
        "city": "Berlin",
        "district": "Hermsdorf",
        "center": [
          13.409779,
          52.520645
        ],
        "additions": [
          "Fliliale: Fichtestr. 14, 13467 Berlin, Barrierefreie Toilette vorhanden, Fahrstuhl vorhanden, Zugang über Rampe möglich"
        ]
      },
      "geometry": {
        "type": "Point",
        "coordinates": [
          13.409779,
          52.520645
        ]
      }
    },
    {
      "type": "Feature",
      "properties": {
        "title": "Georg-Klingenberg-Schule",
        "ref": "10K06",
        "type": "Integrierte Sekundarschule ( öffentlich )",
        "street": "Alberichstr. 24",
        "zip": "12683",
        "city": "Berlin",
        "district": "Biesdorf",
        "center": [
          13.409779,
          52.520645
        ],
        "additions": []
      },
      "geometry": {
        "type": "Point",
        "coordinates": [
          13.409779,
          52.520645
        ]
      }
    },
    {
      "type": "Feature",
      "properties": {
        "title": "Georg-Schlesinger-Schule (OSZ Maschinen- und Fertigungstechnik)",
        "ref": "12B01",
        "type": "Berufsschule ( öffentlich )",
        "street": "Kühleweinstr. 5",
        "zip": "13409",
        "city": "Berlin",
        "district": "Reinickendorf",
        "center": [
          13.409779,
          52.520645
        ],
        "additions": [
          "Barrierefreie Toilette vorhanden, Behindertenparkplatz vorhanden, Fahrstuhl vorhanden, Zugang über Rampe möglich"
        ]
      },
      "geometry": {
        "type": "Point",
        "coordinates": [
          13.409779,
          52.520645
        ]
      }
    },
    {
      "type": "Feature",
      "properties": {
        "title": "Georg-Schlesinger-Schule (OSZ Maschinen- und Fertigungstechnik)",
        "ref": "12B01",
        "type": "Fachoberschule ( öffentlich )",
        "street": "Kühleweinstr. 5",
        "zip": "13409",
        "city": "Berlin",
        "district": "Reinickendorf",
        "center": [
          13.409779,
          52.520645
        ],
        "additions": [
          "Barrierefreie Toilette vorhanden, Behindertenparkplatz vorhanden, Fahrstuhl vorhanden, Zugang über Rampe möglich"
        ]
      },
      "geometry": {
        "type": "Point",
        "coordinates": [
          13.409779,
          52.520645
        ]
      }
    },
    {
      "type": "Feature",
      "properties": {
        "title": "Georg-Schlesinger-Schule (OSZ Maschinen- und Fertigungstechnik)",
        "ref": "12B01",
        "type": "Berufsfachschule ( öffentlich )",
        "street": "Kühleweinstr. 5",
        "zip": "13409",
        "city": "Berlin",
        "district": "Reinickendorf",
        "center": [
          13.409779,
          52.520645
        ],
        "additions": [
          "Barrierefreie Toilette vorhanden, Behindertenparkplatz vorhanden, Fahrstuhl vorhanden, Zugang über Rampe möglich"
        ]
      },
      "geometry": {
        "type": "Point",
        "coordinates": [
          13.409779,
          52.520645
        ]
      }
    },
    {
      "type": "Feature",
      "properties": {
        "title": "Georg-Schlesinger-Schule (OSZ Maschinen- und Fertigungstechnik)",
        "ref": "12B01",
        "type": "Berufsoberschule ( öffentlich )",
        "street": "Kühleweinstr. 5",
        "zip": "13409",
        "city": "Berlin",
        "district": "Reinickendorf",
        "center": [
          13.409779,
          52.520645
        ],
        "additions": [
          "Barrierefreie Toilette vorhanden, Behindertenparkplatz vorhanden, Fahrstuhl vorhanden, Zugang über Rampe möglich"
        ]
      },
      "geometry": {
        "type": "Point",
        "coordinates": [
          13.409779,
          52.520645
        ]
      }
    },
    {
      "type": "Feature",
      "properties": {
        "title": "Georg-Schlesinger-Schule (OSZ Maschinen- und Fertigungstechnik)",
        "ref": "12B01",
        "type": "Berufliches Gymnasium ( öffentlich )",
        "street": "Kühleweinstr. 5",
        "zip": "13409",
        "city": "Berlin",
        "district": "Reinickendorf",
        "center": [
          13.409779,
          52.520645
        ],
        "additions": [
          "Barrierefreie Toilette vorhanden, Behindertenparkplatz vorhanden, Fahrstuhl vorhanden, Zugang über Rampe möglich"
        ]
      },
      "geometry": {
        "type": "Point",
        "coordinates": [
          13.409779,
          52.520645
        ]
      }
    },
    {
      "type": "Feature",
      "properties": {
        "title": "Georg-von-Giesche-Schule",
        "ref": "07K06",
        "type": "Integrierte Sekundarschule ( öffentlich )",
        "street": "Hohenstaufenstr. 47-48",
        "zip": "10779",
        "city": "Berlin",
        "district": "Schöneberg",
        "center": [
          13.409779,
          52.520645
        ],
        "additions": []
      },
      "geometry": {
        "type": "Point",
        "coordinates": [
          13.409779,
          52.520645
        ]
      }
    },
    {
      "type": "Feature",
      "properties": {
        "title": "Georg-Weerth-Schule",
        "ref": "02K07",
        "type": "Integrierte Sekundarschule ( öffentlich )",
        "street": "Eckertstr. 16A",
        "zip": "10249",
        "city": "Berlin",
        "district": "Friedrichshain",
        "center": [
          13.409779,
          52.520645
        ],
        "additions": []
      },
      "geometry": {
        "type": "Point",
        "coordinates": [
          13.409779,
          52.520645
        ]
      }
    },
    {
      "type": "Feature",
      "properties": {
        "title": "Georg-Zacharias-Grundschule",
        "ref": "03G44",
        "type": "Grundschule ( öffentlich )",
        "street": "Sulzfelder Str. 15",
        "zip": "13088",
        "city": "Berlin",
        "district": "Weißensee",
        "center": [
          13.409779,
          52.520645
        ],
        "additions": []
      },
      "geometry": {
        "type": "Point",
        "coordinates": [
          13.409779,
          52.520645
        ]
      }
    },
    {
      "type": "Feature",
      "properties": {
        "title": "Gerda-Lagerlöf-Grundschule",
        "ref": "11G33",
        "type": "Grundschule ( öffentlich )",
        "street": "Rüdigerstr. 76",
        "zip": "10365",
        "city": "Berlin",
        "district": "Lichtenberg",
        "center": [
          13.409779,
          52.520645
        ],
        "additions": []
      },
      "geometry": {
        "type": "Point",
        "coordinates": [
          13.409779,
          52.520645
        ]
      }
    },
    {
      "type": "Feature",
      "properties": {
        "title": "Gerhart-Hauptmann-Gymnasium",
        "ref": "09Y06",
        "type": "Gymnasien ( öffentlich )",
        "street": "Bruno-Wille-Str. 37-39",
        "zip": "12587",
        "city": "Berlin",
        "district": "Friedrichshagen",
        "center": [
          13.409779,
          52.520645
        ],
        "additions": [
          "Barrierefreie Toilette vorhanden"
        ]
      },
      "geometry": {
        "type": "Point",
        "coordinates": [
          13.409779,
          52.520645
        ]
      }
    },
    {
      "type": "Feature",
      "properties": {
        "title": "Gesellschaft für Pflege- und Sozialberufe gGmbH",
        "ref": "10P03",
        "type": "Fachschule ( privat )",
        "street": "Bitterfelder Str. 13",
        "zip": "12681",
        "city": "Berlin",
        "district": "Marzahn",
        "center": [
          13.409779,
          52.520645
        ],
        "additions": [
          "Behindertenparkplatz vorhanden"
        ]
      },
      "geometry": {
        "type": "Point",
        "coordinates": [
          13.409779,
          52.520645
        ]
      }
    },
    {
      "type": "Feature",
      "properties": {
        "title": "Gesellschaft für Pflege- und Sozialberufe gGmbH",
        "ref": "10P03",
        "type": "Berufsfachschule ( privat )",
        "street": "Bitterfelder Str. 13",
        "zip": "12681",
        "city": "Berlin",
        "district": "Marzahn",
        "center": [
          13.409779,
          52.520645
        ],
        "additions": [
          "Behindertenparkplatz vorhanden"
        ]
      },
      "geometry": {
        "type": "Point",
        "coordinates": [
          13.409779,
          52.520645
        ]
      }
    },
    {
      "type": "Feature",
      "properties": {
        "title": "Gesundbrunnen-Grundschule",
        "ref": "01G27",
        "type": "Grundschule ( öffentlich )",
        "street": "Prinzenalle 9",
        "zip": "13357",
        "city": "Berlin",
        "district": "Gesundbrunnen",
        "center": [
          13.409779,
          52.520645
        ],
        "additions": [
          "Barrierefreie Toilette vorhanden, Behindertenparkplatz vorhanden, Fahrstuhl vorhanden, Zugang über Rampe möglich"
        ]
      },
      "geometry": {
        "type": "Point",
        "coordinates": [
          13.409779,
          52.520645
        ]
      }
    },
    {
      "type": "Feature",
      "properties": {
        "title": "Gesundbrunnen-Grundschule",
        "ref": "01G27",
        "type": "Förderschwerp. - Geistige Entwicklung ( öffentlich )",
        "street": "Prinzenalle 9",
        "zip": "13357",
        "city": "Berlin",
        "district": "Gesundbrunnen",
        "center": [
          13.409779,
          52.520645
        ],
        "additions": [
          "Barrierefreie Toilette vorhanden, Behindertenparkplatz vorhanden, Fahrstuhl vorhanden, Zugang über Rampe möglich"
        ]
      },
      "geometry": {
        "type": "Point",
        "coordinates": [
          13.409779,
          52.520645
        ]
      }
    },
    {
      "type": "Feature",
      "properties": {
        "title": "GFS Akademie für Aus- und Weiterbildung",
        "ref": "07E17",
        "type": "Sonstige Ergänzungsschule ( privat )",
        "street": "Ullsteinstr. 120",
        "zip": "12109",
        "city": "Berlin",
        "district": "Tempelhof",
        "center": [
          13.409779,
          52.520645
        ],
        "additions": []
      },
      "geometry": {
        "type": "Point",
        "coordinates": [
          13.409779,
          52.520645
        ]
      }
    },
    {
      "type": "Feature",
      "properties": {
        "title": "GFS Steuer- und Wirtschaftsfachschule GmbH",
        "ref": "07E21",
        "type": "Wirtschafts- u. Verwaltungsschule ( privat )",
        "street": "Ansbacher Str. 16",
        "zip": "10787",
        "city": "Berlin",
        "district": "Schöneberg",
        "center": [
          13.409779,
          52.520645
        ],
        "additions": []
      },
      "geometry": {
        "type": "Point",
        "coordinates": [
          13.409779,
          52.520645
        ]
      }
    },
    {
      "type": "Feature",
      "properties": {
        "title": "Giesensdorfer Grundschule",
        "ref": "06G22",
        "type": "Grundschule ( öffentlich )",
        "street": "Ostpreußendamm 63",
        "zip": "12207",
        "city": "Berlin",
        "district": "Lichterfelde",
        "center": [
          13.409779,
          52.520645
        ],
        "additions": []
      },
      "geometry": {
        "type": "Point",
        "coordinates": [
          13.409779,
          52.520645
        ]
      }
    },
    {
      "type": "Feature",
      "properties": {
        "title": "Glückskompass-Grundschule",
        "ref": "10G36",
        "type": "Grundschule ( öffentlich )",
        "street": "Quedlinburger Str. 56",
        "zip": "12627",
        "city": "Berlin",
        "district": "Hellersdorf",
        "center": [
          13.409779,
          52.520645
        ],
        "additions": []
      },
      "geometry": {
        "type": "Point",
        "coordinates": [
          13.409779,
          52.520645
        ]
      }
    },
    {
      "type": "Feature",
      "properties": {
        "title": "Goethe-Gymnasium",
        "ref": "04Y11",
        "type": "Gymnasien ( öffentlich )",
        "street": "Gasteiner Str. 23",
        "zip": "10717",
        "city": "Berlin",
        "district": "Wilmersdorf",
        "center": [
          13.409779,
          52.520645
        ],
        "additions": []
      },
      "geometry": {
        "type": "Point",
        "coordinates": [
          13.409779,
          52.520645
        ]
      }
    },
    {
      "type": "Feature",
      "properties": {
        "title": "Goethe-Gymnasium Lichterfelde",
        "ref": "06Y11",
        "type": "Gymnasien ( öffentlich )",
        "street": "Drakestr. 72-74",
        "zip": "12205",
        "city": "Berlin",
        "district": "Lichterfelde",
        "center": [
          13.409779,
          52.520645
        ],
        "additions": []
      },
      "geometry": {
        "type": "Point",
        "coordinates": [
          13.409779,
          52.520645
        ]
      }
    },
    {
      "type": "Feature",
      "properties": {
        "title": "Gottfried-Keller-Gymnasium",
        "ref": "04Y04",
        "type": "Gymnasien ( öffentlich )",
        "street": "Olbersstr. 38",
        "zip": "10589",
        "city": "Berlin",
        "district": "Charlottenburg",
        "center": [
          13.409779,
          52.520645
        ],
        "additions": []
      },
      "geometry": {
        "type": "Point",
        "coordinates": [
          13.409779,
          52.520645
        ]
      }
    },
    {
      "type": "Feature",
      "properties": {
        "title": "Gottfried-Röhl-Grundschule",
        "ref": "01G24",
        "type": "Grundschule ( öffentlich )",
        "street": "Ungarnstr. 75",
        "zip": "13349",
        "city": "Berlin",
        "district": "Wedding",
        "center": [
          13.409779,
          52.520645
        ],
        "additions": []
      },
      "geometry": {
        "type": "Point",
        "coordinates": [
          13.409779,
          52.520645
        ]
      }
    },
    {
      "type": "Feature",
      "properties": {
        "title": "GPB College gGmbH",
        "ref": "01P39",
        "type": "Berufsfachschule ( privat )",
        "street": "Beuthstr. 8",
        "zip": "10117",
        "city": "Berlin",
        "district": "Mitte",
        "center": [
          13.409779,
          52.520645
        ],
        "additions": []
      },
      "geometry": {
        "type": "Point",
        "coordinates": [
          13.409779,
          52.520645
        ]
      }
    },
    {
      "type": "Feature",
      "properties": {
        "title": "GPB College gGmbH",
        "ref": "01P39",
        "type": "Fachoberschule ( privat )",
        "street": "Beuthstr. 8",
        "zip": "10117",
        "city": "Berlin",
        "district": "Mitte",
        "center": [
          13.409779,
          52.520645
        ],
        "additions": []
      },
      "geometry": {
        "type": "Point",
        "coordinates": [
          13.409779,
          52.520645
        ]
      }
    },
    {
      "type": "Feature",
      "properties": {
        "title": "GPB College gGmbH",
        "ref": "01P39",
        "type": "Fachschule ( privat )",
        "street": "Beuthstr. 8",
        "zip": "10117",
        "city": "Berlin",
        "district": "Mitte",
        "center": [
          13.409779,
          52.520645
        ],
        "additions": []
      },
      "geometry": {
        "type": "Point",
        "coordinates": [
          13.409779,
          52.520645
        ]
      }
    },
    {
      "type": "Feature",
      "properties": {
        "title": "GPB College gGmbH",
        "ref": "01P39",
        "type": "Berufsschule ( privat )",
        "street": "Beuthstr. 8",
        "zip": "10117",
        "city": "Berlin",
        "district": "Mitte",
        "center": [
          13.409779,
          52.520645
        ],
        "additions": []
      },
      "geometry": {
        "type": "Point",
        "coordinates": [
          13.409779,
          52.520645
        ]
      }
    },
    {
      "type": "Feature",
      "properties": {
        "title": "GPB Gesellschaft für Personalentwicklung und Bildung mbH",
        "ref": "01E25",
        "type": "Sonstige Ergänzungsschule ( privat )",
        "street": "Beuthstr. 8",
        "zip": "10117",
        "city": "Berlin",
        "district": "Mitte",
        "center": [
          13.409779,
          52.520645
        ],
        "additions": []
      },
      "geometry": {
        "type": "Point",
        "coordinates": [
          13.409779,
          52.520645
        ]
      }
    },
    {
      "type": "Feature",
      "properties": {
        "title": "GPB-College gGmbH",
        "ref": "03P15",
        "type": "Berufsfachschule ( privat )",
        "street": "Storkower Str. 115A",
        "zip": "10407",
        "city": "Berlin",
        "district": "Prenzlauer Berg",
        "center": [
          13.409779,
          52.520645
        ],
        "additions": [
          "Behindertenparkplatz vorhanden, Fahrstuhl vorhanden, Zugang über Rampe möglich"
        ]
      },
      "geometry": {
        "type": "Point",
        "coordinates": [
          13.409779,
          52.520645
        ]
      }
    },
    {
      "type": "Feature",
      "properties": {
        "title": "GPB-College gGmbH",
        "ref": "03P15",
        "type": "Berufsschule ( privat )",
        "street": "Storkower Str. 115A",
        "zip": "10407",
        "city": "Berlin",
        "district": "Prenzlauer Berg",
        "center": [
          13.409779,
          52.520645
        ],
        "additions": [
          "Behindertenparkplatz vorhanden, Fahrstuhl vorhanden, Zugang über Rampe möglich"
        ]
      },
      "geometry": {
        "type": "Point",
        "coordinates": [
          13.409779,
          52.520645
        ]
      }
    },
    {
      "type": "Feature",
      "properties": {
        "title": "GPB-College gGmbH",
        "ref": "03P15",
        "type": "Fachoberschule ( privat )",
        "street": "Storkower Str. 115A",
        "zip": "10407",
        "city": "Berlin",
        "district": "Prenzlauer Berg",
        "center": [
          13.409779,
          52.520645
        ],
        "additions": [
          "Behindertenparkplatz vorhanden, Fahrstuhl vorhanden, Zugang über Rampe möglich"
        ]
      },
      "geometry": {
        "type": "Point",
        "coordinates": [
          13.409779,
          52.520645
        ]
      }
    },
    {
      "type": "Feature",
      "properties": {
        "title": "GPB-College gGmbH",
        "ref": "03P15",
        "type": "Fachschule ( privat )",
        "street": "Storkower Str. 115A",
        "zip": "10407",
        "city": "Berlin",
        "district": "Prenzlauer Berg",
        "center": [
          13.409779,
          52.520645
        ],
        "additions": [
          "Behindertenparkplatz vorhanden, Fahrstuhl vorhanden, Zugang über Rampe möglich"
        ]
      },
      "geometry": {
        "type": "Point",
        "coordinates": [
          13.409779,
          52.520645
        ]
      }
    },
    {
      "type": "Feature",
      "properties": {
        "title": "Gretel-Bergmann-Gemeinschaftsschule",
        "ref": "10K12",
        "type": "Gemeinschaftsschule ( öffentlich )",
        "street": "Liebensteiner Straße 24",
        "zip": "12687",
        "city": "Berlin",
        "district": "Marzahn",
        "center": [
          13.409779,
          52.520645
        ],
        "additions": []
      },
      "geometry": {
        "type": "Point",
        "coordinates": [
          13.409779,
          52.520645
        ]
      }
    },
    {
      "type": "Feature",
      "properties": {
        "title": "Griechisches Lyzeum",
        "ref": "04E25",
        "type": "Sonstige Ergänzungsschule ( privat )",
        "street": "Weimarische Str. 21-25",
        "zip": "10715",
        "city": "Berlin",
        "district": "Wilmersdorf",
        "center": [
          13.409779,
          52.520645
        ],
        "additions": []
      },
      "geometry": {
        "type": "Point",
        "coordinates": [
          13.409779,
          52.520645
        ]
      }
    },
    {
      "type": "Feature",
      "properties": {
        "title": "Grone - Bildungszentren Berlin GmbH - gemeinnützig",
        "ref": "04P48",
        "type": "Berufsfachschule ( privat )",
        "street": "Ernst-Reuter-Platz 10",
        "zip": "10587",
        "city": "Berlin",
        "district": "Charlottenburg",
        "center": [
          13.409779,
          52.520645
        ],
        "additions": []
      },
      "geometry": {
        "type": "Point",
        "coordinates": [
          13.409779,
          52.520645
        ]
      }
    },
    {
      "type": "Feature",
      "properties": {
        "title": "Grone - Schule Berlin gGmbH",
        "ref": "04E46",
        "type": "Sonstige Ergänzungsschule ( privat )",
        "street": "Treseburger Str. 2",
        "zip": "10589",
        "city": "Berlin",
        "district": "Charlottenburg",
        "center": [
          13.409779,
          52.520645
        ],
        "additions": []
      },
      "geometry": {
        "type": "Point",
        "coordinates": [
          13.409779,
          52.520645
        ]
      }
    },
    {
      "type": "Feature",
      "properties": {
        "title": "Grünauer Gemeinschaftsschule",
        "ref": "09K09",
        "type": "Gemeinschaftsschule ( öffentlich )",
        "street": "Walchenseestr. 40",
        "zip": "12527",
        "city": "Berlin",
        "district": "Grünau",
        "center": [
          13.409779,
          52.520645
        ],
        "additions": []
      },
      "geometry": {
        "type": "Point",
        "coordinates": [
          13.409779,
          52.520645
        ]
      }
    },
    {
      "type": "Feature",
      "properties": {
        "title": "Grundschule Alt-Karow",
        "ref": "03G23",
        "type": "Grundschule ( öffentlich )",
        "street": "Bahnhofstr. 32",
        "zip": "13125",
        "city": "Berlin",
        "district": "Karow",
        "center": [
          13.409779,
          52.520645
        ],
        "additions": [
          "Barrierefreie Toilette vorhanden, Zugang über Rampe möglich"
        ]
      },
      "geometry": {
        "type": "Point",
        "coordinates": [
          13.409779,
          52.520645
        ]
      }
    },
    {
      "type": "Feature",
      "properties": {
        "title": "Grundschule am Amalienhof",
        "ref": "05G26",
        "type": "Grundschule ( öffentlich )",
        "street": "Weinmeisterhornweg 122 ",
        "zip": "13593",
        "city": "Berlin",
        "district": "Wilhelmstadt",
        "center": [
          13.409779,
          52.520645
        ],
        "additions": [
          "Barrierefreie Toilette vorhanden, Behindertenparkplatz vorhanden, Fahrstuhl vorhanden, Zugang über Rampe möglich"
        ]
      },
      "geometry": {
        "type": "Point",
        "coordinates": [
          13.409779,
          52.520645
        ]
      }
    },
    {
      "type": "Feature",
      "properties": {
        "title": "Grundschule am Arkonaplatz",
        "ref": "01G01",
        "type": "Grundschule ( öffentlich )",
        "street": "Ruppiner Str. 47-48",
        "zip": "10115",
        "city": "Berlin",
        "district": "Mitte",
        "center": [
          13.409779,
          52.520645
        ],
        "additions": []
      },
      "geometry": {
        "type": "Point",
        "coordinates": [
          13.409779,
          52.520645
        ]
      }
    },
    {
      "type": "Feature",
      "properties": {
        "title": "Grundschule am Barbarossaplatz",
        "ref": "07G18",
        "type": "Grundschule ( öffentlich )",
        "street": "Barbarossaplatz 5",
        "zip": "10781",
        "city": "Berlin",
        "district": "Schöneberg",
        "center": [
          13.409779,
          52.520645
        ],
        "additions": [
          "Barrierefreie Toilette vorhanden, Behindertenparkplatz vorhanden, Fahrstuhl vorhanden, Zugang über Rampe möglich"
        ]
      },
      "geometry": {
        "type": "Point",
        "coordinates": [
          13.409779,
          52.520645
        ]
      }
    },
    {
      "type": "Feature",
      "properties": {
        "title": "Grundschule am Barbarossaplatz",
        "ref": "07G18",
        "type": "Förderschwerp. - Geistige Entwicklung ( öffentlich )",
        "street": "Barbarossaplatz 5",
        "zip": "10781",
        "city": "Berlin",
        "district": "Schöneberg",
        "center": [
          13.409779,
          52.520645
        ],
        "additions": [
          "Barrierefreie Toilette vorhanden, Behindertenparkplatz vorhanden, Fahrstuhl vorhanden, Zugang über Rampe möglich"
        ]
      },
      "geometry": {
        "type": "Point",
        "coordinates": [
          13.409779,
          52.520645
        ]
      }
    },
    {
      "type": "Feature",
      "properties": {
        "title": "Grundschule am Birkenhain",
        "ref": "05G10",
        "type": "Grundschule ( öffentlich )",
        "street": "Seeburger Str. 59",
        "zip": "13581",
        "city": "Berlin",
        "district": "Wilhelmstadt",
        "center": [
          13.409779,
          52.520645
        ],
        "additions": []
      },
      "geometry": {
        "type": "Point",
        "coordinates": [
          13.409779,
          52.520645
        ]
      }
    },
    {
      "type": "Feature",
      "properties": {
        "title": "Grundschule am Brandenburger Tor",
        "ref": "01G08",
        "type": "Grundschule ( öffentlich )",
        "street": "Wilhelmstr. 52",
        "zip": "10117",
        "city": "Berlin",
        "district": "Mitte",
        "center": [
          13.409779,
          52.520645
        ],
        "additions": [
          "Fahrstuhl vorhanden, Zugang über Rampe möglich"
        ]
      },
      "geometry": {
        "type": "Point",
        "coordinates": [
          13.409779,
          52.520645
        ]
      }
    },
    {
      "type": "Feature",
      "properties": {
        "title": "Grundschule am Brandwerder",
        "ref": "05G23",
        "type": "Grundschule ( öffentlich )",
        "street": "Spandauer Str. 86",
        "zip": "13591",
        "city": "Berlin",
        "district": "Staaken",
        "center": [
          13.409779,
          52.520645
        ],
        "additions": []
      },
      "geometry": {
        "type": "Point",
        "coordinates": [
          13.409779,
          52.520645
        ]
      }
    },
    {
      "type": "Feature",
      "properties": {
        "title": "Grundschule am Bürgerpark",
        "ref": "10G09",
        "type": "Grundschule ( öffentlich )",
        "street": "Jan-Petersen-Str. 18B",
        "zip": "12679",
        "city": "Berlin",
        "district": "Marzahn",
        "center": [
          13.409779,
          52.520645
        ],
        "additions": []
      },
      "geometry": {
        "type": "Point",
        "coordinates": [
          13.409779,
          52.520645
        ]
      }
    },
    {
      "type": "Feature",
      "properties": {
        "title": "Grundschule am Buschgraben",
        "ref": "06G10",
        "type": "Grundschule ( öffentlich )",
        "street": "Ludwigsfelder Str. 43-47",
        "zip": "14165",
        "city": "Berlin",
        "district": "Zehlendorf",
        "center": [
          13.409779,
          52.520645
        ],
        "additions": [
          "Barrierefreie Toilette vorhanden, Zugang über Rampe möglich"
        ]
      },
      "geometry": {
        "type": "Point",
        "coordinates": [
          13.409779,
          52.520645
        ]
      }
    },
    {
      "type": "Feature",
      "properties": {
        "title": "Grundschule am Campus Buch",
        "ref": "03G50",
        "type": "Grundschule ( öffentlich )",
        "street": "Ernst-Ludwig-Heim-Str. 14",
        "zip": "13125",
        "city": "Berlin",
        "district": "Buch",
        "center": [
          13.409779,
          52.520645
        ],
        "additions": []
      },
      "geometry": {
        "type": "Point",
        "coordinates": [
          13.409779,
          52.520645
        ]
      }
    },
    {
      "type": "Feature",
      "properties": {
        "title": "Grundschule am Campus Hedwig",
        "ref": "11P21",
        "type": "Grundschule ( privat )",
        "street": "Möllendorffstr. 33",
        "zip": "10367",
        "city": "Berlin",
        "district": "Lichtenberg",
        "center": [
          13.409779,
          52.520645
        ],
        "additions": []
      },
      "geometry": {
        "type": "Point",
        "coordinates": [
          13.409779,
          52.520645
        ]
      }
    },
    {
      "type": "Feature",
      "properties": {
        "title": "Grundschule am Dielingsgrund",
        "ref": "07G36",
        "type": "Grundschule ( öffentlich )",
        "street": "Dielingsgrund 35",
        "zip": "12305",
        "city": "Berlin",
        "district": "Lichtenrade",
        "center": [
          13.409779,
          52.520645
        ],
        "additions": [
          "Zugang über Rampe möglich"
        ]
      },
      "geometry": {
        "type": "Point",
        "coordinates": [
          13.409779,
          52.520645
        ]
      }
    },
    {
      "type": "Feature",
      "properties": {
        "title": "Grundschule am Eichenwald",
        "ref": "05G02",
        "type": "Grundschule ( öffentlich )",
        "street": "Gaismannshofer Weg 2",
        "zip": "13587",
        "city": "Berlin",
        "district": "Hakenfelde",
        "center": [
          13.409779,
          52.520645
        ],
        "additions": [
          "Behindertenparkplatz vorhanden, Zugang über Rampe möglich"
        ]
      },
      "geometry": {
        "type": "Point",
        "coordinates": [
          13.409779,
          52.520645
        ]
      }
    },
    {
      "type": "Feature",
      "properties": {
        "title": "Grundschule am Fließtal",
        "ref": "12G21",
        "type": "Grundschule ( öffentlich )",
        "street": "Seebadstr. 42-43",
        "zip": "13467",
        "city": "Berlin",
        "district": "Hermsdorf",
        "center": [
          13.409779,
          52.520645
        ],
        "additions": [
          "Barrierefreie Toilette vorhanden, Zugang über Rampe möglich"
        ]
      },
      "geometry": {
        "type": "Point",
        "coordinates": [
          13.409779,
          52.520645
        ]
      }
    },
    {
      "type": "Feature",
      "properties": {
        "title": "Grundschule am Hohen Feld",
        "ref": "03G10",
        "type": "Grundschule ( öffentlich )",
        "street": "Bedeweg 1",
        "zip": "13125",
        "city": "Berlin",
        "district": "Karow",
        "center": [
          13.409779,
          52.520645
        ],
        "additions": [
          "Barrierefreie Toilette vorhanden, Fahrstuhl vorhanden, Zugang über Rampe möglich"
        ]
      },
      "geometry": {
        "type": "Point",
        "coordinates": [
          13.409779,
          52.520645
        ]
      }
    },
    {
      "type": "Feature",
      "properties": {
        "title": "Grundschule am Hollerbusch",
        "ref": "10G28",
        "type": "Grundschule ( öffentlich )",
        "street": "Erich-Kästner-Str. 64",
        "zip": "12619",
        "city": "Berlin",
        "district": "Hellersdorf",
        "center": [
          13.409779,
          52.520645
        ],
        "additions": [
          "Barrierefreie Toilette vorhanden, Fahrstuhl vorhanden, Zugang über Rampe möglich"
        ]
      },
      "geometry": {
        "type": "Point",
        "coordinates": [
          13.409779,
          52.520645
        ]
      }
    },
    {
      "type": "Feature",
      "properties": {
        "title": "Grundschule am Insulaner",
        "ref": "06G17",
        "type": "Grundschule ( öffentlich )",
        "street": "Hanstedter Weg 11-15",
        "zip": "12169",
        "city": "Berlin",
        "district": "Steglitz",
        "center": [
          13.409779,
          52.520645
        ],
        "additions": []
      },
      "geometry": {
        "type": "Point",
        "coordinates": [
          13.409779,
          52.520645
        ]
      }
    },
    {
      "type": "Feature",
      "properties": {
        "title": "Grundschule am Karpfenteich",
        "ref": "06G29",
        "type": "Grundschule ( öffentlich )",
        "street": "Hildburghauser Str. 135",
        "zip": "12209",
        "city": "Berlin",
        "district": "Lichterfelde",
        "center": [
          13.409779,
          52.520645
        ],
        "additions": [
          "Barrierefreie Toilette vorhanden, Zugang über Rampe möglich"
        ]
      },
      "geometry": {
        "type": "Point",
        "coordinates": [
          13.409779,
          52.520645
        ]
      }
    },
    {
      "type": "Feature",
      "properties": {
        "title": "Grundschule am Kollwitzplatz",
        "ref": "03G03",
        "type": "Grundschule ( öffentlich )",
        "street": "Knaackstr. 67",
        "zip": "10435",
        "city": "Berlin",
        "district": "Prenzlauer Berg",
        "center": [
          13.409779,
          52.520645
        ],
        "additions": []
      },
      "geometry": {
        "type": "Point",
        "coordinates": [
          13.409779,
          52.520645
        ]
      }
    },
    {
      "type": "Feature",
      "properties": {
        "title": "Grundschule am Kollwitzplatz",
        "ref": "03G03",
        "type": "Förderschwerp. - Übrige ( öffentlich )",
        "street": "Knaackstr. 67",
        "zip": "10435",
        "city": "Berlin",
        "district": "Prenzlauer Berg",
        "center": [
          13.409779,
          52.520645
        ],
        "additions": []
      },
      "geometry": {
        "type": "Point",
        "coordinates": [
          13.409779,
          52.520645
        ]
      }
    },
    {
      "type": "Feature",
      "properties": {
        "title": "Grundschule am Königsgraben",
        "ref": "06G27",
        "type": "Grundschule ( öffentlich )",
        "street": "Gallwitzallee 136-144",
        "zip": "12249",
        "city": "Berlin",
        "district": "Lankwitz",
        "center": [
          13.409779,
          52.520645
        ],
        "additions": []
      },
      "geometry": {
        "type": "Point",
        "coordinates": [
          13.409779,
          52.520645
        ]
      }
    },
    {
      "type": "Feature",
      "properties": {
        "title": "Grundschule am Koppenplatz",
        "ref": "01G46",
        "type": "Grundschule ( öffentlich )",
        "street": "Koppenplatz 12",
        "zip": "10115",
        "city": "Berlin",
        "district": "Mitte",
        "center": [
          13.409779,
          52.520645
        ],
        "additions": []
      },
      "geometry": {
        "type": "Point",
        "coordinates": [
          13.409779,
          52.520645
        ]
      }
    },
    {
      "type": "Feature",
      "properties": {
        "title": "Grundschule am Nordhafen",
        "ref": "01G48",
        "type": "Grundschule ( öffentlich )",
        "street": "Boyenstr. 1",
        "zip": "10115",
        "city": "Berlin",
        "district": "Wedding",
        "center": [
          13.409779,
          52.520645
        ],
        "additions": [
          "Barrierefreie Toilette vorhanden, Fahrstuhl vorhanden, Zugang über Rampe möglich"
        ]
      },
      "geometry": {
        "type": "Point",
        "coordinates": [
          13.409779,
          52.520645
        ]
      }
    },
    {
      "type": "Feature",
      "properties": {
        "title": "Grundschule am Nordhafen",
        "ref": "01G48",
        "type": "Förderschwerp. - Geistige Entwicklung ( öffentlich )",
        "street": "Boyenstr. 1",
        "zip": "10115",
        "city": "Berlin",
        "district": "Wedding",
        "center": [
          13.409779,
          52.520645
        ],
        "additions": [
          "Barrierefreie Toilette vorhanden, Fahrstuhl vorhanden, Zugang über Rampe möglich"
        ]
      },
      "geometry": {
        "type": "Point",
        "coordinates": [
          13.409779,
          52.520645
        ]
      }
    },
    {
      "type": "Feature",
      "properties": {
        "title": "Grundschule am Planetarium",
        "ref": "03G08",
        "type": "Grundschule ( öffentlich )",
        "street": "Ella-Kay-Str. 47",
        "zip": "10405",
        "city": "Berlin",
        "district": "Prenzlauer Berg",
        "center": [
          13.409779,
          52.520645
        ],
        "additions": []
      },
      "geometry": {
        "type": "Point",
        "coordinates": [
          13.409779,
          52.520645
        ]
      }
    },
    {
      "type": "Feature",
      "properties": {
        "title": "Grundschule am Ritterfeld",
        "ref": "05G19",
        "type": "Grundschule ( öffentlich )",
        "street": "Schallweg 31",
        "zip": "14089",
        "city": "Berlin",
        "district": "Kladow",
        "center": [
          13.409779,
          52.520645
        ],
        "additions": [
          "Barrierefreie Toilette vorhanden, Behindertenparkplatz vorhanden, Fahrstuhl vorhanden, Zugang über Rampe möglich"
        ]
      },
      "geometry": {
        "type": "Point",
        "coordinates": [
          13.409779,
          52.520645
        ]
      }
    },
    {
      "type": "Feature",
      "properties": {
        "title": "Grundschule am Rüdesheimer Platz",
        "ref": "04G19",
        "type": "Grundschule ( öffentlich )",
        "street": "Rüdesheimer Str. 24-30",
        "zip": "14197",
        "city": "Berlin",
        "district": "Wilmersdorf",
        "center": [
          13.409779,
          52.520645
        ],
        "additions": [
          "Barrierefreie Toilette vorhanden, Behindertenparkplatz vorhanden, Fahrstuhl vorhanden, Zugang über Rampe möglich"
        ]
      },
      "geometry": {
        "type": "Point",
        "coordinates": [
          13.409779,
          52.520645
        ]
      }
    },
    {
      "type": "Feature",
      "properties": {
        "title": "Grundschule Am Sandhaus",
        "ref": "03G29",
        "type": "Grundschule ( öffentlich )",
        "street": "Wiltbergstr. 37-39",
        "zip": "13125",
        "city": "Berlin",
        "district": "Buch",
        "center": [
          13.409779,
          52.520645
        ],
        "additions": [
          "Barrierefreie Toilette vorhanden"
        ]
      },
      "geometry": {
        "type": "Point",
        "coordinates": [
          13.409779,
          52.520645
        ]
      }
    },
    {
      "type": "Feature",
      "properties": {
        "title": "Grundschule am Schäfersee",
        "ref": "12G02",
        "type": "Grundschule ( öffentlich )",
        "street": "Holländerstr. 25-30",
        "zip": "13407",
        "city": "Berlin",
        "district": "Reinickendorf",
        "center": [
          13.409779,
          52.520645
        ],
        "additions": [
          "Barrierefreie Toilette vorhanden"
        ]
      },
      "geometry": {
        "type": "Point",
        "coordinates": [
          13.409779,
          52.520645
        ]
      }
    },
    {
      "type": "Feature",
      "properties": {
        "title": "Grundschule am Schäfersee",
        "ref": "12G02",
        "type": "Förderschwerp. - Geistige Entwicklung ( öffentlich )",
        "street": "Holländerstr. 25-30",
        "zip": "13407",
        "city": "Berlin",
        "district": "Reinickendorf",
        "center": [
          13.409779,
          52.520645
        ],
        "additions": [
          "Barrierefreie Toilette vorhanden"
        ]
      },
      "geometry": {
        "type": "Point",
        "coordinates": [
          13.409779,
          52.520645
        ]
      }
    },
    {
      "type": "Feature",
      "properties": {
        "title": "Grundschule am Schleipfuhl",
        "ref": "10G25",
        "type": "Grundschule ( öffentlich )",
        "street": "Nossener Str. 85",
        "zip": "12627",
        "city": "Berlin",
        "district": "Hellersdorf",
        "center": [
          13.409779,
          52.520645
        ],
        "additions": []
      },
      "geometry": {
        "type": "Point",
        "coordinates": [
          13.409779,
          52.520645
        ]
      }
    },
    {
      "type": "Feature",
      "properties": {
        "title": "Grundschule am Stadtpark Steglitz",
        "ref": "06G32",
        "type": "Grundschule ( öffentlich )",
        "street": "Karl-Stieler-Str. 10-11",
        "zip": "12167",
        "city": "Berlin",
        "district": "Steglitz",
        "center": [
          13.409779,
          52.520645
        ],
        "additions": []
      },
      "geometry": {
        "type": "Point",
        "coordinates": [
          13.409779,
          52.520645
        ]
      }
    },
    {
      "type": "Feature",
      "properties": {
        "title": "Grundschule am Tegelschen Ort",
        "ref": "12G18",
        "type": "Grundschule ( öffentlich )",
        "street": "Gerlindeweg 11-23",
        "zip": "13505",
        "city": "Berlin",
        "district": "Tegel",
        "center": [
          13.409779,
          52.520645
        ],
        "additions": [
          "Barrierefreie Toilette vorhanden, Zugang über Rampe möglich"
        ]
      },
      "geometry": {
        "type": "Point",
        "coordinates": [
          13.409779,
          52.520645
        ]
      }
    },
    {
      "type": "Feature",
      "properties": {
        "title": "Grundschule am Teutoburger Platz",
        "ref": "03G16",
        "type": "Grundschule ( öffentlich )",
        "street": "Templiner Str. 1-3",
        "zip": "10119",
        "city": "Berlin",
        "district": "Prenzlauer Berg",
        "center": [
          13.409779,
          52.520645
        ],
        "additions": []
      },
      "geometry": {
        "type": "Point",
        "coordinates": [
          13.409779,
          52.520645
        ]
      }
    },
    {
      "type": "Feature",
      "properties": {
        "title": "Grundschule am Tränkegraben",
        "ref": "11G35",
        "type": "Grundschule ( öffentlich )",
        "street": "Sewanstr. 41",
        "zip": "10319",
        "city": "Berlin",
        "district": "Friedrichsfelde",
        "center": [
          13.409779,
          52.520645
        ],
        "additions": [
          "Behindertenparkplatz vorhanden, Fahrstuhl vorhanden"
        ]
      },
      "geometry": {
        "type": "Point",
        "coordinates": [
          13.409779,
          52.520645
        ]
      }
    },
    {
      "type": "Feature",
      "properties": {
        "title": "Grundschule am Traveplatz",
        "ref": "02G08",
        "type": "Grundschule ( öffentlich )",
        "street": "Jessnerstr. 24-32",
        "zip": "10247",
        "city": "Berlin",
        "district": "Friedrichshain",
        "center": [
          13.409779,
          52.520645
        ],
        "additions": []
      },
      "geometry": {
        "type": "Point",
        "coordinates": [
          13.409779,
          52.520645
        ]
      }
    },
    {
      "type": "Feature",
      "properties": {
        "title": "Grundschule am Vierrutenberg",
        "ref": "12G20",
        "type": "Grundschule ( öffentlich )",
        "street": "Am Freibad 2",
        "zip": "13469",
        "city": "Berlin",
        "district": "Lübars",
        "center": [
          13.409779,
          52.520645
        ],
        "additions": [
          "Barrierefreie Toilette vorhanden, Zugang über Rampe möglich"
        ]
      },
      "geometry": {
        "type": "Point",
        "coordinates": [
          13.409779,
          52.520645
        ]
      }
    },
    {
      "type": "Feature",
      "properties": {
        "title": "Grundschule am Vierrutenberg",
        "ref": "12G20",
        "type": "Förderschwerp. - Übrige ( öffentlich )",
        "street": "Am Freibad 2",
        "zip": "13469",
        "city": "Berlin",
        "district": "Lübars",
        "center": [
          13.409779,
          52.520645
        ],
        "additions": [
          "Barrierefreie Toilette vorhanden, Zugang über Rampe möglich"
        ]
      },
      "geometry": {
        "type": "Point",
        "coordinates": [
          13.409779,
          52.520645
        ]
      }
    },
    {
      "type": "Feature",
      "properties": {
        "title": "Grundschule am Wartenberger Feld",
        "ref": "11G40",
        "type": "Grundschule ( öffentlich )",
        "street": "Straße 3 Nr. 21",
        "zip": "13059",
        "city": "Berlin",
        "district": "Wartenberg",
        "center": [
          13.409779,
          52.520645
        ],
        "additions": []
      },
      "geometry": {
        "type": "Point",
        "coordinates": [
          13.409779,
          52.520645
        ]
      }
    },
    {
      "type": "Feature",
      "properties": {
        "title": "Grundschule am Wasserturm",
        "ref": "03G22",
        "type": "Grundschule ( öffentlich )",
        "street": "Tino-Schwierzina-Str. 66",
        "zip": "13089",
        "city": "Berlin",
        "district": "Heinersdorf",
        "center": [
          13.409779,
          52.520645
        ],
        "additions": [
          "Barrierefreie Toilette vorhanden, Behindertenparkplatz vorhanden, Zugang über Rampe möglich"
        ]
      },
      "geometry": {
        "type": "Point",
        "coordinates": [
          13.409779,
          52.520645
        ]
      }
    },
    {
      "type": "Feature",
      "properties": {
        "title": "Grundschule am Wasserwerk",
        "ref": "05G25",
        "type": "Grundschule ( öffentlich )",
        "street": "Pionierstr. 197",
        "zip": "13589",
        "city": "Berlin",
        "district": "Falkenhagener Feld",
        "center": [
          13.409779,
          52.520645
        ],
        "additions": [
          "Barrierefreie Toilette vorhanden, Behindertenparkplatz vorhanden, Fahrstuhl vorhanden, Zugang über Rampe möglich"
        ]
      },
      "geometry": {
        "type": "Point",
        "coordinates": [
          13.409779,
          52.520645
        ]
      }
    },
    {
      "type": "Feature",
      "properties": {
        "title": "Grundschule am Weinmeisterhorn",
        "ref": "05G12",
        "type": "Grundschule ( öffentlich )",
        "street": "Daberkowstr. 27",
        "zip": "13593",
        "city": "Berlin",
        "district": "Wilhelmstadt",
        "center": [
          13.409779,
          52.520645
        ],
        "additions": []
      },
      "geometry": {
        "type": "Point",
        "coordinates": [
          13.409779,
          52.520645
        ]
      }
    },
    {
      "type": "Feature",
      "properties": {
        "title": "Grundschule am Weißen See",
        "ref": "03G17",
        "type": "Grundschule ( öffentlich )",
        "street": "Falkenberger Str. 31",
        "zip": "13088",
        "city": "Berlin",
        "district": "Weißensee",
        "center": [
          13.409779,
          52.520645
        ],
        "additions": []
      },
      "geometry": {
        "type": "Point",
        "coordinates": [
          13.409779,
          52.520645
        ]
      }
    },
    {
      "type": "Feature",
      "properties": {
        "title": "Grundschule am Windmühlenberg",
        "ref": "05G24",
        "type": "Grundschule ( öffentlich )",
        "street": "Am Kinderdorf 23",
        "zip": "14089",
        "city": "Berlin",
        "district": "Gatow",
        "center": [
          13.409779,
          52.520645
        ],
        "additions": [
          "Behindertenparkplatz vorhanden, Zugang über Rampe möglich"
        ]
      },
      "geometry": {
        "type": "Point",
        "coordinates": [
          13.409779,
          52.520645
        ]
      }
    },
    {
      "type": "Feature",
      "properties": {
        "title": "Grundschule an den Buchen",
        "ref": "03G32",
        "type": "Grundschule ( öffentlich )",
        "street": "Wilhelm-Wolff-Str. 19",
        "zip": "13156",
        "city": "Berlin",
        "district": "Niederschönhausen",
        "center": [
          13.409779,
          52.520645
        ],
        "additions": []
      },
      "geometry": {
        "type": "Point",
        "coordinates": [
          13.409779,
          52.520645
        ]
      }
    },
    {
      "type": "Feature",
      "properties": {
        "title": "Grundschule an der Bäke",
        "ref": "06G31",
        "type": "Grundschule ( öffentlich )",
        "street": "Haydnstr. 15",
        "zip": "12203",
        "city": "Berlin",
        "district": "Lichterfelde",
        "center": [
          13.409779,
          52.520645
        ],
        "additions": [
          "Barrierefreie Toilette vorhanden, Zugang über Rampe möglich"
        ]
      },
      "geometry": {
        "type": "Point",
        "coordinates": [
          13.409779,
          52.520645
        ]
      }
    },
    {
      "type": "Feature",
      "properties": {
        "title": "Grundschule an der Geißenweide",
        "ref": "10G12",
        "type": "Grundschule ( öffentlich )",
        "street": "Amanlisweg 40",
        "zip": "12685",
        "city": "Berlin",
        "district": "Marzahn",
        "center": [
          13.409779,
          52.520645
        ],
        "additions": []
      },
      "geometry": {
        "type": "Point",
        "coordinates": [
          13.409779,
          52.520645
        ]
      }
    },
    {
      "type": "Feature",
      "properties": {
        "title": "Grundschule an der Marie",
        "ref": "03G04",
        "type": "Grundschule ( öffentlich )",
        "street": "Christburger Str. 7",
        "zip": "10405",
        "city": "Berlin",
        "district": "Prenzlauer Berg",
        "center": [
          13.409779,
          52.520645
        ],
        "additions": [
          "Barrierefreie Toilette vorhanden, Behindertenparkplatz vorhanden, Fahrstuhl vorhanden, Zugang über Rampe möglich"
        ]
      },
      "geometry": {
        "type": "Point",
        "coordinates": [
          13.409779,
          52.520645
        ]
      }
    },
    {
      "type": "Feature",
      "properties": {
        "title": "Grundschule an der Mühle",
        "ref": "10G11",
        "type": "Grundschule ( öffentlich )",
        "street": "Kienbergstr. 59",
        "zip": "12685",
        "city": "Berlin",
        "district": "Marzahn",
        "center": [
          13.409779,
          52.520645
        ],
        "additions": []
      },
      "geometry": {
        "type": "Point",
        "coordinates": [
          13.409779,
          52.520645
        ]
      }
    },
    {
      "type": "Feature",
      "properties": {
        "title": "Grundschule an der Peckwisch",
        "ref": "12G09",
        "type": "Grundschule ( öffentlich )",
        "street": "Tornower Weg 26-34",
        "zip": "13439",
        "city": "Berlin",
        "district": "Märkisches Viertel",
        "center": [
          13.409779,
          52.520645
        ],
        "additions": [
          "Barrierefreie Toilette vorhanden, Behindertenparkplatz vorhanden, Fahrstuhl vorhanden, Zugang über Rampe möglich"
        ]
      },
      "geometry": {
        "type": "Point",
        "coordinates": [
          13.409779,
          52.520645
        ]
      }
    },
    {
      "type": "Feature",
      "properties": {
        "title": "Grundschule an der Peckwisch",
        "ref": "12G09",
        "type": "Förderschwerp. - Geistige Entwicklung ( öffentlich )",
        "street": "Tornower Weg 26-34",
        "zip": "13439",
        "city": "Berlin",
        "district": "Märkisches Viertel",
        "center": [
          13.409779,
          52.520645
        ],
        "additions": [
          "Barrierefreie Toilette vorhanden, Behindertenparkplatz vorhanden, Fahrstuhl vorhanden, Zugang über Rampe möglich"
        ]
      },
      "geometry": {
        "type": "Point",
        "coordinates": [
          13.409779,
          52.520645
        ]
      }
    },
    {
      "type": "Feature",
      "properties": {
        "title": "Grundschule an der Pulvermühle",
        "ref": "05G28",
        "type": "Grundschule ( öffentlich )",
        "street": "Grützmacherweg 7",
        "zip": "13599",
        "city": "Berlin",
        "district": "Haselhorst",
        "center": [
          13.409779,
          52.520645
        ],
        "additions": [
          "Barrierefreie Toilette vorhanden, Behindertenparkplatz vorhanden, Fahrstuhl vorhanden, Zugang über Rampe möglich"
        ]
      },
      "geometry": {
        "type": "Point",
        "coordinates": [
          13.409779,
          52.520645
        ]
      }
    },
    {
      "type": "Feature",
      "properties": {
        "title": "Grundschule an der Rennbahn",
        "ref": "03G49",
        "type": "Grundschule ( öffentlich )",
        "street": "Rennbahnstr. 46",
        "zip": "13086",
        "city": "Berlin",
        "district": "Weißensee",
        "center": [
          13.409779,
          52.520645
        ],
        "additions": []
      },
      "geometry": {
        "type": "Point",
        "coordinates": [
          13.409779,
          52.520645
        ]
      }
    },
    {
      "type": "Feature",
      "properties": {
        "title": "Grundschule an der Wuhle",
        "ref": "10G29",
        "type": "Grundschule ( öffentlich )",
        "street": "Teterower Ring 79",
        "zip": "12619",
        "city": "Berlin",
        "district": "Hellersdorf",
        "center": [
          13.409779,
          52.520645
        ],
        "additions": []
      },
      "geometry": {
        "type": "Point",
        "coordinates": [
          13.409779,
          52.520645
        ]
      }
    },
    {
      "type": "Feature",
      "properties": {
        "title": "Grundschule auf dem Tempelhofer Feld",
        "ref": "07G21",
        "type": "Grundschule ( öffentlich )",
        "street": "Schulenburgring 7-11",
        "zip": "12101",
        "city": "Berlin",
        "district": "Tempelhof",
        "center": [
          13.409779,
          52.520645
        ],
        "additions": [
          "Barrierefreie Toilette vorhanden, Behindertenparkplatz vorhanden, Zugang über Rampe möglich"
        ]
      },
      "geometry": {
        "type": "Point",
        "coordinates": [
          13.409779,
          52.520645
        ]
      }
    },
    {
      "type": "Feature",
      "properties": {
        "title": "Grundschule im Beerwinkel",
        "ref": "05G18",
        "type": "Grundschule ( öffentlich )",
        "street": "Im Spektefeld 31",
        "zip": "13589",
        "city": "Berlin",
        "district": "Falkenhagener Feld",
        "center": [
          13.409779,
          52.520645
        ],
        "additions": [
          "Behindertenparkplatz vorhanden, Zugang über Rampe möglich"
        ]
      },
      "geometry": {
        "type": "Point",
        "coordinates": [
          13.409779,
          52.520645
        ]
      }
    },
    {
      "type": "Feature",
      "properties": {
        "title": "Grundschule im Blumenviertel",
        "ref": "03G38",
        "type": "Grundschule ( öffentlich )",
        "street": "Syringenplatz 30",
        "zip": "10407",
        "city": "Berlin",
        "district": "Prenzlauer Berg",
        "center": [
          13.409779,
          52.520645
        ],
        "additions": []
      },
      "geometry": {
        "type": "Point",
        "coordinates": [
          13.409779,
          52.520645
        ]
      }
    },
    {
      "type": "Feature",
      "properties": {
        "title": "Grundschule im Eliashof",
        "ref": "03G46",
        "type": "Grundschule ( öffentlich )",
        "street": "Senefelderstr. 6",
        "zip": "10437",
        "city": "Berlin",
        "district": "Prenzlauer Berg",
        "center": [
          13.409779,
          52.520645
        ],
        "additions": []
      },
      "geometry": {
        "type": "Point",
        "coordinates": [
          13.409779,
          52.520645
        ]
      }
    },
    {
      "type": "Feature",
      "properties": {
        "title": "Grundschule im Hofgarten",
        "ref": "03G45",
        "type": "Grundschule ( öffentlich )",
        "street": "Danziger Str. 50",
        "zip": "10435",
        "city": "Berlin",
        "district": "Prenzlauer Berg",
        "center": [
          13.409779,
          52.520645
        ],
        "additions": [
          "Barrierefreie Toilette vorhanden, Behindertenparkplatz vorhanden, Fahrstuhl vorhanden, Zugang über Rampe möglich"
        ]
      },
      "geometry": {
        "type": "Point",
        "coordinates": [
          13.409779,
          52.520645
        ]
      }
    },
    {
      "type": "Feature",
      "properties": {
        "title": "Grundschule im Moselviertel",
        "ref": "03G20",
        "type": "Grundschule ( öffentlich )",
        "street": "Brodenbacher Weg 31",
        "zip": "13088",
        "city": "Berlin",
        "district": "Weißensee",
        "center": [
          13.409779,
          52.520645
        ],
        "additions": []
      },
      "geometry": {
        "type": "Point",
        "coordinates": [
          13.409779,
          52.520645
        ]
      }
    },
    {
      "type": "Feature",
      "properties": {
        "title": "Grundschule im Panketal",
        "ref": "03G24",
        "type": "Grundschule ( öffentlich )",
        "street": "Achillesstr. 31",
        "zip": "13125",
        "city": "Berlin",
        "district": "Karow",
        "center": [
          13.409779,
          52.520645
        ],
        "additions": [
          "Barrierefreie Toilette vorhanden, Behindertenparkplatz vorhanden, Fahrstuhl vorhanden, Zugang über Rampe möglich"
        ]
      },
      "geometry": {
        "type": "Point",
        "coordinates": [
          13.409779,
          52.520645
        ]
      }
    },
    {
      "type": "Feature",
      "properties": {
        "title": "Grundschule im Taunusviertel",
        "ref": "07G26",
        "type": "Grundschule ( öffentlich )",
        "street": "Wiesbadener Str. 20",
        "zip": "12309",
        "city": "Berlin",
        "district": "Lichtenrade",
        "center": [
          13.409779,
          52.520645
        ],
        "additions": [
          "Barrierefreie Toilette vorhanden, Fahrstuhl vorhanden, Zugang über Rampe möglich"
        ]
      },
      "geometry": {
        "type": "Point",
        "coordinates": [
          13.409779,
          52.520645
        ]
      }
    },
    {
      "type": "Feature",
      "properties": {
        "title": "Grundschule in den Rollbergen",
        "ref": "12G28",
        "type": "Grundschule ( öffentlich )",
        "street": "Waldshuter Zeile 6",
        "zip": "13469",
        "city": "Berlin",
        "district": "Waidmannslust",
        "center": [
          13.409779,
          52.520645
        ],
        "additions": []
      },
      "geometry": {
        "type": "Point",
        "coordinates": [
          13.409779,
          52.520645
        ]
      }
    },
    {
      "type": "Feature",
      "properties": {
        "title": "Grundschule in der Plantagenstraße",
        "ref": "06G34",
        "type": "Grundschule ( öffentlich )",
        "street": "Plantagenstr. 8-9",
        "zip": "12169",
        "city": "Berlin",
        "district": "Steglitz",
        "center": [
          13.409779,
          52.520645
        ],
        "additions": []
      },
      "geometry": {
        "type": "Point",
        "coordinates": [
          13.409779,
          52.520645
        ]
      }
    },
    {
      "type": "Feature",
      "properties": {
        "title": "Grundschule in Rosenthal",
        "ref": "03G13",
        "type": "Grundschule ( öffentlich )",
        "street": "Kastanienallee 59",
        "zip": "13158",
        "city": "Berlin",
        "district": "Rosenthal",
        "center": [
          13.409779,
          52.520645
        ],
        "additions": []
      },
      "geometry": {
        "type": "Point",
        "coordinates": [
          13.409779,
          52.520645
        ]
      }
    },
    {
      "type": "Feature",
      "properties": {
        "title": "Grundschule Luisenstadt",
        "ref": "01G49",
        "type": "Grundschule ( öffentlich )",
        "street": "Adalbertstr. 53",
        "zip": "10179",
        "city": "Berlin",
        "district": "Mitte",
        "center": [
          13.409779,
          52.520645
        ],
        "additions": []
      },
      "geometry": {
        "type": "Point",
        "coordinates": [
          13.409779,
          52.520645
        ]
      }
    },
    {
      "type": "Feature",
      "properties": {
        "title": "Grundschule Luisenstadt",
        "ref": "01G49",
        "type": "Förderschwerp. - Geistige Entwicklung ( öffentlich )",
        "street": "Adalbertstr. 53",
        "zip": "10179",
        "city": "Berlin",
        "district": "Mitte",
        "center": [
          13.409779,
          52.520645
        ],
        "additions": []
      },
      "geometry": {
        "type": "Point",
        "coordinates": [
          13.409779,
          52.520645
        ]
      }
    },
    {
      "type": "Feature",
      "properties": {
        "title": "Grundschule Neues Tor",
        "ref": "01G05",
        "type": "Grundschule ( öffentlich )",
        "street": "Hannoversche Str. 20",
        "zip": "10115",
        "city": "Berlin",
        "district": "Mitte",
        "center": [
          13.409779,
          52.520645
        ],
        "additions": []
      },
      "geometry": {
        "type": "Point",
        "coordinates": [
          13.409779,
          52.520645
        ]
      }
    },
    {
      "type": "Feature",
      "properties": {
        "title": "Grundschule unter dem Regenbogen",
        "ref": "10G14",
        "type": "Grundschule ( öffentlich )",
        "street": "Murtzaner Ring 35-37",
        "zip": "12681",
        "city": "Berlin",
        "district": "Marzahn",
        "center": [
          13.409779,
          52.520645
        ],
        "additions": [
          "Barrierefreie Toilette vorhanden, Behindertenparkplatz vorhanden, Fahrstuhl vorhanden, Zugang über Rampe möglich"
        ]
      },
      "geometry": {
        "type": "Point",
        "coordinates": [
          13.409779,
          52.520645
        ]
      }
    },
    {
      "type": "Feature",
      "properties": {
        "title": "Grundschule unter den Bäumen",
        "ref": "03G21",
        "type": "Grundschule ( öffentlich )",
        "street": "Alt-Blankenburg 26",
        "zip": "13129",
        "city": "Berlin",
        "district": "Blankenburg",
        "center": [
          13.409779,
          52.520645
        ],
        "additions": [
          "Barrierefreie Toilette vorhanden, Fahrstuhl vorhanden"
        ]
      },
      "geometry": {
        "type": "Point",
        "coordinates": [
          13.409779,
          52.520645
        ]
      }
    },
    {
      "type": "Feature",
      "properties": {
        "title": "Grundschule unter den Kastanien",
        "ref": "06G24",
        "type": "Grundschule ( öffentlich )",
        "street": "Kastanienstr. 6-8",
        "zip": "12209",
        "city": "Berlin",
        "district": "Lichterfelde",
        "center": [
          13.409779,
          52.520645
        ],
        "additions": [
          "Barrierefreie Toilette vorhanden, Fahrstuhl vorhanden, Zugang über Rampe möglich"
        ]
      },
      "geometry": {
        "type": "Point",
        "coordinates": [
          13.409779,
          52.520645
        ]
      }
    },
    {
      "type": "Feature",
      "properties": {
        "title": "Grundschule Wilhelmsruh",
        "ref": "03G43",
        "type": "Grundschule ( öffentlich )",
        "street": "Lessingstr. 44",
        "zip": "13158",
        "city": "Berlin",
        "district": "Wilhelmsruh",
        "center": [
          13.409779,
          52.520645
        ],
        "additions": [
          "Barrierefreie Toilette vorhanden, Behindertenparkplatz vorhanden, Fahrstuhl vorhanden"
        ]
      },
      "geometry": {
        "type": "Point",
        "coordinates": [
          13.409779,
          52.520645
        ]
      }
    },
    {
      "type": "Feature",
      "properties": {
        "title": "Grundschule Wolkenstein",
        "ref": "03G39",
        "type": "Grundschule ( öffentlich )",
        "street": "Neumannstr. 65",
        "zip": "13189",
        "city": "Berlin",
        "district": "Pankow",
        "center": [
          13.409779,
          52.520645
        ],
        "additions": []
      },
      "geometry": {
        "type": "Point",
        "coordinates": [
          13.409779,
          52.520645
        ]
      }
    },
    {
      "type": "Feature",
      "properties": {
        "title": "Grüner Campus Malchow (Gemeinschaftsschule)",
        "ref": "11K10",
        "type": "Gemeinschaftsschule ( öffentlich )",
        "street": "Malchower Chaussee 2",
        "zip": "13051",
        "city": "Berlin",
        "district": "Malchow",
        "center": [
          13.409779,
          52.520645
        ],
        "additions": [
          "Behindertenparkplatz vorhanden"
        ]
      },
      "geometry": {
        "type": "Point",
        "coordinates": [
          13.409779,
          52.520645
        ]
      }
    },
    {
      "type": "Feature",
      "properties": {
        "title": "Grunewald-Grundschule",
        "ref": "04G22",
        "type": "Grundschule ( öffentlich )",
        "street": "Delbrückstr. 20A",
        "zip": "14193",
        "city": "Berlin",
        "district": "Grunewald",
        "center": [
          13.409779,
          52.520645
        ],
        "additions": []
      },
      "geometry": {
        "type": "Point",
        "coordinates": [
          13.409779,
          52.520645
        ]
      }
    },
    {
      "type": "Feature",
      "properties": {
        "title": "Gustav-Dreyer-Grundschule",
        "ref": "12G22",
        "type": "Grundschule ( öffentlich )",
        "street": "Freiherr-vom-Stein-Str. 31",
        "zip": "13467",
        "city": "Berlin",
        "district": "Hermsdorf",
        "center": [
          13.409779,
          52.520645
        ],
        "additions": []
      },
      "geometry": {
        "type": "Point",
        "coordinates": [
          13.409779,
          52.520645
        ]
      }
    },
    {
      "type": "Feature",
      "properties": {
        "title": "Gustave-Eiffel-Schule",
        "ref": "03K04",
        "type": "Integrierte Sekundarschule ( öffentlich )",
        "street": "Hanns-Eisler-Str. 78-80",
        "zip": "10409",
        "city": "Berlin",
        "district": "Prenzlauer Berg",
        "center": [
          13.409779,
          52.520645
        ],
        "additions": []
      },
      "geometry": {
        "type": "Point",
        "coordinates": [
          13.409779,
          52.520645
        ]
      }
    },
    {
      "type": "Feature",
      "properties": {
        "title": "Gustav-Falke-Grundschule",
        "ref": "01G38",
        "type": "Grundschule ( öffentlich )",
        "street": "Strelitzer Str. 42",
        "zip": "13355",
        "city": "Berlin",
        "district": "Gesundbrunnen",
        "center": [
          13.409779,
          52.520645
        ],
        "additions": []
      },
      "geometry": {
        "type": "Point",
        "coordinates": [
          13.409779,
          52.520645
        ]
      }
    },
    {
      "type": "Feature",
      "properties": {
        "title": "Gustav-Freytag-Schule (Integrierte Sekundarschule)",
        "ref": "12K05",
        "type": "Integrierte Sekundarschule ( öffentlich )",
        "street": "Breitkopfstr. 66-80",
        "zip": "13409",
        "city": "Berlin",
        "district": "Reinickendorf",
        "center": [
          13.409779,
          52.520645
        ],
        "additions": [
          "Barrierefreie Toilette vorhanden, Zugang über Rampe möglich"
        ]
      },
      "geometry": {
        "type": "Point",
        "coordinates": [
          13.409779,
          52.520645
        ]
      }
    },
    {
      "type": "Feature",
      "properties": {
        "title": "Gustav-Heinemann-Oberschule",
        "ref": "07K03",
        "type": "Integrierte Sekundarschule ( öffentlich )",
        "street": "Tirschenreuther Ring 48",
        "zip": "12279",
        "city": "Berlin",
        "district": "Marienfelde",
        "center": [
          13.409779,
          52.520645
        ],
        "additions": [
          "Barrierefreie Toilette vorhanden, Behindertenparkplatz vorhanden, Fahrstuhl vorhanden, Zugang über Rampe möglich"
        ]
      },
      "geometry": {
        "type": "Point",
        "coordinates": [
          13.409779,
          52.520645
        ]
      }
    },
    {
      "type": "Feature",
      "properties": {
        "title": "Gustav-Langenscheidt-Schule",
        "ref": "07K09",
        "type": "Integrierte Sekundarschule ( öffentlich )",
        "street": "Belziger Str. 43-51",
        "zip": "10823",
        "city": "Berlin",
        "district": "Schöneberg",
        "center": [
          13.409779,
          52.520645
        ],
        "additions": []
      },
      "geometry": {
        "type": "Point",
        "coordinates": [
          13.409779,
          52.520645
        ]
      }
    },
    {
      "type": "Feature",
      "properties": {
        "title": "",
        "ref": "",
        "type": "",
        "street": "",
        "zip": "",
        "city": "",
        "district": "",
        "center": [
          13.409779,
          52.520645
        ],
        "additions": []
      },
      "geometry": {
        "type": "Point",
        "coordinates": [
          13.409779,
          52.520645
        ]
      }
    },
    {
      "type": "Feature",
      "properties": {
        "title": "Gutenberg-Schule",
        "ref": "11K04",
        "type": "Integrierte Sekundarschule ( öffentlich )",
        "street": "Sandinostr. 10",
        "zip": "13055",
        "city": "Berlin",
        "district": "Alt-Hohenschönhausen",
        "center": [
          13.409779,
          52.520645
        ],
        "additions": []
      },
      "geometry": {
        "type": "Point",
        "coordinates": [
          13.409779,
          52.520645
        ]
      }
    },
    {
      "type": "Feature",
      "properties": {
        "title": "GutsMuths-Grundschule",
        "ref": "01G07",
        "type": "Grundschule ( öffentlich )",
        "street": "Singerstr. 8",
        "zip": "10179",
        "city": "Berlin",
        "district": "Mitte",
        "center": [
          13.409779,
          52.520645
        ],
        "additions": []
      },
      "geometry": {
        "type": "Point",
        "coordinates": [
          13.409779,
          52.520645
        ]
      }
    },
    {
      "type": "Feature",
      "properties": {
        "title": "Gymnasium Steglitz",
        "ref": "06Y13",
        "type": "Gymnasien ( öffentlich )",
        "street": "Heesestr. 15",
        "zip": "12169",
        "city": "Berlin",
        "district": "Steglitz",
        "center": [
          13.409779,
          52.520645
        ],
        "additions": []
      },
      "geometry": {
        "type": "Point",
        "coordinates": [
          13.409779,
          52.520645
        ]
      }
    },
    {
      "type": "Feature",
      "properties": {
        "title": "Gymnasium Tiergarten",
        "ref": "01Y12",
        "type": "Gymnasien ( öffentlich )",
        "street": "Altonaer Str. 26",
        "zip": "10555",
        "city": "Berlin",
        "district": "Hansaviertel",
        "center": [
          13.409779,
          52.520645
        ],
        "additions": []
      },
      "geometry": {
        "type": "Point",
        "coordinates": [
          13.409779,
          52.520645
        ]
      }
    },
    {
      "type": "Feature",
      "properties": {
        "title": "Hagenbeck-Schule",
        "ref": "03K08",
        "type": "Integrierte Sekundarschule ( öffentlich )",
        "street": "Gustav-Adolf-Str. 60",
        "zip": "13086",
        "city": "Berlin",
        "district": "Weißensee",
        "center": [
          13.409779,
          52.520645
        ],
        "additions": []
      },
      "geometry": {
        "type": "Point",
        "coordinates": [
          13.409779,
          52.520645
        ]
      }
    },
    {
      "type": "Feature",
      "properties": {
        "title": "Halensee-Grundschule",
        "ref": "04G21",
        "type": "Grundschule ( öffentlich )",
        "street": "Joachim-Friedrich-Str. 35-36",
        "zip": "10711",
        "city": "Berlin",
        "district": "Halensee",
        "center": [
          13.409779,
          52.520645
        ],
        "additions": []
      },
      "geometry": {
        "type": "Point",
        "coordinates": [
          13.409779,
          52.520645
        ]
      }
    },
    {
      "type": "Feature",
      "properties": {
        "title": "Hannah-Arendt-Gymnasium",
        "ref": "08Y06",
        "type": "Gymnasien ( öffentlich )",
        "street": "Elfriede-Kuhr-Str. 17",
        "zip": "12355",
        "city": "Berlin",
        "district": "Rudow",
        "center": [
          13.409779,
          52.520645
        ],
        "additions": [
          "Barrierefreie Toilette vorhanden, Behindertenparkplatz vorhanden, Fahrstuhl vorhanden, Zugang über Rampe möglich"
        ]
      },
      "geometry": {
        "type": "Point",
        "coordinates": [
          13.409779,
          52.520645
        ]
      }
    },
    {
      "type": "Feature",
      "properties": {
        "title": "Hansa-Grundschule",
        "ref": "01G19",
        "type": "Grundschule ( öffentlich )",
        "street": "Lessingstr. 5",
        "zip": "10555",
        "city": "Berlin",
        "district": "Hansaviertel",
        "center": [
          13.409779,
          52.520645
        ],
        "additions": [
          "Zugang über Rampe möglich"
        ]
      },
      "geometry": {
        "type": "Point",
        "coordinates": [
          13.409779,
          52.520645
        ]
      }
    },
    {
      "type": "Feature",
      "properties": {
        "title": "Hans-Böckler-Schule (OSZ Konstruktionsbautechnik)",
        "ref": "02B02",
        "type": "Fachoberschule ( öffentlich )",
        "street": "Lobeckstr. 76",
        "zip": "10969",
        "city": "Berlin",
        "district": "Kreuzberg",
        "center": [
          13.409779,
          52.520645
        ],
        "additions": []
      },
      "geometry": {
        "type": "Point",
        "coordinates": [
          13.409779,
          52.520645
        ]
      }
    },
    {
      "type": "Feature",
      "properties": {
        "title": "Hans-Böckler-Schule (OSZ Konstruktionsbautechnik)",
        "ref": "02B02",
        "type": "Berufsfachschule ( öffentlich )",
        "street": "Lobeckstr. 76",
        "zip": "10969",
        "city": "Berlin",
        "district": "Kreuzberg",
        "center": [
          13.409779,
          52.520645
        ],
        "additions": []
      },
      "geometry": {
        "type": "Point",
        "coordinates": [
          13.409779,
          52.520645
        ]
      }
    },
    {
      "type": "Feature",
      "properties": {
        "title": "Hans-Böckler-Schule (OSZ Konstruktionsbautechnik)",
        "ref": "02B02",
        "type": "Berufsschule ( öffentlich )",
        "street": "Lobeckstr. 76",
        "zip": "10969",
        "city": "Berlin",
        "district": "Kreuzberg",
        "center": [
          13.409779,
          52.520645
        ],
        "additions": []
      },
      "geometry": {
        "type": "Point",
        "coordinates": [
          13.409779,
          52.520645
        ]
      }
    },
    {
      "type": "Feature",
      "properties": {
        "title": "Hans-Carossa-Gymnasium",
        "ref": "05Y03",
        "type": "Gymnasien ( öffentlich )",
        "street": "Am Landschaftspark Gatow 40",
        "zip": "14089",
        "city": "Berlin",
        "district": "Kladow",
        "center": [
          13.409779,
          52.520645
        ],
        "additions": [
          "Barrierefreie Toilette vorhanden, Behindertenparkplatz vorhanden, Fahrstuhl vorhanden, Zugang über Rampe möglich"
        ]
      },
      "geometry": {
        "type": "Point",
        "coordinates": [
          13.409779,
          52.520645
        ]
      }
    },
    {
      "type": "Feature",
      "properties": {
        "title": "Hans-Fallada-Schule",
        "ref": "08S06",
        "type": "Förderschwerp. - Lernen ( öffentlich )",
        "street": "Harzer Str. 73-74",
        "zip": "12059",
        "city": "Berlin",
        "district": "Neukölln",
        "center": [
          13.409779,
          52.520645
        ],
        "additions": [
          "Barrierefreie Toilette vorhanden, Fahrstuhl vorhanden, Zugang über Rampe möglich"
        ]
      },
      "geometry": {
        "type": "Point",
        "coordinates": [
          13.409779,
          52.520645
        ]
      }
    },
    {
      "type": "Feature",
      "properties": {
        "title": "Hans-Fallada-Schule (Grundschule)",
        "ref": "08G03",
        "type": "Grundschule ( öffentlich )",
        "street": "Harzer Str. 73",
        "zip": "12059",
        "city": "Berlin",
        "district": "Neukölln",
        "center": [
          13.409779,
          52.520645
        ],
        "additions": [
          "Barrierefreie Toilette vorhanden, Zugang über Rampe möglich"
        ]
      },
      "geometry": {
        "type": "Point",
        "coordinates": [
          13.409779,
          52.520645
        ]
      }
    },
    {
      "type": "Feature",
      "properties": {
        "title": "Hans-Fallada-Schule (Grundschule)",
        "ref": "08G03",
        "type": "Förderschwerp. - Geistige Entwicklung ( öffentlich )",
        "street": "Harzer Str. 73",
        "zip": "12059",
        "city": "Berlin",
        "district": "Neukölln",
        "center": [
          13.409779,
          52.520645
        ],
        "additions": [
          "Barrierefreie Toilette vorhanden, Zugang über Rampe möglich"
        ]
      },
      "geometry": {
        "type": "Point",
        "coordinates": [
          13.409779,
          52.520645
        ]
      }
    },
    {
      "type": "Feature",
      "properties": {
        "title": "Hans-Grade-Schule (Integrierte Sekundarschule)",
        "ref": "09K06",
        "type": "Integrierte Sekundarschule ( öffentlich )",
        "street": "Heubergerweg 37",
        "zip": "12487",
        "city": "Berlin",
        "district": "Johannisthal",
        "center": [
          13.409779,
          52.520645
        ],
        "additions": []
      },
      "geometry": {
        "type": "Point",
        "coordinates": [
          13.409779,
          52.520645
        ]
      }
    },
    {
      "type": "Feature",
      "properties": {
        "title": "Hans-Litten-Schule (OSZ Recht und Wirtschaft)",
        "ref": "04B02",
        "type": "Berufliches Gymnasium ( öffentlich )",
        "street": "Danckelmannstr. 26-28",
        "zip": "14059",
        "city": "Berlin",
        "district": "Charlottenburg",
        "center": [
          13.409779,
          52.520645
        ],
        "additions": [
          "Barrierefreie Toilette vorhanden, Fahrstuhl vorhanden, Zugang über Rampe möglich"
        ]
      },
      "geometry": {
        "type": "Point",
        "coordinates": [
          13.409779,
          52.520645
        ]
      }
    },
    {
      "type": "Feature",
      "properties": {
        "title": "Hans-Litten-Schule (OSZ Recht und Wirtschaft)",
        "ref": "04B02",
        "type": "Berufsschule ( öffentlich )",
        "street": "Danckelmannstr. 26-28",
        "zip": "14059",
        "city": "Berlin",
        "district": "Charlottenburg",
        "center": [
          13.409779,
          52.520645
        ],
        "additions": [
          "Barrierefreie Toilette vorhanden, Fahrstuhl vorhanden, Zugang über Rampe möglich"
        ]
      },
      "geometry": {
        "type": "Point",
        "coordinates": [
          13.409779,
          52.520645
        ]
      }
    },
    {
      "type": "Feature",
      "properties": {
        "title": "Hans-Litten-Schule (OSZ Recht und Wirtschaft)",
        "ref": "04B02",
        "type": "Berufsfachschule ( öffentlich )",
        "street": "Danckelmannstr. 26-28",
        "zip": "14059",
        "city": "Berlin",
        "district": "Charlottenburg",
        "center": [
          13.409779,
          52.520645
        ],
        "additions": [
          "Barrierefreie Toilette vorhanden, Fahrstuhl vorhanden, Zugang über Rampe möglich"
        ]
      },
      "geometry": {
        "type": "Point",
        "coordinates": [
          13.409779,
          52.520645
        ]
      }
    },
    {
      "type": "Feature",
      "properties": {
        "title": "Hans-Litten-Schule (OSZ Recht und Wirtschaft)",
        "ref": "04B02",
        "type": "Fachoberschule ( öffentlich )",
        "street": "Danckelmannstr. 26-28",
        "zip": "14059",
        "city": "Berlin",
        "district": "Charlottenburg",
        "center": [
          13.409779,
          52.520645
        ],
        "additions": [
          "Barrierefreie Toilette vorhanden, Fahrstuhl vorhanden, Zugang über Rampe möglich"
        ]
      },
      "geometry": {
        "type": "Point",
        "coordinates": [
          13.409779,
          52.520645
        ]
      }
    },
    {
      "type": "Feature",
      "properties": {
        "title": "Hans-Rosenthal-Grundschule",
        "ref": "11G32",
        "type": "Grundschule ( öffentlich )",
        "street": "Bernhard-Bästlein-Str. 56",
        "zip": "10367",
        "city": "Berlin",
        "district": "Fennpfuhl",
        "center": [
          13.409779,
          52.520645
        ],
        "additions": []
      },
      "geometry": {
        "type": "Point",
        "coordinates": [
          13.409779,
          52.520645
        ]
      }
    },
    {
      "type": "Feature",
      "properties": {
        "title": "Hans-und-Hilde-Coppi-Gymnasium",
        "ref": "11Y05",
        "type": "Gymnasien ( öffentlich )",
        "street": "Römerweg 30-32",
        "zip": "10318",
        "city": "Berlin",
        "district": "Karlshorst",
        "center": [
          13.409779,
          52.520645
        ],
        "additions": []
      },
      "geometry": {
        "type": "Point",
        "coordinates": [
          13.409779,
          52.520645
        ]
      }
    },
    {
      "type": "Feature",
      "properties": {
        "title": "Hasengrund-Schule (Grundschule)",
        "ref": "03G28",
        "type": "Grundschule ( öffentlich )",
        "street": "Hermann-Hesse-Str. 48-52",
        "zip": "13156",
        "city": "Berlin",
        "district": "Niederschönhausen",
        "center": [
          13.409779,
          52.520645
        ],
        "additions": []
      },
      "geometry": {
        "type": "Point",
        "coordinates": [
          13.409779,
          52.520645
        ]
      }
    },
    {
      "type": "Feature",
      "properties": {
        "title": "Hasenschule (Grundschule)",
        "ref": "04P46",
        "type": "Grundschule ( privat )",
        "street": "Lietzenburger Str. 107 ",
        "zip": "10707",
        "city": "Berlin",
        "district": "Wilmersdorf",
        "center": [
          13.409779,
          52.520645
        ],
        "additions": []
      },
      "geometry": {
        "type": "Point",
        "coordinates": [
          13.409779,
          52.520645
        ]
      }
    },
    {
      "type": "Feature",
      "properties": {
        "title": "Hauptmann-von-Köpenick-Schule (Grundschule)",
        "ref": "09G23",
        "type": "Grundschule ( öffentlich )",
        "street": "Borgmannstr. 2-3",
        "zip": "12555",
        "city": "Berlin",
        "district": "Köpenick",
        "center": [
          13.409779,
          52.520645
        ],
        "additions": []
      },
      "geometry": {
        "type": "Point",
        "coordinates": [
          13.409779,
          52.520645
        ]
      }
    },
    {
      "type": "Feature",
      "properties": {
        "title": "Hausburg-Grundschule",
        "ref": "02G02",
        "type": "Grundschule ( öffentlich )",
        "street": "Hausburgstr. 20",
        "zip": "10249",
        "city": "Berlin",
        "district": "Friedrichshain",
        "center": [
          13.409779,
          52.520645
        ],
        "additions": []
      },
      "geometry": {
        "type": "Point",
        "coordinates": [
          13.409779,
          52.520645
        ]
      }
    },
    {
      "type": "Feature",
      "properties": {
        "title": "Hausotter-Grundschule",
        "ref": "12G06",
        "type": "Grundschule ( öffentlich )",
        "street": "Hausotterplatz 4",
        "zip": "13409",
        "city": "Berlin",
        "district": "Reinickendorf",
        "center": [
          13.409779,
          52.520645
        ],
        "additions": []
      },
      "geometry": {
        "type": "Point",
        "coordinates": [
          13.409779,
          52.520645
        ]
      }
    },
    {
      "type": "Feature",
      "properties": {
        "title": "Havel-Grundschule",
        "ref": "05G31",
        "type": "Grundschule ( öffentlich )",
        "street": "Goltzstr. 025",
        "zip": "13587",
        "city": "Berlin",
        "district": "Hakenfelde",
        "center": [
          13.409779,
          52.520645
        ],
        "additions": []
      },
      "geometry": {
        "type": "Point",
        "coordinates": [
          13.409779,
          52.520645
        ]
      }
    },
    {
      "type": "Feature",
      "properties": {
        "title": "Havel-Grundschule",
        "ref": "05G31",
        "type": "Förderschwerp. - Geistige Entwicklung ( öffentlich )",
        "street": "Goltzstr. 025",
        "zip": "13587",
        "city": "Berlin",
        "district": "Hakenfelde",
        "center": [
          13.409779,
          52.520645
        ],
        "additions": []
      },
      "geometry": {
        "type": "Point",
        "coordinates": [
          13.409779,
          52.520645
        ]
      }
    },
    {
      "type": "Feature",
      "properties": {
        "title": "Havelland-Grundschule",
        "ref": "07G05",
        "type": "Grundschule ( öffentlich )",
        "street": "Kolonnenstr. 30-30A",
        "zip": "10829",
        "city": "Berlin",
        "district": "Schöneberg",
        "center": [
          13.409779,
          52.520645
        ],
        "additions": [
          "Barrierefreie Toilette vorhanden, Behindertenparkplatz vorhanden, Fahrstuhl vorhanden, Zugang über Rampe möglich"
        ]
      },
      "geometry": {
        "type": "Point",
        "coordinates": [
          13.409779,
          52.520645
        ]
      }
    },
    {
      "type": "Feature",
      "properties": {
        "title": "Havelmüller-Grundschule",
        "ref": "12G01",
        "type": "Grundschule ( öffentlich )",
        "street": "Namslaustr. 49-57",
        "zip": "13507",
        "city": "Berlin",
        "district": "Tegel",
        "center": [
          13.409779,
          52.520645
        ],
        "additions": [
          "Barrierefreie Toilette vorhanden"
        ]
      },
      "geometry": {
        "type": "Point",
        "coordinates": [
          13.409779,
          52.520645
        ]
      }
    },
    {
      "type": "Feature",
      "properties": {
        "title": "Hector-Peterson-Schule",
        "ref": "02K03",
        "type": "Integrierte Sekundarschule ( öffentlich )",
        "street": "Tempelhofer Ufer 15",
        "zip": "10963",
        "city": "Berlin",
        "district": "Kreuzberg",
        "center": [
          13.409779,
          52.520645
        ],
        "additions": []
      },
      "geometry": {
        "type": "Point",
        "coordinates": [
          13.409779,
          52.520645
        ]
      }
    },
    {
      "type": "Feature",
      "properties": {
        "title": "Hedwig-Dohm-Schule (Integrierte Sekundarschule)",
        "ref": "01K09",
        "type": "Integrierte Sekundarschule ( öffentlich )",
        "street": "Stephanstr. 27",
        "zip": "10559",
        "city": "Berlin",
        "district": "Moabit",
        "center": [
          13.409779,
          52.520645
        ],
        "additions": []
      },
      "geometry": {
        "type": "Point",
        "coordinates": [
          13.409779,
          52.520645
        ]
      }
    },
    {
      "type": "Feature",
      "properties": {
        "title": "Heide-Schule (Grundschule)",
        "ref": "09G09",
        "type": "Grundschule ( öffentlich )",
        "street": "Florian-Geyer-Str. 87",
        "zip": "12489",
        "city": "Berlin",
        "district": "Adlershof",
        "center": [
          13.409779,
          52.520645
        ],
        "additions": [
          "Behindertenparkplatz vorhanden"
        ]
      },
      "geometry": {
        "type": "Point",
        "coordinates": [
          13.409779,
          52.520645
        ]
      }
    },
    {
      "type": "Feature",
      "properties": {
        "title": "Heilpraktikerfachschule für Aus- und Weiterbildung",
        "ref": "04E10",
        "type": "Heilpraktikerschule ( privat )",
        "street": "Waitzstr. 7",
        "zip": "10629",
        "city": "Berlin",
        "district": "Charlottenburg",
        "center": [
          13.409779,
          52.520645
        ],
        "additions": []
      },
      "geometry": {
        "type": "Point",
        "coordinates": [
          13.409779,
          52.520645
        ]
      }
    },
    {
      "type": "Feature",
      "properties": {
        "title": "Heilpraktikerschule Bodammer",
        "ref": "07E18",
        "type": "Heilpraktikerschule ( privat )",
        "street": "Stubenrauchstr. 60",
        "zip": "12161",
        "city": "Berlin",
        "district": "Friedenau",
        "center": [
          13.409779,
          52.520645
        ],
        "additions": []
      },
      "geometry": {
        "type": "Point",
        "coordinates": [
          13.409779,
          52.520645
        ]
      }
    },
    {
      "type": "Feature",
      "properties": {
        "title": "Hein-Moeller-Schule (OSZ Energietechnik II)",
        "ref": "11B01",
        "type": "Fachoberschule ( öffentlich )",
        "street": "Allee der Kosmonauten 18",
        "zip": "10315",
        "city": "Berlin",
        "district": "Lichtenberg",
        "center": [
          13.409779,
          52.520645
        ],
        "additions": [
          "\r\n\r\n\r\n, Barrierefreie Toilette vorhanden, Behindertenparkplatz vorhanden, Fahrstuhl vorhanden, Zugang über Rampe möglich"
        ]
      },
      "geometry": {
        "type": "Point",
        "coordinates": [
          13.409779,
          52.520645
        ]
      }
    },
    {
      "type": "Feature",
      "properties": {
        "title": "Hein-Moeller-Schule (OSZ Energietechnik II)",
        "ref": "11B01",
        "type": "Berufsschule ( öffentlich )",
        "street": "Allee der Kosmonauten 18",
        "zip": "10315",
        "city": "Berlin",
        "district": "Lichtenberg",
        "center": [
          13.409779,
          52.520645
        ],
        "additions": [
          "\r\n\r\n\r\n, Barrierefreie Toilette vorhanden, Behindertenparkplatz vorhanden, Fahrstuhl vorhanden, Zugang über Rampe möglich"
        ]
      },
      "geometry": {
        "type": "Point",
        "coordinates": [
          13.409779,
          52.520645
        ]
      }
    },
    {
      "type": "Feature",
      "properties": {
        "title": "Hein-Moeller-Schule (OSZ Energietechnik II)",
        "ref": "11B01",
        "type": "Berufsfachschule ( öffentlich )",
        "street": "Allee der Kosmonauten 18",
        "zip": "10315",
        "city": "Berlin",
        "district": "Lichtenberg",
        "center": [
          13.409779,
          52.520645
        ],
        "additions": [
          "\r\n\r\n\r\n, Barrierefreie Toilette vorhanden, Behindertenparkplatz vorhanden, Fahrstuhl vorhanden, Zugang über Rampe möglich"
        ]
      },
      "geometry": {
        "type": "Point",
        "coordinates": [
          13.409779,
          52.520645
        ]
      }
    },
    {
      "type": "Feature",
      "properties": {
        "title": "Heinrich-Böll-Oberschule (Integrierte Sekundarschule)",
        "ref": "05K04",
        "type": "Integrierte Sekundarschule ( öffentlich )",
        "street": "Am Forstacker 9-9a",
        "zip": "13587",
        "city": "Berlin",
        "district": "Hakenfelde",
        "center": [
          13.409779,
          52.520645
        ],
        "additions": [
          "Barrierefreie Toilette vorhanden, Zugang über Rampe möglich"
        ]
      },
      "geometry": {
        "type": "Point",
        "coordinates": [
          13.409779,
          52.520645
        ]
      }
    },
    {
      "type": "Feature",
      "properties": {
        "title": "Heinrich-Hertz-Gymnasium",
        "ref": "02Y03",
        "type": "Gymnasien ( öffentlich )",
        "street": "Rigaer Str. 81-82",
        "zip": "10247",
        "city": "Berlin",
        "district": "Friedrichshain",
        "center": [
          13.409779,
          52.520645
        ],
        "additions": []
      },
      "geometry": {
        "type": "Point",
        "coordinates": [
          13.409779,
          52.520645
        ]
      }
    },
    {
      "type": "Feature",
      "properties": {
        "title": "Heinrich-Mann-Schule",
        "ref": "08K04",
        "type": "Integrierte Sekundarschule ( öffentlich )",
        "street": "Gerlinger Str. 22",
        "zip": "12353",
        "city": "Berlin",
        "district": "Buckow",
        "center": [
          13.409779,
          52.520645
        ],
        "additions": [
          "Barrierefreie Toilette vorhanden, Behindertenparkplatz vorhanden, Fahrstuhl vorhanden"
        ]
      },
      "geometry": {
        "type": "Point",
        "coordinates": [
          13.409779,
          52.520645
        ]
      }
    },
    {
      "type": "Feature",
      "properties": {
        "title": "Heinrich-Roller-Grundschule",
        "ref": "03G02",
        "type": "Grundschule ( öffentlich )",
        "street": "Heinrich-Roller-Str. 18",
        "zip": "10405",
        "city": "Berlin",
        "district": "Prenzlauer Berg",
        "center": [
          13.409779,
          52.520645
        ],
        "additions": []
      },
      "geometry": {
        "type": "Point",
        "coordinates": [
          13.409779,
          52.520645
        ]
      }
    },
    {
      "type": "Feature",
      "properties": {
        "title": "Heinrich-Schliemann-Gymnasium",
        "ref": "03Y04",
        "type": "Gymnasien ( öffentlich )",
        "street": "Dunckerstr. 64",
        "zip": "10439",
        "city": "Berlin",
        "district": "Prenzlauer Berg",
        "center": [
          13.409779,
          52.520645
        ],
        "additions": [
          "Barrierefreie Toilette vorhanden, Fahrstuhl vorhanden"
        ]
      },
      "geometry": {
        "type": "Point",
        "coordinates": [
          13.409779,
          52.520645
        ]
      }
    },
    {
      "type": "Feature",
      "properties": {
        "title": "Heinrich-Seidel-Grundschule",
        "ref": "01G37",
        "type": "Grundschule ( öffentlich )",
        "street": "Ramlerstr. 9-10",
        "zip": "13355",
        "city": "Berlin",
        "district": "Gesundbrunnen",
        "center": [
          13.409779,
          52.520645
        ],
        "additions": [
          "Barrierefreie Toilette vorhanden, Fahrstuhl vorhanden, Zugang über Rampe möglich"
        ]
      },
      "geometry": {
        "type": "Point",
        "coordinates": [
          13.409779,
          52.520645
        ]
      }
    },
    {
      "type": "Feature",
      "properties": {
        "title": "Heinrich-von-Stephan-Gemeinschaftsschule",
        "ref": "01K04",
        "type": "Gemeinschaftsschule ( öffentlich )",
        "street": "Neues Ufer 6",
        "zip": "10553",
        "city": "Berlin",
        "district": "Moabit",
        "center": [
          13.409779,
          52.520645
        ],
        "additions": []
      },
      "geometry": {
        "type": "Point",
        "coordinates": [
          13.409779,
          52.520645
        ]
      }
    },
    {
      "type": "Feature",
      "properties": {
        "title": "Heinrich-von-Stephan-Gemeinschaftsschule",
        "ref": "01K04",
        "type": "Grundschule ( öffentlich )",
        "street": "Neues Ufer 6",
        "zip": "10553",
        "city": "Berlin",
        "district": "Moabit",
        "center": [
          13.409779,
          52.520645
        ],
        "additions": []
      },
      "geometry": {
        "type": "Point",
        "coordinates": [
          13.409779,
          52.520645
        ]
      }
    },
    {
      "type": "Feature",
      "properties": {
        "title": "Heinrich-Zille-Grundschule",
        "ref": "02G29",
        "type": "Grundschule ( öffentlich )",
        "street": "Waldemarstr. 118",
        "zip": "10997",
        "city": "Berlin",
        "district": "Kreuzberg",
        "center": [
          13.409779,
          52.520645
        ],
        "additions": [
          "Barrierefreie Toilette vorhanden, Fahrstuhl vorhanden, Zugang über Rampe möglich"
        ]
      },
      "geometry": {
        "type": "Point",
        "coordinates": [
          13.409779,
          52.520645
        ]
      }
    },
    {
      "type": "Feature",
      "properties": {
        "title": "Heinrich-Zille-Grundschule",
        "ref": "02G29",
        "type": "Förderschwerp. - Geistige Entwicklung ( öffentlich )",
        "street": "Waldemarstr. 118",
        "zip": "10997",
        "city": "Berlin",
        "district": "Kreuzberg",
        "center": [
          13.409779,
          52.520645
        ],
        "additions": [
          "Barrierefreie Toilette vorhanden, Fahrstuhl vorhanden, Zugang über Rampe möglich"
        ]
      },
      "geometry": {
        "type": "Point",
        "coordinates": [
          13.409779,
          52.520645
        ]
      }
    },
    {
      "type": "Feature",
      "properties": {
        "title": "Heinz-Berggruen-Gymnasium",
        "ref": "04Y06",
        "type": "Gymnasien ( öffentlich )",
        "street": "Bayernallee 4",
        "zip": "14052",
        "city": "Berlin",
        "district": "Westend",
        "center": [
          13.409779,
          52.520645
        ],
        "additions": []
      },
      "geometry": {
        "type": "Point",
        "coordinates": [
          13.409779,
          52.520645
        ]
      }
    },
    {
      "type": "Feature",
      "properties": {
        "title": "Heinz-Brandt-Schule",
        "ref": "03K05",
        "type": "Integrierte Sekundarschule ( öffentlich )",
        "street": "Langhansstr. 120",
        "zip": "13086",
        "city": "Berlin",
        "district": "Weißensee",
        "center": [
          13.409779,
          52.520645
        ],
        "additions": [
          "Barrierefreie Toilette vorhanden, Behindertenparkplatz vorhanden, Fahrstuhl vorhanden, Zugang über Rampe möglich"
        ]
      },
      "geometry": {
        "type": "Point",
        "coordinates": [
          13.409779,
          52.520645
        ]
      }
    },
    {
      "type": "Feature",
      "properties": {
        "title": "Heinz-Galinski-Schule (Grundschule)",
        "ref": "04P03",
        "type": "Grundschule ( privat )",
        "street": "Waldschulallee 73-75",
        "zip": "14055",
        "city": "Berlin",
        "district": "Westend",
        "center": [
          13.409779,
          52.520645
        ],
        "additions": [
          "Barrierefreie Toilette vorhanden, Fahrstuhl vorhanden, Zugang über Rampe möglich"
        ]
      },
      "geometry": {
        "type": "Point",
        "coordinates": [
          13.409779,
          52.520645
        ]
      }
    },
    {
      "type": "Feature",
      "properties": {
        "title": "Helene-Haeusler-Schule",
        "ref": "03S03",
        "type": "Förderschwerp. - Geistige Entwicklung ( öffentlich )",
        "street": "Mendelssohnstr. 10",
        "zip": "10405",
        "city": "Berlin",
        "district": "Prenzlauer Berg",
        "center": [
          13.409779,
          52.520645
        ],
        "additions": [
          "Barrierefreie Toilette vorhanden, Behindertenparkplatz vorhanden, Fahrstuhl vorhanden, Zugang über Rampe möglich"
        ]
      },
      "geometry": {
        "type": "Point",
        "coordinates": [
          13.409779,
          52.520645
        ]
      }
    },
    {
      "type": "Feature",
      "properties": {
        "title": "Helene-Lange-Schule (Integrierte Sekundarschule)",
        "ref": "06K10",
        "type": "Integrierte Sekundarschule ( öffentlich )",
        "street": "Lauenburger Str. 110-114",
        "zip": "12169",
        "city": "Berlin",
        "district": "Steglitz",
        "center": [
          13.409779,
          52.520645
        ],
        "additions": []
      },
      "geometry": {
        "type": "Point",
        "coordinates": [
          13.409779,
          52.520645
        ]
      }
    },
    {
      "type": "Feature",
      "properties": {
        "title": "Helmuth-James-von-Moltke-Grundschule",
        "ref": "04G11",
        "type": "Grundschule ( öffentlich )",
        "street": "Heckerdamm 221",
        "zip": "13627",
        "city": "Berlin",
        "district": "Charlottenburg-Nord",
        "center": [
          13.409779,
          52.520645
        ],
        "additions": [
          "Barrierefreie Toilette vorhanden, Behindertenparkplatz vorhanden, Zugang über Rampe möglich"
        ]
      },
      "geometry": {
        "type": "Point",
        "coordinates": [
          13.409779,
          52.520645
        ]
      }
    },
    {
      "type": "Feature",
      "properties": {
        "title": "Hemingway-Schule",
        "ref": "01K07",
        "type": "Integrierte Sekundarschule ( öffentlich )",
        "street": "Gartenstr. 10-17",
        "zip": "10115",
        "city": "Berlin",
        "district": "Mitte",
        "center": [
          13.409779,
          52.520645
        ],
        "additions": []
      },
      "geometry": {
        "type": "Point",
        "coordinates": [
          13.409779,
          52.520645
        ]
      }
    },
    {
      "type": "Feature",
      "properties": {
        "title": "Herbert-Hoover-Schule (Integrierte Sekundarschule)",
        "ref": "01K06",
        "type": "Integrierte Sekundarschule ( öffentlich )",
        "street": "Pankstr. 18-19",
        "zip": "13357",
        "city": "Berlin",
        "district": "Gesundbrunnen",
        "center": [
          13.409779,
          52.520645
        ],
        "additions": []
      },
      "geometry": {
        "type": "Point",
        "coordinates": [
          13.409779,
          52.520645
        ]
      }
    },
    {
      "type": "Feature",
      "properties": {
        "title": "Herder-Gymnasium",
        "ref": "04Y05",
        "type": "Gymnasien ( öffentlich )",
        "street": "Westendallee 45-46",
        "zip": "14052",
        "city": "Berlin",
        "district": "Westend",
        "center": [
          13.409779,
          52.520645
        ],
        "additions": []
      },
      "geometry": {
        "type": "Point",
        "coordinates": [
          13.409779,
          52.520645
        ]
      }
    },
    {
      "type": "Feature",
      "properties": {
        "title": "Hermann-Boddin-Schule (Grundschule)",
        "ref": "08G07",
        "type": "Grundschule ( öffentlich )",
        "street": "Boddinstr. 55",
        "zip": "12053",
        "city": "Berlin",
        "district": "Neukölln",
        "center": [
          13.409779,
          52.520645
        ],
        "additions": []
      },
      "geometry": {
        "type": "Point",
        "coordinates": [
          13.409779,
          52.520645
        ]
      }
    },
    {
      "type": "Feature",
      "properties": {
        "title": "Hermann-Ehlers-Gymnasium",
        "ref": "06Y08",
        "type": "Gymnasien ( öffentlich )",
        "street": "Elisenstr. 3-4",
        "zip": "12169",
        "city": "Berlin",
        "district": "Steglitz",
        "center": [
          13.409779,
          52.520645
        ],
        "additions": []
      },
      "geometry": {
        "type": "Point",
        "coordinates": [
          13.409779,
          52.520645
        ]
      }
    },
    {
      "type": "Feature",
      "properties": {
        "title": "Hermann-Hesse-Gymnasium",
        "ref": "02Y08",
        "type": "Gymnasien ( öffentlich )",
        "street": "Böckhstr. 16",
        "zip": "10967",
        "city": "Berlin",
        "district": "Kreuzberg",
        "center": [
          13.409779,
          52.520645
        ],
        "additions": [
          "\r\n"
        ]
      },
      "geometry": {
        "type": "Point",
        "coordinates": [
          13.409779,
          52.520645
        ]
      }
    },
    {
      "type": "Feature",
      "properties": {
        "title": "Herman-Nohl-Schule (Grundschule)",
        "ref": "08G19",
        "type": "Grundschule ( öffentlich )",
        "street": "Hannemannstr. 68",
        "zip": "12347",
        "city": "Berlin",
        "district": "Britz",
        "center": [
          13.409779,
          52.520645
        ],
        "additions": [
          "Behindertenparkplatz vorhanden, Fahrstuhl vorhanden, Zugang über Rampe möglich"
        ]
      },
      "geometry": {
        "type": "Point",
        "coordinates": [
          13.409779,
          52.520645
        ]
      }
    },
    {
      "type": "Feature",
      "properties": {
        "title": "Hermann-Sander-Schule (Grundschule)",
        "ref": "08G15",
        "type": "Grundschule ( öffentlich )",
        "street": "Mariendorfer Weg 69",
        "zip": "12051",
        "city": "Berlin",
        "district": "Neukölln",
        "center": [
          13.409779,
          52.520645
        ],
        "additions": []
      },
      "geometry": {
        "type": "Point",
        "coordinates": [
          13.409779,
          52.520645
        ]
      }
    },
    {
      "type": "Feature",
      "properties": {
        "title": "Hermann-Sander-Schule (Grundschule)",
        "ref": "08G15",
        "type": "Förderschwerp. - Geistige Entwicklung ( öffentlich )",
        "street": "Mariendorfer Weg 69",
        "zip": "12051",
        "city": "Berlin",
        "district": "Neukölln",
        "center": [
          13.409779,
          52.520645
        ],
        "additions": []
      },
      "geometry": {
        "type": "Point",
        "coordinates": [
          13.409779,
          52.520645
        ]
      }
    },
    {
      "type": "Feature",
      "properties": {
        "title": "Hermann-Scheer-Schule (OSZ Wirtschaft)",
        "ref": "09B03",
        "type": "Berufsoberschule ( öffentlich )",
        "street": "Helmholtzstr. 37",
        "zip": "12459",
        "city": "Berlin",
        "district": "Oberschöneweide",
        "center": [
          13.409779,
          52.520645
        ],
        "additions": [
          "Barrierefreie Toilette vorhanden, Fahrstuhl vorhanden, Zugang über Rampe möglich"
        ]
      },
      "geometry": {
        "type": "Point",
        "coordinates": [
          13.409779,
          52.520645
        ]
      }
    },
    {
      "type": "Feature",
      "properties": {
        "title": "Hermann-Scheer-Schule (OSZ Wirtschaft)",
        "ref": "09B03",
        "type": "Berufsschule ( öffentlich )",
        "street": "Helmholtzstr. 37",
        "zip": "12459",
        "city": "Berlin",
        "district": "Oberschöneweide",
        "center": [
          13.409779,
          52.520645
        ],
        "additions": [
          "Barrierefreie Toilette vorhanden, Fahrstuhl vorhanden, Zugang über Rampe möglich"
        ]
      },
      "geometry": {
        "type": "Point",
        "coordinates": [
          13.409779,
          52.520645
        ]
      }
    },
    {
      "type": "Feature",
      "properties": {
        "title": "Hermann-Scheer-Schule (OSZ Wirtschaft)",
        "ref": "09B03",
        "type": "Berufsfachschule ( öffentlich )",
        "street": "Helmholtzstr. 37",
        "zip": "12459",
        "city": "Berlin",
        "district": "Oberschöneweide",
        "center": [
          13.409779,
          52.520645
        ],
        "additions": [
          "Barrierefreie Toilette vorhanden, Fahrstuhl vorhanden, Zugang über Rampe möglich"
        ]
      },
      "geometry": {
        "type": "Point",
        "coordinates": [
          13.409779,
          52.520645
        ]
      }
    },
    {
      "type": "Feature",
      "properties": {
        "title": "Hermann-Scheer-Schule (OSZ Wirtschaft)",
        "ref": "09B03",
        "type": "Fachoberschule ( öffentlich )",
        "street": "Helmholtzstr. 37",
        "zip": "12459",
        "city": "Berlin",
        "district": "Oberschöneweide",
        "center": [
          13.409779,
          52.520645
        ],
        "additions": [
          "Barrierefreie Toilette vorhanden, Fahrstuhl vorhanden, Zugang über Rampe möglich"
        ]
      },
      "geometry": {
        "type": "Point",
        "coordinates": [
          13.409779,
          52.520645
        ]
      }
    },
    {
      "type": "Feature",
      "properties": {
        "title": "Hermann-Scheer-Schule (OSZ Wirtschaft)",
        "ref": "09B03",
        "type": "Berufliches Gymnasium ( öffentlich )",
        "street": "Helmholtzstr. 37",
        "zip": "12459",
        "city": "Berlin",
        "district": "Oberschöneweide",
        "center": [
          13.409779,
          52.520645
        ],
        "additions": [
          "Barrierefreie Toilette vorhanden, Fahrstuhl vorhanden, Zugang über Rampe möglich"
        ]
      },
      "geometry": {
        "type": "Point",
        "coordinates": [
          13.409779,
          52.520645
        ]
      }
    },
    {
      "type": "Feature",
      "properties": {
        "title": "Hermann-Schulz-Grundschule",
        "ref": "12G29",
        "type": "Grundschule ( öffentlich )",
        "street": "Kienhorststr. 67-79",
        "zip": "13403",
        "city": "Berlin",
        "district": "Reinickendorf",
        "center": [
          13.409779,
          52.520645
        ],
        "additions": [
          "Zugang über Rampe möglich"
        ]
      },
      "geometry": {
        "type": "Point",
        "coordinates": [
          13.409779,
          52.520645
        ]
      }
    },
    {
      "type": "Feature",
      "properties": {
        "title": "Hermann-Schulz-Grundschule",
        "ref": "12G29",
        "type": "Förderschwerp. - Geistige Entwicklung ( öffentlich )",
        "street": "Kienhorststr. 67-79",
        "zip": "13403",
        "city": "Berlin",
        "district": "Reinickendorf",
        "center": [
          13.409779,
          52.520645
        ],
        "additions": [
          "Zugang über Rampe möglich"
        ]
      },
      "geometry": {
        "type": "Point",
        "coordinates": [
          13.409779,
          52.520645
        ]
      }
    },
    {
      "type": "Feature",
      "properties": {
        "title": "Hermann-von-Helmholtz-Schule",
        "ref": "08K02",
        "type": "Integrierte Sekundarschule ( öffentlich )",
        "street": "Wutzkyallee 68-78",
        "zip": "12353",
        "city": "Berlin",
        "district": "Gropiusstadt",
        "center": [
          13.409779,
          52.520645
        ],
        "additions": []
      },
      "geometry": {
        "type": "Point",
        "coordinates": [
          13.409779,
          52.520645
        ]
      }
    },
    {
      "type": "Feature",
      "properties": {
        "title": "Hildegard-Wegscheider-Gymnasium",
        "ref": "04Y08",
        "type": "Gymnasien ( öffentlich )",
        "street": "Lassenstr. 16-20",
        "zip": "14193",
        "city": "Berlin",
        "district": "Grunewald",
        "center": [
          13.409779,
          52.520645
        ],
        "additions": []
      },
      "geometry": {
        "type": "Point",
        "coordinates": [
          13.409779,
          52.520645
        ]
      }
    },
    {
      "type": "Feature",
      "properties": {
        "title": "Hirschgarten-Grundschule",
        "ref": "09G32",
        "type": "Grundschule ( öffentlich )",
        "street": "Peter-Hille-Str. 18",
        "zip": "12587",
        "city": "Berlin",
        "district": "Friedrichshagen",
        "center": [
          13.409779,
          52.520645
        ],
        "additions": []
      },
      "geometry": {
        "type": "Point",
        "coordinates": [
          13.409779,
          52.520645
        ]
      }
    },
    {
      "type": "Feature",
      "properties": {
        "title": "Hoffmann-von-Fallersleben-Grundschule",
        "ref": "12G15",
        "type": "Grundschule ( öffentlich )",
        "street": "Ziekowstr. 80-88",
        "zip": "13509",
        "city": "Berlin",
        "district": "Tegel",
        "center": [
          13.409779,
          52.520645
        ],
        "additions": [
          "Barrierefreie Toilette vorhanden, Zugang über Rampe möglich"
        ]
      },
      "geometry": {
        "type": "Point",
        "coordinates": [
          13.409779,
          52.520645
        ]
      }
    },
    {
      "type": "Feature",
      "properties": {
        "title": "Hoffmann-von-Fallersleben-Grundschule",
        "ref": "12G15",
        "type": "Förderschwerp. - Geistige Entwicklung ( öffentlich )",
        "street": "Ziekowstr. 80-88",
        "zip": "13509",
        "city": "Berlin",
        "district": "Tegel",
        "center": [
          13.409779,
          52.520645
        ],
        "additions": [
          "Barrierefreie Toilette vorhanden, Zugang über Rampe möglich"
        ]
      },
      "geometry": {
        "type": "Point",
        "coordinates": [
          13.409779,
          52.520645
        ]
      }
    },
    {
      "type": "Feature",
      "properties": {
        "title": "Homer-Grundschule",
        "ref": "03G05",
        "type": "Grundschule ( öffentlich )",
        "street": "Pasteurstr. 10/12",
        "zip": "10407",
        "city": "Berlin",
        "district": "Prenzlauer Berg",
        "center": [
          13.409779,
          52.520645
        ],
        "additions": []
      },
      "geometry": {
        "type": "Point",
        "coordinates": [
          13.409779,
          52.520645
        ]
      }
    },
    {
      "type": "Feature",
      "properties": {
        "title": "HTK - Akademie für Gestaltung",
        "ref": "07E34",
        "type": "Künstlerische Schule ( privat )",
        "street": "Potsdamer Str. 180-182",
        "zip": "10783",
        "city": "Berlin",
        "district": "Schöneberg",
        "center": [
          13.409779,
          52.520645
        ],
        "additions": []
      },
      "geometry": {
        "type": "Point",
        "coordinates": [
          13.409779,
          52.520645
        ]
      }
    },
    {
      "type": "Feature",
      "properties": {
        "title": "Hufeland-Schule (Integrierte Sekundarschule)",
        "ref": "03K10",
        "type": "Integrierte Sekundarschule ( öffentlich )",
        "street": "Walter-Friedrich-Str. 16-18",
        "zip": "13125",
        "city": "Berlin",
        "district": "Buch",
        "center": [
          13.409779,
          52.520645
        ],
        "additions": [
          "Barrierefreie Toilette vorhanden, Behindertenparkplatz vorhanden"
        ]
      },
      "geometry": {
        "type": "Point",
        "coordinates": [
          13.409779,
          52.520645
        ]
      }
    },
    {
      "type": "Feature",
      "properties": {
        "title": "Hugo-Gaudig-Schule",
        "ref": "07K11",
        "type": "Integrierte Sekundarschule ( öffentlich )",
        "street": "Boelckestr. 58-60",
        "zip": "12101",
        "city": "Berlin",
        "district": "Tempelhof",
        "center": [
          13.409779,
          52.520645
        ],
        "additions": []
      },
      "geometry": {
        "type": "Point",
        "coordinates": [
          13.409779,
          52.520645
        ]
      }
    },
    {
      "type": "Feature",
      "properties": {
        "title": "Hugo-Heimann-Schule (Grundschule)",
        "ref": "08G16",
        "type": "Grundschule ( öffentlich )",
        "street": "Hugo-Heimann-Str. 20",
        "zip": "12353",
        "city": "Berlin",
        "district": "Gropiusstadt",
        "center": [
          13.409779,
          52.520645
        ],
        "additions": [
          "Behindertenparkplatz vorhanden"
        ]
      },
      "geometry": {
        "type": "Point",
        "coordinates": [
          13.409779,
          52.520645
        ]
      }
    },
    {
      "type": "Feature",
      "properties": {
        "title": "Humanistische Fachschule für Sozialpädagogik",
        "ref": "07P17",
        "type": "Fachschule ( privat )",
        "street": "Ullsteinstr. 130",
        "zip": "12109",
        "city": "Berlin",
        "district": "Tempelhof",
        "center": [
          13.409779,
          52.520645
        ],
        "additions": []
      },
      "geometry": {
        "type": "Point",
        "coordinates": [
          13.409779,
          52.520645
        ]
      }
    },
    {
      "type": "Feature",
      "properties": {
        "title": "Humboldt-Gymnasium",
        "ref": "12Y03",
        "type": "Gymnasien ( öffentlich )",
        "street": "Hatzfeldtallee 2-4",
        "zip": "13509",
        "city": "Berlin",
        "district": "Tegel",
        "center": [
          13.409779,
          52.520645
        ],
        "additions": []
      },
      "geometry": {
        "type": "Point",
        "coordinates": [
          13.409779,
          52.520645
        ]
      }
    },
    {
      "type": "Feature",
      "properties": {
        "title": "Humboldthain-Grundschule",
        "ref": "01G35",
        "type": "Grundschule ( öffentlich )",
        "street": "Grenzstr. 7-8",
        "zip": "13355",
        "city": "Berlin",
        "district": "Gesundbrunnen",
        "center": [
          13.409779,
          52.520645
        ],
        "additions": [
          "Barrierefreie Toilette vorhanden, Fahrstuhl vorhanden, Zugang über Rampe möglich"
        ]
      },
      "geometry": {
        "type": "Point",
        "coordinates": [
          13.409779,
          52.520645
        ]
      }
    },
    {
      "type": "Feature",
      "properties": {
        "title": "Hunsrück-Grundschule",
        "ref": "02G27",
        "type": "Grundschule ( öffentlich )",
        "street": "Manteuffelstr. 79",
        "zip": "10999",
        "city": "Berlin",
        "district": "Kreuzberg",
        "center": [
          13.409779,
          52.520645
        ],
        "additions": [
          "Barrierefreie Toilette vorhanden, Behindertenparkplatz vorhanden, Fahrstuhl vorhanden"
        ]
      },
      "geometry": {
        "type": "Point",
        "coordinates": [
          13.409779,
          52.520645
        ]
      }
    },
    {
      "type": "Feature",
      "properties": {
        "title": "IB-Berlin-Brandenburg gGmbH - Fachschule für Sozialpädagogik",
        "ref": "03P50",
        "type": "Fachschule ( privat )",
        "street": "Storkower Str. 139B",
        "zip": "10407",
        "city": "Berlin",
        "district": "Prenzlauer Berg",
        "center": [
          13.409779,
          52.520645
        ],
        "additions": []
      },
      "geometry": {
        "type": "Point",
        "coordinates": [
          13.409779,
          52.520645
        ]
      }
    },
    {
      "type": "Feature",
      "properties": {
        "title": "Ikarus-Grundschule",
        "ref": "07G37",
        "type": "Grundschule ( öffentlich )",
        "street": "Körtingstr. 45",
        "zip": "12107",
        "city": "Berlin",
        "district": "Mariendorf",
        "center": [
          13.409779,
          52.520645
        ],
        "additions": []
      },
      "geometry": {
        "type": "Point",
        "coordinates": [
          13.409779,
          52.520645
        ]
      }
    },
    {
      "type": "Feature",
      "properties": {
        "title": "Ilse-Middendorf-Institut für den Erfahrbaren Atem",
        "ref": "07E08",
        "type": "Heilpraktikerschule ( privat )",
        "street": "Viktoria-Luise-Platz 9",
        "zip": "10777",
        "city": "Berlin",
        "district": "Schöneberg",
        "center": [
          13.409779,
          52.520645
        ],
        "additions": []
      },
      "geometry": {
        "type": "Point",
        "coordinates": [
          13.409779,
          52.520645
        ]
      }
    },
    {
      "type": "Feature",
      "properties": {
        "title": "Immanuel-Grundschule",
        "ref": "05P15",
        "type": "Grundschule ( privat )",
        "street": "Stadtrandstr. 465",
        "zip": "13589",
        "city": "Berlin",
        "district": "Falkenhagener Feld",
        "center": [
          13.409779,
          52.520645
        ],
        "additions": [
          "Zugang über Rampe möglich"
        ]
      },
      "geometry": {
        "type": "Point",
        "coordinates": [
          13.409779,
          52.520645
        ]
      }
    },
    {
      "type": "Feature",
      "properties": {
        "title": "Immanuel-Kant-Gymnasium",
        "ref": "11Y11",
        "type": "Gymnasien ( öffentlich )",
        "street": "Lückstr. 63",
        "zip": "10317",
        "city": "Berlin",
        "district": "Rummelsburg",
        "center": [
          13.409779,
          52.520645
        ],
        "additions": [
          "Barrierefreie Toilette vorhanden, Behindertenparkplatz vorhanden"
        ]
      },
      "geometry": {
        "type": "Point",
        "coordinates": [
          13.409779,
          52.520645
        ]
      }
    },
    {
      "type": "Feature",
      "properties": {
        "title": "INAC Theaterakademie",
        "ref": "03E11",
        "type": "Künstlerische Schule ( privat )",
        "street": "Pestalozzistr. 5-8",
        "zip": "13187",
        "city": "Berlin",
        "district": "Pankow",
        "center": [
          13.409779,
          52.520645
        ],
        "additions": []
      },
      "geometry": {
        "type": "Point",
        "coordinates": [
          13.409779,
          52.520645
        ]
      }
    },
    {
      "type": "Feature",
      "properties": {
        "title": "Inge-Deutschkron-Gymnasium",
        "ref": "03Y17",
        "type": "Gymnasien ( öffentlich )",
        "street": "Kopenhagener Str. 83-87",
        "zip": "13158",
        "city": "Berlin",
        "district": "Wilhelmsruh",
        "center": [
          13.409779,
          52.520645
        ],
        "additions": []
      },
      "geometry": {
        "type": "Point",
        "coordinates": [
          13.409779,
          52.520645
        ]
      }
    },
    {
      "type": "Feature",
      "properties": {
        "title": "Institut Buhara e.V.",
        "ref": "11E09",
        "type": "Sonstige Ergänzungsschule ( privat )",
        "street": "Wallensteinstr. 22",
        "zip": "10318",
        "city": "Berlin",
        "district": "Rummelsburg",
        "center": [
          13.409779,
          52.520645
        ],
        "additions": []
      },
      "geometry": {
        "type": "Point",
        "coordinates": [
          13.409779,
          52.520645
        ]
      }
    },
    {
      "type": "Feature",
      "properties": {
        "title": "Institut für Psychotherapie e.V. Berlin",
        "ref": "06E02",
        "type": "Sonstige Ergänzungsschule ( privat )",
        "street": "Goerzallee 5",
        "zip": "12207",
        "city": "Berlin",
        "district": "Lichterfelde",
        "center": [
          13.409779,
          52.520645
        ],
        "additions": []
      },
      "geometry": {
        "type": "Point",
        "coordinates": [
          13.409779,
          52.520645
        ]
      }
    },
    {
      "type": "Feature",
      "properties": {
        "title": "Integrierte Sekundarschule Mahlsdorf",
        "ref": "10K13",
        "type": "Integrierte Sekundarschule ( öffentlich )",
        "street": "An der Schule 47",
        "zip": "12623",
        "city": "Berlin",
        "district": "Mahlsdorf",
        "center": [
          13.409779,
          52.520645
        ],
        "additions": []
      },
      "geometry": {
        "type": "Point",
        "coordinates": [
          13.409779,
          52.520645
        ]
      }
    },
    {
      "type": "Feature",
      "properties": {
        "title": "Integrierte Sekundarschule Wilmersdorf",
        "ref": "04K07",
        "type": "Integrierte Sekundarschule ( öffentlich )",
        "street": "Kranzer Str. 3",
        "zip": "14199",
        "city": "Berlin",
        "district": "Schmargendorf",
        "center": [
          13.409779,
          52.520645
        ],
        "additions": []
      },
      "geometry": {
        "type": "Point",
        "coordinates": [
          13.409779,
          52.520645
        ]
      }
    },
    {
      "type": "Feature",
      "properties": {
        "title": "Internationale Dance Academy Berlin",
        "ref": "07E26",
        "type": "Künstlerische Schule ( privat )",
        "street": "Rheinstr. 45-46",
        "zip": "12161",
        "city": "Berlin",
        "district": "Friedenau",
        "center": [
          13.409779,
          52.520645
        ],
        "additions": []
      },
      "geometry": {
        "type": "Point",
        "coordinates": [
          13.409779,
          52.520645
        ]
      }
    },
    {
      "type": "Feature",
      "properties": {
        "title": "Internationale Lomonossow-Schule Berlin (Gemeinschaftsschule)",
        "ref": "01P25",
        "type": "Gemeinschaftsschule ( privat )",
        "street": "Genthiner Str. 20",
        "zip": "10785",
        "city": "Berlin",
        "district": "Tiergarten",
        "center": [
          13.409779,
          52.520645
        ],
        "additions": []
      },
      "geometry": {
        "type": "Point",
        "coordinates": [
          13.409779,
          52.520645
        ]
      }
    },
    {
      "type": "Feature",
      "properties": {
        "title": "Internationale Lomonossow-Schule Berlin (Gemeinschaftsschule)",
        "ref": "01P25",
        "type": "Grundschule ( privat )",
        "street": "Genthiner Str. 20",
        "zip": "10785",
        "city": "Berlin",
        "district": "Tiergarten",
        "center": [
          13.409779,
          52.520645
        ],
        "additions": []
      },
      "geometry": {
        "type": "Point",
        "coordinates": [
          13.409779,
          52.520645
        ]
      }
    },
    {
      "type": "Feature",
      "properties": {
        "title": "Internationale Lomonossow-Schule Berlin Marzahn (Gemeinschaftsschule)",
        "ref": "10P10",
        "type": "Gemeinschaftsschule ( privat )",
        "street": "Brebacher Weg 15",
        "zip": "12683",
        "city": "Berlin",
        "district": "Biesdorf",
        "center": [
          13.409779,
          52.520645
        ],
        "additions": [
          "Filiale: Allee der Kosmonauten 123, 12681 Berlin"
        ]
      },
      "geometry": {
        "type": "Point",
        "coordinates": [
          13.409779,
          52.520645
        ]
      }
    },
    {
      "type": "Feature",
      "properties": {
        "title": "Internationale Lomonossow-Schule Berlin Marzahn (Gemeinschaftsschule)",
        "ref": "10P10",
        "type": "Grundschule ( privat )",
        "street": "Brebacher Weg 15",
        "zip": "12683",
        "city": "Berlin",
        "district": "Biesdorf",
        "center": [
          13.409779,
          52.520645
        ],
        "additions": [
          "Filiale: Allee der Kosmonauten 123, 12681 Berlin"
        ]
      },
      "geometry": {
        "type": "Point",
        "coordinates": [
          13.409779,
          52.520645
        ]
      }
    },
    {
      "type": "Feature",
      "properties": {
        "title": "Internationale Montessorischule Berlin (Gemeinschaftsschule)",
        "ref": "06P21",
        "type": "Grundschule ( privat )",
        "street": "Zum Heckeshorn 38",
        "zip": "14109",
        "city": "Berlin",
        "district": "Wannsee",
        "center": [
          13.409779,
          52.520645
        ],
        "additions": [
          "Barrierefreie Toilette vorhanden, Behindertenparkplatz vorhanden, Zugang über Rampe möglich"
        ]
      },
      "geometry": {
        "type": "Point",
        "coordinates": [
          13.409779,
          52.520645
        ]
      }
    },
    {
      "type": "Feature",
      "properties": {
        "title": "Internationale Montessorischule Berlin (Gemeinschaftsschule)",
        "ref": "06P21",
        "type": "Gemeinschaftsschule ( privat )",
        "street": "Zum Heckeshorn 38",
        "zip": "14109",
        "city": "Berlin",
        "district": "Wannsee",
        "center": [
          13.409779,
          52.520645
        ],
        "additions": [
          "Barrierefreie Toilette vorhanden, Behindertenparkplatz vorhanden, Zugang über Rampe möglich"
        ]
      },
      "geometry": {
        "type": "Point",
        "coordinates": [
          13.409779,
          52.520645
        ]
      }
    },
    {
      "type": "Feature",
      "properties": {
        "title": "Isaac-Newton-Schule (Integrierte Sekundarschule)",
        "ref": "09K04",
        "type": "Integrierte Sekundarschule ( öffentlich )",
        "street": "Zeppelinstr. 80-88",
        "zip": "12459",
        "city": "Berlin",
        "district": "Oberschöneweide",
        "center": [
          13.409779,
          52.520645
        ],
        "additions": [
          "\r\n"
        ]
      },
      "geometry": {
        "type": "Point",
        "coordinates": [
          13.409779,
          52.520645
        ]
      }
    },
    {
      "type": "Feature",
      "properties": {
        "title": "Islamische Grundschule",
        "ref": "02P03",
        "type": "Grundschule ( privat )",
        "street": "Boppstr. 4",
        "zip": "10967",
        "city": "Berlin",
        "district": "Kreuzberg",
        "center": [
          13.409779,
          52.520645
        ],
        "additions": []
      },
      "geometry": {
        "type": "Point",
        "coordinates": [
          13.409779,
          52.520645
        ]
      }
    },
    {
      "type": "Feature",
      "properties": {
        "title": "J.-A.-Zeune-Schule für Blinde und Berufsfachschule Dr. Silex",
        "ref": "06S05",
        "type": "Berufsfachschule ( öffentlich )",
        "street": "Rothenburgstr. 14",
        "zip": "12165",
        "city": "Berlin",
        "district": "Steglitz",
        "center": [
          13.409779,
          52.520645
        ],
        "additions": []
      },
      "geometry": {
        "type": "Point",
        "coordinates": [
          13.409779,
          52.520645
        ]
      }
    },
    {
      "type": "Feature",
      "properties": {
        "title": "J.-A.-Zeune-Schule für Blinde und Berufsfachschule Dr. Silex",
        "ref": "06S05",
        "type": "Förderschwerp. - Übrige ( öffentlich )",
        "street": "Rothenburgstr. 14",
        "zip": "12165",
        "city": "Berlin",
        "district": "Steglitz",
        "center": [
          13.409779,
          52.520645
        ],
        "additions": []
      },
      "geometry": {
        "type": "Point",
        "coordinates": [
          13.409779,
          52.520645
        ]
      }
    },
    {
      "type": "Feature",
      "properties": {
        "title": "J.-A.-Zeune-Schule für Blinde und Berufsfachschule Dr. Silex",
        "ref": "06S05",
        "type": "Berufsschule mit sonderpäd. Aufgaben ( öffentlich )",
        "street": "Rothenburgstr. 14",
        "zip": "12165",
        "city": "Berlin",
        "district": "Steglitz",
        "center": [
          13.409779,
          52.520645
        ],
        "additions": []
      },
      "geometry": {
        "type": "Point",
        "coordinates": [
          13.409779,
          52.520645
        ]
      }
    },
    {
      "type": "Feature",
      "properties": {
        "title": "Jane-Addams-Schule (OSZ Sozialwesen)",
        "ref": "02B05",
        "type": "Fachoberschule ( öffentlich )",
        "street": "Straßmannstr. 14-16",
        "zip": "10249",
        "city": "Berlin",
        "district": "Friedrichshain",
        "center": [
          13.409779,
          52.520645
        ],
        "additions": []
      },
      "geometry": {
        "type": "Point",
        "coordinates": [
          13.409779,
          52.520645
        ]
      }
    },
    {
      "type": "Feature",
      "properties": {
        "title": "Jane-Addams-Schule (OSZ Sozialwesen)",
        "ref": "02B05",
        "type": "Fachschule ( öffentlich )",
        "street": "Straßmannstr. 14-16",
        "zip": "10249",
        "city": "Berlin",
        "district": "Friedrichshain",
        "center": [
          13.409779,
          52.520645
        ],
        "additions": []
      },
      "geometry": {
        "type": "Point",
        "coordinates": [
          13.409779,
          52.520645
        ]
      }
    },
    {
      "type": "Feature",
      "properties": {
        "title": "Jane-Addams-Schule (OSZ Sozialwesen)",
        "ref": "02B05",
        "type": "Berufsoberschule ( öffentlich )",
        "street": "Straßmannstr. 14-16",
        "zip": "10249",
        "city": "Berlin",
        "district": "Friedrichshain",
        "center": [
          13.409779,
          52.520645
        ],
        "additions": []
      },
      "geometry": {
        "type": "Point",
        "coordinates": [
          13.409779,
          52.520645
        ]
      }
    },
    {
      "type": "Feature",
      "properties": {
        "title": "Jane-Addams-Schule (OSZ Sozialwesen)",
        "ref": "02B05",
        "type": "Berufsfachschule ( öffentlich )",
        "street": "Straßmannstr. 14-16",
        "zip": "10249",
        "city": "Berlin",
        "district": "Friedrichshain",
        "center": [
          13.409779,
          52.520645
        ],
        "additions": []
      },
      "geometry": {
        "type": "Point",
        "coordinates": [
          13.409779,
          52.520645
        ]
      }
    },
    {
      "type": "Feature",
      "properties": {
        "title": "Jane-Addams-Schule (OSZ Sozialwesen)",
        "ref": "02B05",
        "type": "Berufliches Gymnasium ( öffentlich )",
        "street": "Straßmannstr. 14-16",
        "zip": "10249",
        "city": "Berlin",
        "district": "Friedrichshain",
        "center": [
          13.409779,
          52.520645
        ],
        "additions": []
      },
      "geometry": {
        "type": "Point",
        "coordinates": [
          13.409779,
          52.520645
        ]
      }
    },
    {
      "type": "Feature",
      "properties": {
        "title": "Jane-Addams-Schule (OSZ Sozialwesen)",
        "ref": "02B05",
        "type": "Berufsschule ( öffentlich )",
        "street": "Straßmannstr. 14-16",
        "zip": "10249",
        "city": "Berlin",
        "district": "Friedrichshain",
        "center": [
          13.409779,
          52.520645
        ],
        "additions": []
      },
      "geometry": {
        "type": "Point",
        "coordinates": [
          13.409779,
          52.520645
        ]
      }
    },
    {
      "type": "Feature",
      "properties": {
        "title": "Jane-Goodall-Grundschule",
        "ref": "02G34",
        "type": "Grundschule ( öffentlich )",
        "street": "Scharnweberstr. 19",
        "zip": "10247",
        "city": "Berlin",
        "district": "Friedrichshain",
        "center": [
          13.409779,
          52.520645
        ],
        "additions": []
      },
      "geometry": {
        "type": "Point",
        "coordinates": [
          13.409779,
          52.520645
        ]
      }
    },
    {
      "type": "Feature",
      "properties": {
        "title": "Janusz-Korczak-Schule (Grundschule)",
        "ref": "08G31",
        "type": "Grundschule ( öffentlich )",
        "street": "Wildhüterweg 5",
        "zip": "12353",
        "city": "Berlin",
        "district": "Gropiusstadt",
        "center": [
          13.409779,
          52.520645
        ],
        "additions": [
          "Behindertenparkplatz vorhanden, Zugang über Rampe möglich"
        ]
      },
      "geometry": {
        "type": "Point",
        "coordinates": [
          13.409779,
          52.520645
        ]
      }
    },
    {
      "type": "Feature",
      "properties": {
        "title": "Janusz-Korczak-Schule (Integrierte Sekundarschule)",
        "ref": "03K09",
        "type": "Integrierte Sekundarschule ( öffentlich )",
        "street": "Dolomitenstr. 94",
        "zip": "13187",
        "city": "Berlin",
        "district": "Pankow",
        "center": [
          13.409779,
          52.520645
        ],
        "additions": []
      },
      "geometry": {
        "type": "Point",
        "coordinates": [
          13.409779,
          52.520645
        ]
      }
    },
    {
      "type": "Feature",
      "properties": {
        "title": "Japanische Ergänzungsschule in Berlin e.V.",
        "ref": "04E24",
        "type": "Sonstige Ergänzungsschule ( privat )",
        "street": "Joachim-Friedrich-Str. 35-36",
        "zip": "10711",
        "city": "Berlin",
        "district": "Halensee",
        "center": [
          13.409779,
          52.520645
        ],
        "additions": []
      },
      "geometry": {
        "type": "Point",
        "coordinates": [
          13.409779,
          52.520645
        ]
      }
    },
    {
      "type": "Feature",
      "properties": {
        "title": "Japanische Internationale Schule zu Berlin",
        "ref": "06E13",
        "type": "Ausländische Schule ( privat )",
        "street": "Haynauer Str. 72A",
        "zip": "12249",
        "city": "Berlin",
        "district": "Lankwitz",
        "center": [
          13.409779,
          52.520645
        ],
        "additions": []
      },
      "geometry": {
        "type": "Point",
        "coordinates": [
          13.409779,
          52.520645
        ]
      }
    },
    {
      "type": "Feature",
      "properties": {
        "title": "Jean-Krämer-Schule (Integrierte Sekundarschule) Wittenau",
        "ref": "12K07",
        "type": "Integrierte Sekundarschule ( öffentlich )",
        "street": "Alt-Wittenau 8-12",
        "zip": "13437",
        "city": "Berlin",
        "district": "Wittenau",
        "center": [
          13.409779,
          52.520645
        ],
        "additions": [
          "Barrierefreie Toilette vorhanden, Behindertenparkplatz vorhanden, Fahrstuhl vorhanden"
        ]
      },
      "geometry": {
        "type": "Point",
        "coordinates": [
          13.409779,
          52.520645
        ]
      }
    },
    {
      "type": "Feature",
      "properties": {
        "title": "Jeanne-Barez-Schule (Grundschule)",
        "ref": "03G33",
        "type": "Grundschule ( öffentlich )",
        "street": "Hauptstr. 66",
        "zip": "13127",
        "city": "Berlin",
        "district": "Französisch Buchholz",
        "center": [
          13.409779,
          52.520645
        ],
        "additions": [
          "Behindertenparkplatz vorhanden"
        ]
      },
      "geometry": {
        "type": "Point",
        "coordinates": [
          13.409779,
          52.520645
        ]
      }
    },
    {
      "type": "Feature",
      "properties": {
        "title": "Jean-Piaget-Schule",
        "ref": "10K05",
        "type": "Integrierte Sekundarschule ( öffentlich )",
        "street": "Mittenwalder Str. 5",
        "zip": "12629",
        "city": "Berlin",
        "district": "Hellersdorf",
        "center": [
          13.409779,
          52.520645
        ],
        "additions": []
      },
      "geometry": {
        "type": "Point",
        "coordinates": [
          13.409779,
          52.520645
        ]
      }
    },
    {
      "type": "Feature",
      "properties": {
        "title": "Jean-Piaget-Schule",
        "ref": "10K05",
        "type": "Zweiter Bildungsweg ( öffentlich )",
        "street": "Mittenwalder Str. 5",
        "zip": "12629",
        "city": "Berlin",
        "district": "Hellersdorf",
        "center": [
          13.409779,
          52.520645
        ],
        "additions": []
      },
      "geometry": {
        "type": "Point",
        "coordinates": [
          13.409779,
          52.520645
        ]
      }
    },
    {
      "type": "Feature",
      "properties": {
        "title": "Jenaplanschule Neukölln (Grundschule)",
        "ref": "08G12",
        "type": "Grundschule ( öffentlich )",
        "street": "Jonasstr. 15",
        "zip": "12053",
        "city": "Berlin",
        "district": "Neukölln",
        "center": [
          13.409779,
          52.520645
        ],
        "additions": []
      },
      "geometry": {
        "type": "Point",
        "coordinates": [
          13.409779,
          52.520645
        ]
      }
    },
    {
      "type": "Feature",
      "properties": {
        "title": "Jens-Nydahl-Grundschule",
        "ref": "02G22",
        "type": "Grundschule ( öffentlich )",
        "street": "Regina-Jonas-Str. 20",
        "zip": "10999",
        "city": "Berlin",
        "district": "Kreuzberg",
        "center": [
          13.409779,
          52.520645
        ],
        "additions": [
          "Barrierefreie Toilette vorhanden, Fahrstuhl vorhanden, Zugang über Rampe möglich"
        ]
      },
      "geometry": {
        "type": "Point",
        "coordinates": [
          13.409779,
          52.520645
        ]
      }
    },
    {
      "type": "Feature",
      "properties": {
        "title": "Jewish International School - Masorti-Grundschule",
        "ref": "04P45",
        "type": "Grundschule ( privat )",
        "street": "Roscherstr. 6",
        "zip": "10629",
        "city": "Berlin",
        "district": "Charlottenburg",
        "center": [
          13.409779,
          52.520645
        ],
        "additions": []
      },
      "geometry": {
        "type": "Point",
        "coordinates": [
          13.409779,
          52.520645
        ]
      }
    },
    {
      "type": "Feature",
      "properties": {
        "title": "Joan-Miró-Grundschule",
        "ref": "04G04",
        "type": "Grundschule ( öffentlich )",
        "street": "Bleibtreustr. 43",
        "zip": "10623",
        "city": "Berlin",
        "district": "Charlottenburg",
        "center": [
          13.409779,
          52.520645
        ],
        "additions": [
          "Fahrstuhl vorhanden"
        ]
      },
      "geometry": {
        "type": "Point",
        "coordinates": [
          13.409779,
          52.520645
        ]
      }
    },
    {
      "type": "Feature",
      "properties": {
        "title": "Johanna-Eck-Schule (Integrierte Sekundarschule)",
        "ref": "07K07",
        "type": "Integrierte Sekundarschule ( öffentlich )",
        "street": "Ringstr. 103-106",
        "zip": "12105",
        "city": "Berlin",
        "district": "Tempelhof",
        "center": [
          13.409779,
          52.520645
        ],
        "additions": []
      },
      "geometry": {
        "type": "Point",
        "coordinates": [
          13.409779,
          52.520645
        ]
      }
    },
    {
      "type": "Feature",
      "properties": {
        "title": "Johanna-Eck-Schule (Integrierte Sekundarschule)",
        "ref": "07K07",
        "type": "Zweiter Bildungsweg ( öffentlich )",
        "street": "Ringstr. 103-106",
        "zip": "12105",
        "city": "Berlin",
        "district": "Tempelhof",
        "center": [
          13.409779,
          52.520645
        ],
        "additions": []
      },
      "geometry": {
        "type": "Point",
        "coordinates": [
          13.409779,
          52.520645
        ]
      }
    },
    {
      "type": "Feature",
      "properties": {
        "title": "Johanna-Gerdes-Grundschule",
        "ref": "06P02",
        "type": "Grundschule ( privat )",
        "street": "Salzachstr. 4",
        "zip": "14163",
        "city": "Berlin",
        "district": "",
        "center": [
          13.409779,
          52.520645
        ],
        "additions": []
      },
      "geometry": {
        "type": "Point",
        "coordinates": [
          13.409779,
          52.520645
        ]
      }
    },
    {
      "type": "Feature",
      "properties": {
        "title": "Johannes-Schule Berlin",
        "ref": "07P18",
        "type": "Freie Waldorfschule ( privat )",
        "street": "Monumentenstr. 13A",
        "zip": "10829",
        "city": "Berlin",
        "district": "Schöneberg",
        "center": [
          13.409779,
          52.520645
        ],
        "additions": []
      },
      "geometry": {
        "type": "Point",
        "coordinates": [
          13.409779,
          52.520645
        ]
      }
    },
    {
      "type": "Feature",
      "properties": {
        "title": "Johannes-Tews-Grundschule",
        "ref": "06G03",
        "type": "Grundschule ( öffentlich )",
        "street": "Wasgenstr. 50",
        "zip": "14129",
        "city": "Berlin",
        "district": "Nikolassee",
        "center": [
          13.409779,
          52.520645
        ],
        "additions": []
      },
      "geometry": {
        "type": "Point",
        "coordinates": [
          13.409779,
          52.520645
        ]
      }
    },
    {
      "type": "Feature",
      "properties": {
        "title": "Johannes-Tews-Grundschule",
        "ref": "06G03",
        "type": "Förderschwerp. - Übrige ( öffentlich )",
        "street": "Wasgenstr. 50",
        "zip": "14129",
        "city": "Berlin",
        "district": "Nikolassee",
        "center": [
          13.409779,
          52.520645
        ],
        "additions": []
      },
      "geometry": {
        "type": "Point",
        "coordinates": [
          13.409779,
          52.520645
        ]
      }
    },
    {
      "type": "Feature",
      "properties": {
        "title": "Johann-Georg-Elser-Schule (Grundschule)",
        "ref": "08P01",
        "type": "Grundschule ( privat )",
        "street": "Mahlower Str. 23-24",
        "zip": "12049",
        "city": "Berlin",
        "district": "Neukölln",
        "center": [
          13.409779,
          52.520645
        ],
        "additions": [
          "Barrierefreie Toilette vorhanden, Fahrstuhl vorhanden"
        ]
      },
      "geometry": {
        "type": "Point",
        "coordinates": [
          13.409779,
          52.520645
        ]
      }
    },
    {
      "type": "Feature",
      "properties": {
        "title": "Johann-Gottfried-Herder-Gymnasium",
        "ref": "11Y02",
        "type": "Gymnasien ( öffentlich )",
        "street": "Franz-Jacob-Str. 8",
        "zip": "10369",
        "city": "Berlin",
        "district": "Fennpfuhl",
        "center": [
          13.409779,
          52.520645
        ],
        "additions": []
      },
      "geometry": {
        "type": "Point",
        "coordinates": [
          13.409779,
          52.520645
        ]
      }
    },
    {
      "type": "Feature",
      "properties": {
        "title": "Johann-Julius-Hecker-Schule",
        "ref": "10K08",
        "type": "Integrierte Sekundarschule ( öffentlich )",
        "street": "Hohenwalder Str. 2",
        "zip": "12689",
        "city": "Berlin",
        "district": "Marzahn",
        "center": [
          13.409779,
          52.520645
        ],
        "additions": [
          "Barrierefreie Toilette vorhanden, Fahrstuhl vorhanden, Zugang über Rampe möglich"
        ]
      },
      "geometry": {
        "type": "Point",
        "coordinates": [
          13.409779,
          52.520645
        ]
      }
    },
    {
      "type": "Feature",
      "properties": {
        "title": "Johann-Peter-Hebel-Grundschule",
        "ref": "04G17",
        "type": "Grundschule ( öffentlich )",
        "street": "Emser Str. 50",
        "zip": "10719",
        "city": "Berlin",
        "district": "Wilmersdorf",
        "center": [
          13.409779,
          52.520645
        ],
        "additions": []
      },
      "geometry": {
        "type": "Point",
        "coordinates": [
          13.409779,
          52.520645
        ]
      }
    },
    {
      "type": "Feature",
      "properties": {
        "title": "Johann-Strauss-Grundschule",
        "ref": "10G13",
        "type": "Grundschule ( öffentlich )",
        "street": "Cecilienstr. 80-81",
        "zip": "12683",
        "city": "Berlin",
        "district": "Biesdorf",
        "center": [
          13.409779,
          52.520645
        ],
        "additions": []
      },
      "geometry": {
        "type": "Point",
        "coordinates": [
          13.409779,
          52.520645
        ]
      }
    },
    {
      "type": "Feature",
      "properties": {
        "title": "John-F.-Kennedy-Schule",
        "ref": "06K01",
        "type": "Integrierte Sekundarschule ( öffentlich )",
        "street": "Teltower Damm 87-93",
        "zip": "14167",
        "city": "Berlin",
        "district": "Zehlendorf",
        "center": [
          13.409779,
          52.520645
        ],
        "additions": [
          "Barrierefreie Toilette vorhanden, Fahrstuhl vorhanden, Zugang über Rampe möglich"
        ]
      },
      "geometry": {
        "type": "Point",
        "coordinates": [
          13.409779,
          52.520645
        ]
      }
    },
    {
      "type": "Feature",
      "properties": {
        "title": "John-Lennon-Gymnasium",
        "ref": "01Y02",
        "type": "Gymnasien ( öffentlich )",
        "street": "Zehdenicker Str. 17",
        "zip": "10119",
        "city": "Berlin",
        "district": "Mitte",
        "center": [
          13.409779,
          52.520645
        ],
        "additions": []
      },
      "geometry": {
        "type": "Point",
        "coordinates": [
          13.409779,
          52.520645
        ]
      }
    },
    {
      "type": "Feature",
      "properties": {
        "title": "Jüdische Traditionsschule",
        "ref": "04P23",
        "type": "Grundschule ( privat )",
        "street": "Westfälische Str. 15",
        "zip": "10709",
        "city": "Berlin",
        "district": "Wilmersdorf",
        "center": [
          13.409779,
          52.520645
        ],
        "additions": []
      },
      "geometry": {
        "type": "Point",
        "coordinates": [
          13.409779,
          52.520645
        ]
      }
    },
    {
      "type": "Feature",
      "properties": {
        "title": "Jüdische Traditionsschule",
        "ref": "04P23",
        "type": "Gymnasien ( privat )",
        "street": "Westfälische Str. 15",
        "zip": "10709",
        "city": "Berlin",
        "district": "Wilmersdorf",
        "center": [
          13.409779,
          52.520645
        ],
        "additions": []
      },
      "geometry": {
        "type": "Point",
        "coordinates": [
          13.409779,
          52.520645
        ]
      }
    },
    {
      "type": "Feature",
      "properties": {
        "title": "Jüdische Traditionsschule",
        "ref": "04P23",
        "type": "Integrierte Sekundarschule ( privat )",
        "street": "Westfälische Str. 15",
        "zip": "10709",
        "city": "Berlin",
        "district": "Wilmersdorf",
        "center": [
          13.409779,
          52.520645
        ],
        "additions": []
      },
      "geometry": {
        "type": "Point",
        "coordinates": [
          13.409779,
          52.520645
        ]
      }
    },
    {
      "type": "Feature",
      "properties": {
        "title": "Jüdisches Gymnasium Moses Mendelssohn",
        "ref": "01P03",
        "type": "Gymnasien ( privat )",
        "street": "Große Hamburger Str. 27",
        "zip": "10115",
        "city": "Berlin",
        "district": "Mitte",
        "center": [
          13.409779,
          52.520645
        ],
        "additions": [
          "Barrierefreie Toilette vorhanden, Fahrstuhl vorhanden, Zugang über Rampe möglich"
        ]
      },
      "geometry": {
        "type": "Point",
        "coordinates": [
          13.409779,
          52.520645
        ]
      }
    },
    {
      "type": "Feature",
      "properties": {
        "title": "Jüdisches Gymnasium Moses Mendelssohn",
        "ref": "01P03",
        "type": "Integrierte Sekundarschule ( privat )",
        "street": "Große Hamburger Str. 27",
        "zip": "10115",
        "city": "Berlin",
        "district": "Mitte",
        "center": [
          13.409779,
          52.520645
        ],
        "additions": [
          "Barrierefreie Toilette vorhanden, Fahrstuhl vorhanden, Zugang über Rampe möglich"
        ]
      },
      "geometry": {
        "type": "Point",
        "coordinates": [
          13.409779,
          52.520645
        ]
      }
    },
    {
      "type": "Feature",
      "properties": {
        "title": "Judith-Kerr-Grundschule",
        "ref": "04G27",
        "type": "Grundschule ( öffentlich )",
        "street": "Friedrichshaller Str. 13",
        "zip": "14199",
        "city": "Berlin",
        "district": "Schmargendorf",
        "center": [
          13.409779,
          52.520645
        ],
        "additions": []
      },
      "geometry": {
        "type": "Point",
        "coordinates": [
          13.409779,
          52.520645
        ]
      }
    },
    {
      "type": "Feature",
      "properties": {
        "title": "Julius-Leber-Schule",
        "ref": "12K01",
        "type": "Integrierte Sekundarschule ( öffentlich )",
        "street": "Treskowstr. 26-31",
        "zip": "13507",
        "city": "Berlin",
        "district": "Tegel",
        "center": [
          13.409779,
          52.520645
        ],
        "additions": []
      },
      "geometry": {
        "type": "Point",
        "coordinates": [
          13.409779,
          52.520645
        ]
      }
    },
    {
      "type": "Feature",
      "properties": {
        "title": "Justus-von-Liebig-Grundschule",
        "ref": "02G03",
        "type": "Grundschule ( öffentlich )",
        "street": "Liebigstr. 18A",
        "zip": "10247",
        "city": "Berlin",
        "district": "Friedrichshain",
        "center": [
          13.409779,
          52.520645
        ],
        "additions": []
      },
      "geometry": {
        "type": "Point",
        "coordinates": [
          13.409779,
          52.520645
        ]
      }
    },
    {
      "type": "Feature",
      "properties": {
        "title": "Kant-Gymnasium",
        "ref": "05Y02",
        "type": "Gymnasien ( öffentlich )",
        "street": "Bismarckstr. 54",
        "zip": "13585",
        "city": "Berlin",
        "district": "Spandau",
        "center": [
          13.409779,
          52.520645
        ],
        "additions": [
          "Barrierefreie Toilette vorhanden, Zugang über Rampe möglich"
        ]
      },
      "geometry": {
        "type": "Point",
        "coordinates": [
          13.409779,
          52.520645
        ]
      }
    },
    {
      "type": "Feature",
      "properties": {
        "title": "Karl-Friedrich-Friesen-Grundschule",
        "ref": "10G07",
        "type": "Grundschule ( öffentlich )",
        "street": "Max-Herrmann-Str. 5",
        "zip": "12687",
        "city": "Berlin",
        "district": "Marzahn",
        "center": [
          13.409779,
          52.520645
        ],
        "additions": [
          "Behindertenparkplatz vorhanden"
        ]
      },
      "geometry": {
        "type": "Point",
        "coordinates": [
          13.409779,
          52.520645
        ]
      }
    },
    {
      "type": "Feature",
      "properties": {
        "title": "Karlsgarten-Schule (Grundschule)",
        "ref": "08G08",
        "type": "Grundschule ( öffentlich )",
        "street": "Karlsgartenstr. 7",
        "zip": "12049",
        "city": "Berlin",
        "district": "Neukölln",
        "center": [
          13.409779,
          52.520645
        ],
        "additions": [
          "Barrierefreie Toilette vorhanden, Fahrstuhl vorhanden, Zugang über Rampe möglich"
        ]
      },
      "geometry": {
        "type": "Point",
        "coordinates": [
          13.409779,
          52.520645
        ]
      }
    },
    {
      "type": "Feature",
      "properties": {
        "title": "Karlshorster Schule (Grundschule)",
        "ref": "11G13",
        "type": "Grundschule ( öffentlich )",
        "street": "Lisztstr. 6",
        "zip": "10318",
        "city": "Berlin",
        "district": "Karlshorst",
        "center": [
          13.409779,
          52.520645
        ],
        "additions": [
          "Behindertenparkplatz vorhanden, Zugang über Rampe möglich"
        ]
      },
      "geometry": {
        "type": "Point",
        "coordinates": [
          13.409779,
          52.520645
        ]
      }
    },
    {
      "type": "Feature",
      "properties": {
        "title": "Karl-Weise-Schule (Grundschule)",
        "ref": "08G06",
        "type": "Grundschule ( öffentlich )",
        "street": "Weisestr. 20",
        "zip": "12049",
        "city": "Berlin",
        "district": "Neukölln",
        "center": [
          13.409779,
          52.520645
        ],
        "additions": [
          "Barrierefreie Toilette vorhanden"
        ]
      },
      "geometry": {
        "type": "Point",
        "coordinates": [
          13.409779,
          52.520645
        ]
      }
    },
    {
      "type": "Feature",
      "properties": {
        "title": "Kastanienbaum-Grundschule",
        "ref": "01G04",
        "type": "Grundschule ( öffentlich )",
        "street": "Gipsstr. 23A",
        "zip": "10119",
        "city": "Berlin",
        "district": "Mitte",
        "center": [
          13.409779,
          52.520645
        ],
        "additions": []
      },
      "geometry": {
        "type": "Point",
        "coordinates": [
          13.409779,
          52.520645
        ]
      }
    },
    {
      "type": "Feature",
      "properties": {
        "title": "Katharina-Heinroth-Grundschule",
        "ref": "04G20",
        "type": "Grundschule ( öffentlich )",
        "street": "Münstersche Str. 15-17",
        "zip": "10709",
        "city": "Berlin",
        "district": "Wilmersdorf",
        "center": [
          13.409779,
          52.520645
        ],
        "additions": []
      },
      "geometry": {
        "type": "Point",
        "coordinates": [
          13.409779,
          52.520645
        ]
      }
    },
    {
      "type": "Feature",
      "properties": {
        "title": "Käthe-Kollwitz-Grundschule",
        "ref": "07G29",
        "type": "Grundschule ( öffentlich )",
        "street": "Mellener Str. 38-42",
        "zip": "12307",
        "city": "Berlin",
        "district": "Lichtenrade",
        "center": [
          13.409779,
          52.520645
        ],
        "additions": []
      },
      "geometry": {
        "type": "Point",
        "coordinates": [
          13.409779,
          52.520645
        ]
      }
    },
    {
      "type": "Feature",
      "properties": {
        "title": "Käthe-Kollwitz-Gymnasium",
        "ref": "03Y03",
        "type": "Gymnasien ( öffentlich )",
        "street": "Dunckerstr. 65-66",
        "zip": "10439",
        "city": "Berlin",
        "district": "Prenzlauer Berg",
        "center": [
          13.409779,
          52.520645
        ],
        "additions": []
      },
      "geometry": {
        "type": "Point",
        "coordinates": [
          13.409779,
          52.520645
        ]
      }
    },
    {
      "type": "Feature",
      "properties": {
        "title": "Käthe-Kruse-Grundschule",
        "ref": "06G26",
        "type": "Grundschule ( öffentlich )",
        "street": "Tietzenweg 108",
        "zip": "12203",
        "city": "Berlin",
        "district": "Lichterfelde",
        "center": [
          13.409779,
          52.520645
        ],
        "additions": []
      },
      "geometry": {
        "type": "Point",
        "coordinates": [
          13.409779,
          52.520645
        ]
      }
    },
    {
      "type": "Feature",
      "properties": {
        "title": "Katholische Schule Bernhard Lichtenberg (Grundschule)",
        "ref": "05P02",
        "type": "Grundschule ( privat )",
        "street": "Hohenzollernring 159 ",
        "zip": "13585",
        "city": "Berlin",
        "district": "Spandau",
        "center": [
          13.409779,
          52.520645
        ],
        "additions": []
      },
      "geometry": {
        "type": "Point",
        "coordinates": [
          13.409779,
          52.520645
        ]
      }
    },
    {
      "type": "Feature",
      "properties": {
        "title": "Katholische Schule Herz Jesu (Grundschule)",
        "ref": "04P01",
        "type": "Grundschule ( privat )",
        "street": "Insterburgallee 8-10",
        "zip": "14055",
        "city": "Berlin",
        "district": "Westend",
        "center": [
          13.409779,
          52.520645
        ],
        "additions": []
      },
      "geometry": {
        "type": "Point",
        "coordinates": [
          13.409779,
          52.520645
        ]
      }
    },
    {
      "type": "Feature",
      "properties": {
        "title": "Katholische Schule Liebfrauen (Gymnasium)",
        "ref": "04P04",
        "type": "Gymnasien ( privat )",
        "street": "Ahornallee 33",
        "zip": "14050",
        "city": "Berlin",
        "district": "Westend",
        "center": [
          13.409779,
          52.520645
        ],
        "additions": [
          "Barrierefreie Toilette vorhanden, Behindertenparkplatz vorhanden, Zugang über Rampe möglich"
        ]
      },
      "geometry": {
        "type": "Point",
        "coordinates": [
          13.409779,
          52.520645
        ]
      }
    },
    {
      "type": "Feature",
      "properties": {
        "title": "Katholische Schule Salvator",
        "ref": "12P04",
        "type": "Gymnasien ( privat )",
        "street": "Fürst-Bismarck-Str. 8-10",
        "zip": "13469",
        "city": "Berlin",
        "district": "Waidmannslust",
        "center": [
          13.409779,
          52.520645
        ],
        "additions": []
      },
      "geometry": {
        "type": "Point",
        "coordinates": [
          13.409779,
          52.520645
        ]
      }
    },
    {
      "type": "Feature",
      "properties": {
        "title": "Katholische Schule Salvator",
        "ref": "12P04",
        "type": "Integrierte Sekundarschule ( privat )",
        "street": "Fürst-Bismarck-Str. 8-10",
        "zip": "13469",
        "city": "Berlin",
        "district": "Waidmannslust",
        "center": [
          13.409779,
          52.520645
        ],
        "additions": []
      },
      "geometry": {
        "type": "Point",
        "coordinates": [
          13.409779,
          52.520645
        ]
      }
    },
    {
      "type": "Feature",
      "properties": {
        "title": "Katholische Schule Salvator",
        "ref": "12P04",
        "type": "Grundschule ( privat )",
        "street": "Fürst-Bismarck-Str. 8-10",
        "zip": "13469",
        "city": "Berlin",
        "district": "Waidmannslust",
        "center": [
          13.409779,
          52.520645
        ],
        "additions": []
      },
      "geometry": {
        "type": "Point",
        "coordinates": [
          13.409779,
          52.520645
        ]
      }
    },
    {
      "type": "Feature",
      "properties": {
        "title": "Katholische Schule Sankt Alfons (Grundschule)",
        "ref": "07P04",
        "type": "Grundschule ( privat )",
        "street": "Tennstedter Str. 1",
        "zip": "12249",
        "city": "Berlin",
        "district": "Marienfelde",
        "center": [
          13.409779,
          52.520645
        ],
        "additions": [
          "Barrierefreie Toilette vorhanden, Fahrstuhl vorhanden"
        ]
      },
      "geometry": {
        "type": "Point",
        "coordinates": [
          13.409779,
          52.520645
        ]
      }
    },
    {
      "type": "Feature",
      "properties": {
        "title": "Katholische Schule Sankt Franziskus (Integrierte Sekundarschule)",
        "ref": "07P01",
        "type": "Integrierte Sekundarschule ( privat )",
        "street": "Hohenstaufenstr. 1-2",
        "zip": "10781",
        "city": "Berlin",
        "district": "Schöneberg",
        "center": [
          13.409779,
          52.520645
        ],
        "additions": []
      },
      "geometry": {
        "type": "Point",
        "coordinates": [
          13.409779,
          52.520645
        ]
      }
    },
    {
      "type": "Feature",
      "properties": {
        "title": "Katholische Schule Sankt Franziskus (Integrierte Sekundarschule)",
        "ref": "07P01",
        "type": "Grundschule ( privat )",
        "street": "Hohenstaufenstr. 1-2",
        "zip": "10781",
        "city": "Berlin",
        "district": "Schöneberg",
        "center": [
          13.409779,
          52.520645
        ],
        "additions": []
      },
      "geometry": {
        "type": "Point",
        "coordinates": [
          13.409779,
          52.520645
        ]
      }
    },
    {
      "type": "Feature",
      "properties": {
        "title": "Katholische Schule Sankt Hildegard",
        "ref": "07P06",
        "type": "Förderschwerp. - Übrige ( privat )",
        "street": "Malteserstr. 171A",
        "zip": "12277",
        "city": "Berlin",
        "district": "Marienfelde",
        "center": [
          13.409779,
          52.520645
        ],
        "additions": [
          "Barrierefreie Toilette vorhanden, Behindertenparkplatz vorhanden, Fahrstuhl vorhanden, Zugang über Rampe möglich"
        ]
      },
      "geometry": {
        "type": "Point",
        "coordinates": [
          13.409779,
          52.520645
        ]
      }
    },
    {
      "type": "Feature",
      "properties": {
        "title": "Katholische Schule Sankt Ludwig (Grundschule)",
        "ref": "04P10",
        "type": "Grundschule ( privat )",
        "street": "Düsseldorfer Str. 13",
        "zip": "10719",
        "city": "Berlin",
        "district": "Wilmersdorf",
        "center": [
          13.409779,
          52.520645
        ],
        "additions": []
      },
      "geometry": {
        "type": "Point",
        "coordinates": [
          13.409779,
          52.520645
        ]
      }
    },
    {
      "type": "Feature",
      "properties": {
        "title": "Katholische Schule Sankt Marien",
        "ref": "08P04",
        "type": "Gymnasien ( privat )",
        "street": "Donaustr. 58",
        "zip": "12043",
        "city": "Berlin",
        "district": "Neukölln",
        "center": [
          13.409779,
          52.520645
        ],
        "additions": []
      },
      "geometry": {
        "type": "Point",
        "coordinates": [
          13.409779,
          52.520645
        ]
      }
    },
    {
      "type": "Feature",
      "properties": {
        "title": "Katholische Schule Sankt Marien",
        "ref": "08P04",
        "type": "Integrierte Sekundarschule ( privat )",
        "street": "Donaustr. 58",
        "zip": "12043",
        "city": "Berlin",
        "district": "Neukölln",
        "center": [
          13.409779,
          52.520645
        ],
        "additions": []
      },
      "geometry": {
        "type": "Point",
        "coordinates": [
          13.409779,
          52.520645
        ]
      }
    },
    {
      "type": "Feature",
      "properties": {
        "title": "Katholische Schule Sankt Marien (Grundschule)",
        "ref": "08P02",
        "type": "Grundschule ( privat )",
        "street": "Hugo-Heimann-Str. 2",
        "zip": "12353",
        "city": "Berlin",
        "district": "Gropiusstadt",
        "center": [
          13.409779,
          52.520645
        ],
        "additions": []
      },
      "geometry": {
        "type": "Point",
        "coordinates": [
          13.409779,
          52.520645
        ]
      }
    },
    {
      "type": "Feature",
      "properties": {
        "title": "Katholische Schule Sankt Mauritius (Grundschule)",
        "ref": "11P01",
        "type": "Grundschule ( privat )",
        "street": "Schulze-Boysen-Str. 28",
        "zip": "10365",
        "city": "Berlin",
        "district": "Lichtenberg",
        "center": [
          13.409779,
          52.520645
        ],
        "additions": []
      },
      "geometry": {
        "type": "Point",
        "coordinates": [
          13.409779,
          52.520645
        ]
      }
    },
    {
      "type": "Feature",
      "properties": {
        "title": "Katholische Schule Sankt Paulus (Grundschule)",
        "ref": "01P05",
        "type": "Grundschule ( privat )",
        "street": "Waldenserstr. 27",
        "zip": "10551",
        "city": "Berlin",
        "district": "Moabit",
        "center": [
          13.409779,
          52.520645
        ],
        "additions": []
      },
      "geometry": {
        "type": "Point",
        "coordinates": [
          13.409779,
          52.520645
        ]
      }
    },
    {
      "type": "Feature",
      "properties": {
        "title": "Katholische Schule Sankt Ursula (Grundschule)",
        "ref": "06P01",
        "type": "Grundschule ( privat )",
        "street": "Kleinaustr. 4",
        "zip": "14169",
        "city": "Berlin",
        "district": "Zehlendorf",
        "center": [
          13.409779,
          52.520645
        ],
        "additions": [
          "Barrierefreie Toilette vorhanden, Behindertenparkplatz vorhanden, Fahrstuhl vorhanden, Zugang über Rampe möglich"
        ]
      },
      "geometry": {
        "type": "Point",
        "coordinates": [
          13.409779,
          52.520645
        ]
      }
    },
    {
      "type": "Feature",
      "properties": {
        "title": "Katholische Theresienschule (Gymnasium)",
        "ref": "03P10",
        "type": "Gymnasien ( privat )",
        "street": "Behaimstr. 29",
        "zip": "13086",
        "city": "Berlin",
        "district": "Weißensee",
        "center": [
          13.409779,
          52.520645
        ],
        "additions": [
          "Fahrstuhl vorhanden"
        ]
      },
      "geometry": {
        "type": "Point",
        "coordinates": [
          13.409779,
          52.520645
        ]
      }
    },
    {
      "type": "Feature",
      "properties": {
        "title": "Katholisches Schulzentrum Edith Stein",
        "ref": "11P23",
        "type": "Fachschule ( privat )",
        "street": "Köpenicker Allee 39-57",
        "zip": "10318",
        "city": "Berlin",
        "district": "Karlshorst",
        "center": [
          13.409779,
          52.520645
        ],
        "additions": []
      },
      "geometry": {
        "type": "Point",
        "coordinates": [
          13.409779,
          52.520645
        ]
      }
    },
    {
      "type": "Feature",
      "properties": {
        "title": "Katholisches Schulzentrum Edith Stein",
        "ref": "11P23",
        "type": "Berufsfachschule ( privat )",
        "street": "Köpenicker Allee 39-57",
        "zip": "10318",
        "city": "Berlin",
        "district": "Karlshorst",
        "center": [
          13.409779,
          52.520645
        ],
        "additions": []
      },
      "geometry": {
        "type": "Point",
        "coordinates": [
          13.409779,
          52.520645
        ]
      }
    },
    {
      "type": "Feature",
      "properties": {
        "title": "Kenntnisreich gGmbH",
        "ref": "07P23",
        "type": "Fachschule ( privat )",
        "street": "Colditzstr. 34",
        "zip": "12099",
        "city": "Berlin",
        "district": "Tempelhof",
        "center": [
          13.409779,
          52.520645
        ],
        "additions": []
      },
      "geometry": {
        "type": "Point",
        "coordinates": [
          13.409779,
          52.520645
        ]
      }
    },
    {
      "type": "Feature",
      "properties": {
        "title": "Kepler-Schule",
        "ref": "08K12",
        "type": "Integrierte Sekundarschule ( öffentlich )",
        "street": "Bildhauerweg 9",
        "zip": "12355",
        "city": "Berlin",
        "district": "Rudow",
        "center": [
          13.409779,
          52.520645
        ],
        "additions": [
          "Der Standort Zwillingestr. 21-29, der Schule ist aufgrund einer Sanierung für einen Zeitraum von mind. 4 Jahren ausgelagert., Barrierefreie Toilette vorhanden, Fahrstuhl vorhanden, Zugang über Rampe möglich"
        ]
      },
      "geometry": {
        "type": "Point",
        "coordinates": [
          13.409779,
          52.520645
        ]
      }
    },
    {
      "type": "Feature",
      "properties": {
        "title": "Kerschensteiner-Schule",
        "ref": "10K03",
        "type": "Integrierte Sekundarschule ( öffentlich )",
        "street": "Golliner Str. 2",
        "zip": "12689",
        "city": "Berlin",
        "district": "Marzahn",
        "center": [
          13.409779,
          52.520645
        ],
        "additions": [
          "Barrierefreie Toilette vorhanden, Zugang über Rampe möglich"
        ]
      },
      "geometry": {
        "type": "Point",
        "coordinates": [
          13.409779,
          52.520645
        ]
      }
    },
    {
      "type": "Feature",
      "properties": {
        "title": "Kiefholz-Grundschule",
        "ref": "09G30",
        "type": "Grundschule ( öffentlich )",
        "street": "Kiefholzstr. 45",
        "zip": "12435",
        "city": "Berlin",
        "district": "Alt-Treptow",
        "center": [
          13.409779,
          52.520645
        ],
        "additions": []
      },
      "geometry": {
        "type": "Point",
        "coordinates": [
          13.409779,
          52.520645
        ]
      }
    },
    {
      "type": "Feature",
      "properties": {
        "title": "Kiekemal-Schule (Grundschule)",
        "ref": "10G32",
        "type": "Grundschule ( öffentlich )",
        "street": "Hultschiner Damm 219",
        "zip": "12623",
        "city": "Berlin",
        "district": "Mahlsdorf",
        "center": [
          13.409779,
          52.520645
        ],
        "additions": [
          "Barrierefreie Toilette vorhanden, Behindertenparkplatz vorhanden, Fahrstuhl vorhanden, Zugang über Rampe möglich"
        ]
      },
      "geometry": {
        "type": "Point",
        "coordinates": [
          13.409779,
          52.520645
        ]
      }
    },
    {
      "type": "Feature",
      "properties": {
        "title": "Kiepert-Grundschule",
        "ref": "07G28",
        "type": "Grundschule ( öffentlich )",
        "street": "Prechtlstr. 21-23",
        "zip": "12277",
        "city": "Berlin",
        "district": "Marienfelde",
        "center": [
          13.409779,
          52.520645
        ],
        "additions": [
          "Zugang über Rampe möglich"
        ]
      },
      "geometry": {
        "type": "Point",
        "coordinates": [
          13.409779,
          52.520645
        ]
      }
    },
    {
      "type": "Feature",
      "properties": {
        "title": "Klax Berufsakademie",
        "ref": "03P27",
        "type": "Fachschule ( privat )",
        "street": "Langhansstr. 74B",
        "zip": "13086",
        "city": "Berlin",
        "district": "Weißensee",
        "center": [
          13.409779,
          52.520645
        ],
        "additions": [
          "Filiale: Neumannstr. 13A, 13189 Berlin, Behindertenparkplatz vorhanden, Fahrstuhl vorhanden, Zugang über Rampe möglich"
        ]
      },
      "geometry": {
        "type": "Point",
        "coordinates": [
          13.409779,
          52.520645
        ]
      }
    },
    {
      "type": "Feature",
      "properties": {
        "title": "Klax Berufsakademie",
        "ref": "03P27",
        "type": "Berufsfachschule ( privat )",
        "street": "Langhansstr. 74B",
        "zip": "13086",
        "city": "Berlin",
        "district": "Weißensee",
        "center": [
          13.409779,
          52.520645
        ],
        "additions": [
          "Filiale: Neumannstr. 13A, 13189 Berlin, Behindertenparkplatz vorhanden, Fahrstuhl vorhanden, Zugang über Rampe möglich"
        ]
      },
      "geometry": {
        "type": "Point",
        "coordinates": [
          13.409779,
          52.520645
        ]
      }
    },
    {
      "type": "Feature",
      "properties": {
        "title": "Klax Berufsakademie",
        "ref": "03P27",
        "type": "Fachoberschule ( privat )",
        "street": "Langhansstr. 74B",
        "zip": "13086",
        "city": "Berlin",
        "district": "Weißensee",
        "center": [
          13.409779,
          52.520645
        ],
        "additions": [
          "Filiale: Neumannstr. 13A, 13189 Berlin, Behindertenparkplatz vorhanden, Fahrstuhl vorhanden, Zugang über Rampe möglich"
        ]
      },
      "geometry": {
        "type": "Point",
        "coordinates": [
          13.409779,
          52.520645
        ]
      }
    },
    {
      "type": "Feature",
      "properties": {
        "title": "Klax International School (Gemeinschaftsschule)",
        "ref": "03P22",
        "type": "Gemeinschaftsschule ( privat )",
        "street": "Neumannstr. 13A",
        "zip": "13189",
        "city": "Berlin",
        "district": "Pankow",
        "center": [
          13.409779,
          52.520645
        ],
        "additions": [
          "Filialen: Primarstufe (Jgst. 1-2)  Neumannstraße 98 b/c in 13189 Berlin; Sek I (Jgst. 7–10) Schönhauser Allee 59 in 10437 Berlin; Sek II (Jgst. 11-13)  Borkumstraße 2 in 13189 Berlin"
        ]
      },
      "geometry": {
        "type": "Point",
        "coordinates": [
          13.409779,
          52.520645
        ]
      }
    },
    {
      "type": "Feature",
      "properties": {
        "title": "Klax International School (Gemeinschaftsschule)",
        "ref": "03P22",
        "type": "Grundschule ( privat )",
        "street": "Neumannstr. 13A",
        "zip": "13189",
        "city": "Berlin",
        "district": "Pankow",
        "center": [
          13.409779,
          52.520645
        ],
        "additions": [
          "Filialen: Primarstufe (Jgst. 1-2)  Neumannstraße 98 b/c in 13189 Berlin; Sek I (Jgst. 7–10) Schönhauser Allee 59 in 10437 Berlin; Sek II (Jgst. 11-13)  Borkumstraße 2 in 13189 Berlin"
        ]
      },
      "geometry": {
        "type": "Point",
        "coordinates": [
          13.409779,
          52.520645
        ]
      }
    },
    {
      "type": "Feature",
      "properties": {
        "title": "Klecks-Grundschule",
        "ref": "03G37",
        "type": "Grundschule ( öffentlich )",
        "street": "Brixener Str. 40",
        "zip": "13187",
        "city": "Berlin",
        "district": "Pankow",
        "center": [
          13.409779,
          52.520645
        ],
        "additions": []
      },
      "geometry": {
        "type": "Point",
        "coordinates": [
          13.409779,
          52.520645
        ]
      }
    },
    {
      "type": "Feature",
      "properties": {
        "title": "Klosterfeld-Grundschule",
        "ref": "05G04",
        "type": "Grundschule ( öffentlich )",
        "street": "Seegefelder Str. 125",
        "zip": "13583",
        "city": "Berlin",
        "district": "Falkenhagener Feld",
        "center": [
          13.409779,
          52.520645
        ],
        "additions": [
          "Barrierefreie Toilette vorhanden, Fahrstuhl vorhanden"
        ]
      },
      "geometry": {
        "type": "Point",
        "coordinates": [
          13.409779,
          52.520645
        ]
      }
    },
    {
      "type": "Feature",
      "properties": {
        "title": "Knobelsdorff-Schule (OSZ Bautechnik I)",
        "ref": "05B02",
        "type": "Fachoberschule ( öffentlich )",
        "street": "Nonnendammallee 140-143",
        "zip": "13599",
        "city": "Berlin",
        "district": "Haselhorst",
        "center": [
          13.409779,
          52.520645
        ],
        "additions": [
          "Barrierefreie Toilette vorhanden, Behindertenparkplatz vorhanden, Fahrstuhl vorhanden, Zugang über Rampe möglich"
        ]
      },
      "geometry": {
        "type": "Point",
        "coordinates": [
          13.409779,
          52.520645
        ]
      }
    },
    {
      "type": "Feature",
      "properties": {
        "title": "Knobelsdorff-Schule (OSZ Bautechnik I)",
        "ref": "05B02",
        "type": "Berufsschule ( öffentlich )",
        "street": "Nonnendammallee 140-143",
        "zip": "13599",
        "city": "Berlin",
        "district": "Haselhorst",
        "center": [
          13.409779,
          52.520645
        ],
        "additions": [
          "Barrierefreie Toilette vorhanden, Behindertenparkplatz vorhanden, Fahrstuhl vorhanden, Zugang über Rampe möglich"
        ]
      },
      "geometry": {
        "type": "Point",
        "coordinates": [
          13.409779,
          52.520645
        ]
      }
    },
    {
      "type": "Feature",
      "properties": {
        "title": "Knobelsdorff-Schule (OSZ Bautechnik I)",
        "ref": "05B02",
        "type": "Berufsfachschule ( öffentlich )",
        "street": "Nonnendammallee 140-143",
        "zip": "13599",
        "city": "Berlin",
        "district": "Haselhorst",
        "center": [
          13.409779,
          52.520645
        ],
        "additions": [
          "Barrierefreie Toilette vorhanden, Behindertenparkplatz vorhanden, Fahrstuhl vorhanden, Zugang über Rampe möglich"
        ]
      },
      "geometry": {
        "type": "Point",
        "coordinates": [
          13.409779,
          52.520645
        ]
      }
    },
    {
      "type": "Feature",
      "properties": {
        "title": "Knobelsdorff-Schule (OSZ Bautechnik I)",
        "ref": "05B02",
        "type": "Berufsoberschule ( öffentlich )",
        "street": "Nonnendammallee 140-143",
        "zip": "13599",
        "city": "Berlin",
        "district": "Haselhorst",
        "center": [
          13.409779,
          52.520645
        ],
        "additions": [
          "Barrierefreie Toilette vorhanden, Behindertenparkplatz vorhanden, Fahrstuhl vorhanden, Zugang über Rampe möglich"
        ]
      },
      "geometry": {
        "type": "Point",
        "coordinates": [
          13.409779,
          52.520645
        ]
      }
    },
    {
      "type": "Feature",
      "properties": {
        "title": "Knobelsdorff-Schule (OSZ Bautechnik I)",
        "ref": "05B02",
        "type": "Berufliches Gymnasium ( öffentlich )",
        "street": "Nonnendammallee 140-143",
        "zip": "13599",
        "city": "Berlin",
        "district": "Haselhorst",
        "center": [
          13.409779,
          52.520645
        ],
        "additions": [
          "Barrierefreie Toilette vorhanden, Behindertenparkplatz vorhanden, Fahrstuhl vorhanden, Zugang über Rampe möglich"
        ]
      },
      "geometry": {
        "type": "Point",
        "coordinates": [
          13.409779,
          52.520645
        ]
      }
    },
    {
      "type": "Feature",
      "properties": {
        "title": "Kolibri-Grundschule",
        "ref": "10G22",
        "type": "Grundschule ( öffentlich )",
        "street": "Schönewalder Str. 9",
        "zip": "12627",
        "city": "Berlin",
        "district": "Hellersdorf",
        "center": [
          13.409779,
          52.520645
        ],
        "additions": [
          "Barrierefreie Toilette vorhanden, Fahrstuhl vorhanden, Zugang über Rampe möglich"
        ]
      },
      "geometry": {
        "type": "Point",
        "coordinates": [
          13.409779,
          52.520645
        ]
      }
    },
    {
      "type": "Feature",
      "properties": {
        "title": "Kolumbus-Grundschule",
        "ref": "12G05",
        "type": "Grundschule ( öffentlich )",
        "street": "Büchsenweg 23A",
        "zip": "13409",
        "city": "Berlin",
        "district": "Reinickendorf",
        "center": [
          13.409779,
          52.520645
        ],
        "additions": []
      },
      "geometry": {
        "type": "Point",
        "coordinates": [
          13.409779,
          52.520645
        ]
      }
    },
    {
      "type": "Feature",
      "properties": {
        "title": "Königin-Luise-Stiftung",
        "ref": "06P06",
        "type": "Gymnasien ( privat )",
        "street": "Podbielskiallee 78",
        "zip": "14195",
        "city": "Berlin",
        "district": "Dahlem",
        "center": [
          13.409779,
          52.520645
        ],
        "additions": []
      },
      "geometry": {
        "type": "Point",
        "coordinates": [
          13.409779,
          52.520645
        ]
      }
    },
    {
      "type": "Feature",
      "properties": {
        "title": "Königin-Luise-Stiftung",
        "ref": "06P06",
        "type": "Integrierte Sekundarschule ( privat )",
        "street": "Podbielskiallee 78",
        "zip": "14195",
        "city": "Berlin",
        "district": "Dahlem",
        "center": [
          13.409779,
          52.520645
        ],
        "additions": []
      },
      "geometry": {
        "type": "Point",
        "coordinates": [
          13.409779,
          52.520645
        ]
      }
    },
    {
      "type": "Feature",
      "properties": {
        "title": "Königin-Luise-Stiftung",
        "ref": "06P06",
        "type": "Grundschule ( privat )",
        "street": "Podbielskiallee 78",
        "zip": "14195",
        "city": "Berlin",
        "district": "Dahlem",
        "center": [
          13.409779,
          52.520645
        ],
        "additions": []
      },
      "geometry": {
        "type": "Point",
        "coordinates": [
          13.409779,
          52.520645
        ]
      }
    },
    {
      "type": "Feature",
      "properties": {
        "title": "Konkordia-Grundschule",
        "ref": "05G08",
        "type": "Grundschule ( öffentlich )",
        "street": "Elsflether Weg 26",
        "zip": "13581",
        "city": "Berlin",
        "district": "Spandau",
        "center": [
          13.409779,
          52.520645
        ],
        "additions": []
      },
      "geometry": {
        "type": "Point",
        "coordinates": [
          13.409779,
          52.520645
        ]
      }
    },
    {
      "type": "Feature",
      "properties": {
        "title": "Konrad-Agahd-Schule (Grundschule)",
        "ref": "08G14",
        "type": "Grundschule ( öffentlich )",
        "street": "Thomasstr. 39",
        "zip": "12053",
        "city": "Berlin",
        "district": "Neukölln",
        "center": [
          13.409779,
          52.520645
        ],
        "additions": []
      },
      "geometry": {
        "type": "Point",
        "coordinates": [
          13.409779,
          52.520645
        ]
      }
    },
    {
      "type": "Feature",
      "properties": {
        "title": "Konrad-Duden-Schule (Integrierte Sekundarschule)",
        "ref": "03K03",
        "type": "Integrierte Sekundarschule ( öffentlich )",
        "street": "Rolandstr. 35",
        "zip": "13156",
        "city": "Berlin",
        "district": "Niederschönhausen",
        "center": [
          13.409779,
          52.520645
        ],
        "additions": []
      },
      "geometry": {
        "type": "Point",
        "coordinates": [
          13.409779,
          52.520645
        ]
      }
    },
    {
      "type": "Feature",
      "properties": {
        "title": "Konrad-Wachsmann-Schule",
        "ref": "10K09",
        "type": "Integrierte Sekundarschule ( öffentlich )",
        "street": "Geithainer Str. 12",
        "zip": "12627",
        "city": "Berlin",
        "district": "Hellersdorf",
        "center": [
          13.409779,
          52.520645
        ],
        "additions": [
          "Barrierefreie Toilette vorhanden, Behindertenparkplatz vorhanden, Fahrstuhl vorhanden"
        ]
      },
      "geometry": {
        "type": "Point",
        "coordinates": [
          13.409779,
          52.520645
        ]
      }
    },
    {
      "type": "Feature",
      "properties": {
        "title": "Konrad-Zuse-Schule",
        "ref": "03B06",
        "type": "Berufsfachschule ( öffentlich )",
        "street": "Hermann-Hesse-Str. 34/36",
        "zip": "13156",
        "city": "Berlin",
        "district": "Niederschönhausen",
        "center": [
          13.409779,
          52.520645
        ],
        "additions": []
      },
      "geometry": {
        "type": "Point",
        "coordinates": [
          13.409779,
          52.520645
        ]
      }
    },
    {
      "type": "Feature",
      "properties": {
        "title": "Konrad-Zuse-Schule",
        "ref": "03B06",
        "type": "Berufsschule mit sonderpäd. Aufgaben ( öffentlich )",
        "street": "Hermann-Hesse-Str. 34/36",
        "zip": "13156",
        "city": "Berlin",
        "district": "Niederschönhausen",
        "center": [
          13.409779,
          52.520645
        ],
        "additions": []
      },
      "geometry": {
        "type": "Point",
        "coordinates": [
          13.409779,
          52.520645
        ]
      }
    },
    {
      "type": "Feature",
      "properties": {
        "title": "Konrad-Zuse-Schule",
        "ref": "03B06",
        "type": "Berufsschule ( öffentlich )",
        "street": "Hermann-Hesse-Str. 34/36",
        "zip": "13156",
        "city": "Berlin",
        "district": "Niederschönhausen",
        "center": [
          13.409779,
          52.520645
        ],
        "additions": []
      },
      "geometry": {
        "type": "Point",
        "coordinates": [
          13.409779,
          52.520645
        ]
      }
    },
    {
      "type": "Feature",
      "properties": {
        "title": "Konservatorium für türkische Musik in Berlin",
        "ref": "02E12",
        "type": "Künstlerische Schule ( privat )",
        "street": "Bergmannstr. 29",
        "zip": "10961",
        "city": "Berlin",
        "district": "Kreuzberg",
        "center": [
          13.409779,
          52.520645
        ],
        "additions": []
      },
      "geometry": {
        "type": "Point",
        "coordinates": [
          13.409779,
          52.520645
        ]
      }
    },
    {
      "type": "Feature",
      "properties": {
        "title": "Kopernikus-Schule (Integrierte Sekundarschule)",
        "ref": "06K03",
        "type": "Integrierte Sekundarschule ( öffentlich )",
        "street": "Lepsiusstr. 24-28",
        "zip": "12163",
        "city": "Berlin",
        "district": "Steglitz",
        "center": [
          13.409779,
          52.520645
        ],
        "additions": [
          "Behindertenparkplatz vorhanden"
        ]
      },
      "geometry": {
        "type": "Point",
        "coordinates": [
          13.409779,
          52.520645
        ]
      }
    },
    {
      "type": "Feature",
      "properties": {
        "title": "Kosmetikcollege-Inspiration",
        "ref": "01E33",
        "type": "Kosmetikschule ( privat )",
        "street": "Französische Str. 28",
        "zip": "10117",
        "city": "Berlin",
        "district": "Mitte",
        "center": [
          13.409779,
          52.520645
        ],
        "additions": []
      },
      "geometry": {
        "type": "Point",
        "coordinates": [
          13.409779,
          52.520645
        ]
      }
    },
    {
      "type": "Feature",
      "properties": {
        "title": "Kosmetik-Institut Margit Berenyi",
        "ref": "12E01",
        "type": "Kosmetikschule ( privat )",
        "street": "Welfenallee 3-7",
        "zip": "13465",
        "city": "Berlin",
        "district": "Frohnau",
        "center": [
          13.409779,
          52.520645
        ],
        "additions": []
      },
      "geometry": {
        "type": "Point",
        "coordinates": [
          13.409779,
          52.520645
        ]
      }
    },
    {
      "type": "Feature",
      "properties": {
        "title": "Kosmetikschule Berlin",
        "ref": "04E04",
        "type": "Kosmetikschule ( privat )",
        "street": "Wilmersdorfer Str. 102",
        "zip": "10629",
        "city": "Berlin",
        "district": "Charlottenburg",
        "center": [
          13.409779,
          52.520645
        ],
        "additions": []
      },
      "geometry": {
        "type": "Point",
        "coordinates": [
          13.409779,
          52.520645
        ]
      }
    },
    {
      "type": "Feature",
      "properties": {
        "title": "Kosmetikschule und Vertrieb Silvia Günther",
        "ref": "07E24",
        "type": "Kosmetikschule ( privat )",
        "street": "Lankwitzer Str. 38",
        "zip": "12107",
        "city": "Berlin",
        "district": "Mariendorf",
        "center": [
          13.409779,
          52.520645
        ],
        "additions": []
      },
      "geometry": {
        "type": "Point",
        "coordinates": [
          13.409779,
          52.520645
        ]
      }
    },
    {
      "type": "Feature",
      "properties": {
        "title": "Kosmos-Schule (Integrierte Sekundarschule)",
        "ref": "11K15",
        "type": "Integrierte Sekundarschule ( öffentlich )",
        "street": "Allee der Kosmonauten 22",
        "zip": "10315",
        "city": "Berlin",
        "district": "Lichtenberg",
        "center": [
          13.409779,
          52.520645
        ],
        "additions": [
          "Barrierefreie Toilette vorhanden, Behindertenparkplatz vorhanden, Fahrstuhl vorhanden"
        ]
      },
      "geometry": {
        "type": "Point",
        "coordinates": [
          13.409779,
          52.520645
        ]
      }
    },
    {
      "type": "Feature",
      "properties": {
        "title": "KreativitätsGrundschule Berlin Friedrichshain",
        "ref": "02P12",
        "type": "Grundschule ( privat )",
        "street": "Strausberger Str. 38",
        "zip": "10243",
        "city": "Berlin",
        "district": "Friedrichshain",
        "center": [
          13.409779,
          52.520645
        ],
        "additions": []
      },
      "geometry": {
        "type": "Point",
        "coordinates": [
          13.409779,
          52.520645
        ]
      }
    },
    {
      "type": "Feature",
      "properties": {
        "title": "KreativitätsGrundschule Berlin Lichtenberg",
        "ref": "11P04",
        "type": "Grundschule ( privat )",
        "street": "Ehrlichstr. 63",
        "zip": "10318",
        "city": "Berlin",
        "district": "Karlshorst",
        "center": [
          13.409779,
          52.520645
        ],
        "additions": [
          "Barrierefreie Toilette vorhanden, Zugang über Rampe möglich"
        ]
      },
      "geometry": {
        "type": "Point",
        "coordinates": [
          13.409779,
          52.520645
        ]
      }
    },
    {
      "type": "Feature",
      "properties": {
        "title": "KreativitätsGrundschule Berlin Treptow",
        "ref": "09P16",
        "type": "Grundschule ( privat )",
        "street": "Hartriegelstr. 77",
        "zip": "12439",
        "city": "Berlin",
        "district": "Niederschöneweide",
        "center": [
          13.409779,
          52.520645
        ],
        "additions": []
      },
      "geometry": {
        "type": "Point",
        "coordinates": [
          13.409779,
          52.520645
        ]
      }
    },
    {
      "type": "Feature",
      "properties": {
        "title": "Kristall Grundschule - Inklusive Grundschule in freier Trägerschaft",
        "ref": "01P50",
        "type": "Grundschule ( privat )",
        "street": "Tegeler Str. 13",
        "zip": "13353",
        "city": "Berlin",
        "district": "Wedding",
        "center": [
          13.409779,
          52.520645
        ],
        "additions": []
      },
      "geometry": {
        "type": "Point",
        "coordinates": [
          13.409779,
          52.520645
        ]
      }
    },
    {
      "type": "Feature",
      "properties": {
        "title": "Kronach-Grundschule",
        "ref": "06G23",
        "type": "Grundschule ( öffentlich )",
        "street": "Moltkestr. 24-26",
        "zip": "12203",
        "city": "Berlin",
        "district": "Lichterfelde",
        "center": [
          13.409779,
          52.520645
        ],
        "additions": [
          "Barrierefreie Toilette vorhanden, Fahrstuhl vorhanden, Zugang über Rampe möglich"
        ]
      },
      "geometry": {
        "type": "Point",
        "coordinates": [
          13.409779,
          52.520645
        ]
      }
    },
    {
      "type": "Feature",
      "properties": {
        "title": "Kurt-Schumacher-Grundschule",
        "ref": "02G12",
        "type": "Grundschule ( öffentlich )",
        "street": "Puttkamerstr. 19",
        "zip": "10969",
        "city": "Berlin",
        "district": "Kreuzberg",
        "center": [
          13.409779,
          52.520645
        ],
        "additions": [
          "Zugang über Rampe möglich"
        ]
      },
      "geometry": {
        "type": "Point",
        "coordinates": [
          13.409779,
          52.520645
        ]
      }
    },
    {
      "type": "Feature",
      "properties": {
        "title": "Kurt-Schwitters-Schule",
        "ref": "03K01",
        "type": "Integrierte Sekundarschule ( öffentlich )",
        "street": "Greifswalder Str. 25",
        "zip": "10405",
        "city": "Berlin",
        "district": "Prenzlauer Berg",
        "center": [
          13.409779,
          52.520645
        ],
        "additions": [
          "Barrierefreie Toilette vorhanden, Fahrstuhl vorhanden, Zugang über Rampe möglich"
        ]
      },
      "geometry": {
        "type": "Point",
        "coordinates": [
          13.409779,
          52.520645
        ]
      }
    },
    {
      "type": "Feature",
      "properties": {
        "title": "Kurt-Tucholsky-Grundschule",
        "ref": "01G11",
        "type": "Grundschule ( öffentlich )",
        "street": "Rathenower Str. 18",
        "zip": "10559",
        "city": "Berlin",
        "district": "Moabit",
        "center": [
          13.409779,
          52.520645
        ],
        "additions": [
          "Barrierefreie Toilette vorhanden, Zugang über Rampe möglich"
        ]
      },
      "geometry": {
        "type": "Point",
        "coordinates": [
          13.409779,
          52.520645
        ]
      }
    },
    {
      "type": "Feature",
      "properties": {
        "title": "Kurt-Tucholsky-Schule (Integrierte Sekundarschule)",
        "ref": "03K02",
        "type": "Integrierte Sekundarschule ( öffentlich )",
        "street": "Neumannstr. 9-11",
        "zip": "13189",
        "city": "Berlin",
        "district": "Pankow",
        "center": [
          13.409779,
          52.520645
        ],
        "additions": [
          "Barrierefreie Toilette vorhanden"
        ]
      },
      "geometry": {
        "type": "Point",
        "coordinates": [
          13.409779,
          52.520645
        ]
      }
    },
    {
      "type": "Feature",
      "properties": {
        "title": "Lauder Beth-Zion Schule (Gemeinschaftsschule)",
        "ref": "03P26",
        "type": "Gemeinschaftsschule ( privat )",
        "street": "Rykestr. 53",
        "zip": "10405",
        "city": "Berlin",
        "district": "Prenzlauer Berg",
        "center": [
          13.409779,
          52.520645
        ],
        "additions": []
      },
      "geometry": {
        "type": "Point",
        "coordinates": [
          13.409779,
          52.520645
        ]
      }
    },
    {
      "type": "Feature",
      "properties": {
        "title": "Lauder Beth-Zion Schule (Gemeinschaftsschule)",
        "ref": "03P26",
        "type": "Grundschule ( privat )",
        "street": "Rykestr. 53",
        "zip": "10405",
        "city": "Berlin",
        "district": "Prenzlauer Berg",
        "center": [
          13.409779,
          52.520645
        ],
        "additions": []
      },
      "geometry": {
        "type": "Point",
        "coordinates": [
          13.409779,
          52.520645
        ]
      }
    },
    {
      "type": "Feature",
      "properties": {
        "title": "Lauder Tichon / High School",
        "ref": "01E38",
        "type": "Sonstige Ergänzungsschule ( privat )",
        "street": "Brunnenstr. 33",
        "zip": "10115",
        "city": "Berlin",
        "district": "Mitte",
        "center": [
          13.409779,
          52.520645
        ],
        "additions": []
      },
      "geometry": {
        "type": "Point",
        "coordinates": [
          13.409779,
          52.520645
        ]
      }
    },
    {
      "type": "Feature",
      "properties": {
        "title": "Lauterbach-Grundschule",
        "ref": "12G33",
        "type": "Grundschule ( öffentlich )",
        "street": "Senftenberger Ring 41",
        "zip": "13435",
        "city": "Berlin",
        "district": "Märkisches Viertel",
        "center": [
          13.409779,
          52.520645
        ],
        "additions": [
          "Barrierefreie Toilette vorhanden, Fahrstuhl vorhanden"
        ]
      },
      "geometry": {
        "type": "Point",
        "coordinates": [
          13.409779,
          52.520645
        ]
      }
    },
    {
      "type": "Feature",
      "properties": {
        "title": "Lauterbach-Schule",
        "ref": "12S03",
        "type": "Förderschwerp. - Lernen ( öffentlich )",
        "street": "Senftenberger Ring 41",
        "zip": "13435",
        "city": "Berlin",
        "district": "Märkisches Viertel",
        "center": [
          13.409779,
          52.520645
        ],
        "additions": [
          "Barrierefreie Toilette vorhanden, Fahrstuhl vorhanden"
        ]
      },
      "geometry": {
        "type": "Point",
        "coordinates": [
          13.409779,
          52.520645
        ]
      }
    },
    {
      "type": "Feature",
      "properties": {
        "title": "Lauterbach-Schule",
        "ref": "12S03",
        "type": "Förderschwerp. - Übrige ( öffentlich )",
        "street": "Senftenberger Ring 41",
        "zip": "13435",
        "city": "Berlin",
        "district": "Märkisches Viertel",
        "center": [
          13.409779,
          52.520645
        ],
        "additions": [
          "Barrierefreie Toilette vorhanden, Fahrstuhl vorhanden"
        ]
      },
      "geometry": {
        "type": "Point",
        "coordinates": [
          13.409779,
          52.520645
        ]
      }
    },
    {
      "type": "Feature",
      "properties": {
        "title": "Lazarus Schulen der Hoffnungstaler Stiftung Lobetal",
        "ref": "01P07",
        "type": "Berufsfachschule ( privat )",
        "street": "Bernauer Str. 115-118",
        "zip": "13355",
        "city": "Berlin",
        "district": "Gesundbrunnen",
        "center": [
          13.409779,
          52.520645
        ],
        "additions": []
      },
      "geometry": {
        "type": "Point",
        "coordinates": [
          13.409779,
          52.520645
        ]
      }
    },
    {
      "type": "Feature",
      "properties": {
        "title": "Lazarus Schulen der Hoffnungstaler Stiftung Lobetal",
        "ref": "01P07",
        "type": "Fachoberschule ( privat )",
        "street": "Bernauer Str. 115-118",
        "zip": "13355",
        "city": "Berlin",
        "district": "Gesundbrunnen",
        "center": [
          13.409779,
          52.520645
        ],
        "additions": []
      },
      "geometry": {
        "type": "Point",
        "coordinates": [
          13.409779,
          52.520645
        ]
      }
    },
    {
      "type": "Feature",
      "properties": {
        "title": "Lazarus Schulen der Hoffnungstaler Stiftung Lobetal",
        "ref": "01P07",
        "type": "Fachschule ( privat )",
        "street": "Bernauer Str. 115-118",
        "zip": "13355",
        "city": "Berlin",
        "district": "Gesundbrunnen",
        "center": [
          13.409779,
          52.520645
        ],
        "additions": []
      },
      "geometry": {
        "type": "Point",
        "coordinates": [
          13.409779,
          52.520645
        ]
      }
    },
    {
      "type": "Feature",
      "properties": {
        "title": "Leibniz-Gymnasium",
        "ref": "02Y06",
        "type": "Gymnasien ( öffentlich )",
        "street": "Schleiermacherstr. 23",
        "zip": "10961",
        "city": "Berlin",
        "district": "Kreuzberg",
        "center": [
          13.409779,
          52.520645
        ],
        "additions": [
          "Zugang über Rampe möglich"
        ]
      },
      "geometry": {
        "type": "Point",
        "coordinates": [
          13.409779,
          52.520645
        ]
      }
    },
    {
      "type": "Feature",
      "properties": {
        "title": "Lemgo-Grundschule",
        "ref": "02G26",
        "type": "Grundschule ( öffentlich )",
        "street": "Böckhstr. 5",
        "zip": "10967",
        "city": "Berlin",
        "district": "Kreuzberg",
        "center": [
          13.409779,
          52.520645
        ],
        "additions": [
          "Zugang über Rampe möglich"
        ]
      },
      "geometry": {
        "type": "Point",
        "coordinates": [
          13.409779,
          52.520645
        ]
      }
    },
    {
      "type": "Feature",
      "properties": {
        "title": "Leo-Lionni-Grundschule",
        "ref": "01G45",
        "type": "Grundschule ( öffentlich )",
        "street": "Willdenowstr. 11",
        "zip": "13353",
        "city": "Berlin",
        "district": "Wedding",
        "center": [
          13.409779,
          52.520645
        ],
        "additions": [
          "Behindertenparkplatz vorhanden"
        ]
      },
      "geometry": {
        "type": "Point",
        "coordinates": [
          13.409779,
          52.520645
        ]
      }
    },
    {
      "type": "Feature",
      "properties": {
        "title": "Leonardo-da-Vinci-Gymnasium",
        "ref": "08Y05",
        "type": "Gymnasien ( öffentlich )",
        "street": "Christoph-Ruden-Str. 3",
        "zip": "12349",
        "city": "Berlin",
        "district": "Buckow",
        "center": [
          13.409779,
          52.520645
        ],
        "additions": [
          "Barrierefreie Toilette vorhanden, Behindertenparkplatz vorhanden, Fahrstuhl vorhanden, Zugang über Rampe möglich"
        ]
      },
      "geometry": {
        "type": "Point",
        "coordinates": [
          13.409779,
          52.520645
        ]
      }
    },
    {
      "type": "Feature",
      "properties": {
        "title": "Leopold-Ullstein-Schule (OSZ Wirtschaft)",
        "ref": "04B06",
        "type": "Fachoberschule ( öffentlich )",
        "street": "Prinzregentenstr. 32",
        "zip": "10715",
        "city": "Berlin",
        "district": "Wilmersdorf",
        "center": [
          13.409779,
          52.520645
        ],
        "additions": [
          "Barrierefreie Toilette vorhanden, Fahrstuhl vorhanden, Zugang über Rampe möglich"
        ]
      },
      "geometry": {
        "type": "Point",
        "coordinates": [
          13.409779,
          52.520645
        ]
      }
    },
    {
      "type": "Feature",
      "properties": {
        "title": "Leopold-Ullstein-Schule (OSZ Wirtschaft)",
        "ref": "04B06",
        "type": "Berufsschule ( öffentlich )",
        "street": "Prinzregentenstr. 32",
        "zip": "10715",
        "city": "Berlin",
        "district": "Wilmersdorf",
        "center": [
          13.409779,
          52.520645
        ],
        "additions": [
          "Barrierefreie Toilette vorhanden, Fahrstuhl vorhanden, Zugang über Rampe möglich"
        ]
      },
      "geometry": {
        "type": "Point",
        "coordinates": [
          13.409779,
          52.520645
        ]
      }
    },
    {
      "type": "Feature",
      "properties": {
        "title": "Leopold-Ullstein-Schule (OSZ Wirtschaft)",
        "ref": "04B06",
        "type": "Berufsfachschule ( öffentlich )",
        "street": "Prinzregentenstr. 32",
        "zip": "10715",
        "city": "Berlin",
        "district": "Wilmersdorf",
        "center": [
          13.409779,
          52.520645
        ],
        "additions": [
          "Barrierefreie Toilette vorhanden, Fahrstuhl vorhanden, Zugang über Rampe möglich"
        ]
      },
      "geometry": {
        "type": "Point",
        "coordinates": [
          13.409779,
          52.520645
        ]
      }
    },
    {
      "type": "Feature",
      "properties": {
        "title": "Leopold-Ullstein-Schule (OSZ Wirtschaft)",
        "ref": "04B06",
        "type": "Berufsoberschule ( öffentlich )",
        "street": "Prinzregentenstr. 32",
        "zip": "10715",
        "city": "Berlin",
        "district": "Wilmersdorf",
        "center": [
          13.409779,
          52.520645
        ],
        "additions": [
          "Barrierefreie Toilette vorhanden, Fahrstuhl vorhanden, Zugang über Rampe möglich"
        ]
      },
      "geometry": {
        "type": "Point",
        "coordinates": [
          13.409779,
          52.520645
        ]
      }
    },
    {
      "type": "Feature",
      "properties": {
        "title": "Lessing-Gymnasium",
        "ref": "01Y08",
        "type": "Gymnasien ( öffentlich )",
        "street": "Schöningstr. 17",
        "zip": "13349",
        "city": "Berlin",
        "district": "Wedding",
        "center": [
          13.409779,
          52.520645
        ],
        "additions": []
      },
      "geometry": {
        "type": "Point",
        "coordinates": [
          13.409779,
          52.520645
        ]
      }
    },
    {
      "type": "Feature",
      "properties": {
        "title": "Lette-Verein Stiftung des öffentlichen Rechts",
        "ref": "07P03",
        "type": "Fachschule ( privat )",
        "street": "Viktoria-Luise-Platz 6",
        "zip": "10777",
        "city": "Berlin",
        "district": "Schöneberg",
        "center": [
          13.409779,
          52.520645
        ],
        "additions": [
          "Barrierefreie Toilette vorhanden, Behindertenparkplatz vorhanden, Fahrstuhl vorhanden, Zugang über Rampe möglich"
        ]
      },
      "geometry": {
        "type": "Point",
        "coordinates": [
          13.409779,
          52.520645
        ]
      }
    },
    {
      "type": "Feature",
      "properties": {
        "title": "Lette-Verein Stiftung des öffentlichen Rechts",
        "ref": "07P03",
        "type": "Berufsfachschule ( privat )",
        "street": "Viktoria-Luise-Platz 6",
        "zip": "10777",
        "city": "Berlin",
        "district": "Schöneberg",
        "center": [
          13.409779,
          52.520645
        ],
        "additions": [
          "Barrierefreie Toilette vorhanden, Behindertenparkplatz vorhanden, Fahrstuhl vorhanden, Zugang über Rampe möglich"
        ]
      },
      "geometry": {
        "type": "Point",
        "coordinates": [
          13.409779,
          52.520645
        ]
      }
    },
    {
      "type": "Feature",
      "properties": {
        "title": "Lette-Verein Stiftung des öffentlichen Rechts",
        "ref": "07P03",
        "type": "Berufsschule ( privat )",
        "street": "Viktoria-Luise-Platz 6",
        "zip": "10777",
        "city": "Berlin",
        "district": "Schöneberg",
        "center": [
          13.409779,
          52.520645
        ],
        "additions": [
          "Barrierefreie Toilette vorhanden, Behindertenparkplatz vorhanden, Fahrstuhl vorhanden, Zugang über Rampe möglich"
        ]
      },
      "geometry": {
        "type": "Point",
        "coordinates": [
          13.409779,
          52.520645
        ]
      }
    },
    {
      "type": "Feature",
      "properties": {
        "title": "Lew-Tolstoi-Schule (Grundschule)",
        "ref": "11G12",
        "type": "Grundschule ( öffentlich )",
        "street": "Römerweg 120",
        "zip": "10318",
        "city": "Berlin",
        "district": "Karlshorst",
        "center": [
          13.409779,
          52.520645
        ],
        "additions": [
          "Barrierefreie Toilette vorhanden"
        ]
      },
      "geometry": {
        "type": "Point",
        "coordinates": [
          13.409779,
          52.520645
        ]
      }
    },
    {
      "type": "Feature",
      "properties": {
        "title": "Lichtenberg - Kolleg e.V.",
        "ref": "06P25",
        "type": "Zweiter Bildungsweg ( privat )",
        "street": "Feuerbachstr. 68",
        "zip": "12163",
        "city": "Berlin",
        "district": "Steglitz",
        "center": [
          13.409779,
          52.520645
        ],
        "additions": []
      },
      "geometry": {
        "type": "Point",
        "coordinates": [
          13.409779,
          52.520645
        ]
      }
    },
    {
      "type": "Feature",
      "properties": {
        "title": "Liebmann-Schule",
        "ref": "02S06",
        "type": "Förderschwerp. - Übrige ( öffentlich )",
        "street": "Friedrichstr. 13",
        "zip": "10969",
        "city": "Berlin",
        "district": "Kreuzberg",
        "center": [
          13.409779,
          52.520645
        ],
        "additions": [
          "Barrierefreie Toilette vorhanden, Fahrstuhl vorhanden, Zugang über Rampe möglich"
        ]
      },
      "geometry": {
        "type": "Point",
        "coordinates": [
          13.409779,
          52.520645
        ]
      }
    },
    {
      "type": "Feature",
      "properties": {
        "title": "Lietzensee-Grundschule",
        "ref": "04G02",
        "type": "Grundschule ( öffentlich )",
        "street": "Witzlebenstr. 34-35",
        "zip": "14057",
        "city": "Berlin",
        "district": "Charlottenburg",
        "center": [
          13.409779,
          52.520645
        ],
        "additions": []
      },
      "geometry": {
        "type": "Point",
        "coordinates": [
          13.409779,
          52.520645
        ]
      }
    },
    {
      "type": "Feature",
      "properties": {
        "title": "Lilienthal-Gymnasium",
        "ref": "06Y10",
        "type": "Gymnasien ( öffentlich )",
        "street": "Ringstr. 2-3",
        "zip": "12203",
        "city": "Berlin",
        "district": "Lichterfelde",
        "center": [
          13.409779,
          52.520645
        ],
        "additions": [
          "Barrierefreie Toilette vorhanden, Fahrstuhl vorhanden, Zugang über Rampe möglich"
        ]
      },
      "geometry": {
        "type": "Point",
        "coordinates": [
          13.409779,
          52.520645
        ]
      }
    },
    {
      "type": "Feature",
      "properties": {
        "title": "Lillian-Zeller-Grundschule",
        "ref": "05G32",
        "type": "Grundschule ( öffentlich )",
        "street": "Fehrbelliner Tor 2",
        "zip": "13585",
        "city": "Berlin",
        "district": "Spandau",
        "center": [
          13.409779,
          52.520645
        ],
        "additions": []
      },
      "geometry": {
        "type": "Point",
        "coordinates": [
          13.409779,
          52.520645
        ]
      }
    },
    {
      "type": "Feature",
      "properties": {
        "title": "Lily-Braun-Gymnasium",
        "ref": "05Y05",
        "type": "Gymnasien ( öffentlich )",
        "street": "Münsingerstr. 2",
        "zip": "13597",
        "city": "Berlin",
        "district": "Spandau",
        "center": [
          13.409779,
          52.520645
        ],
        "additions": []
      },
      "geometry": {
        "type": "Point",
        "coordinates": [
          13.409779,
          52.520645
        ]
      }
    },
    {
      "type": "Feature",
      "properties": {
        "title": "Linden-Grundschule",
        "ref": "05G14",
        "type": "Grundschule ( öffentlich )",
        "street": "Staakener Feldstr. 6-8",
        "zip": "13591",
        "city": "Berlin",
        "district": "Staaken",
        "center": [
          13.409779,
          52.520645
        ],
        "additions": [
          "Barrierefreie Toilette vorhanden, Behindertenparkplatz vorhanden, Zugang über Rampe möglich"
        ]
      },
      "geometry": {
        "type": "Point",
        "coordinates": [
          13.409779,
          52.520645
        ]
      }
    },
    {
      "type": "Feature",
      "properties": {
        "title": "Lindenhof-Grundschule",
        "ref": "07G07",
        "type": "Grundschule ( öffentlich )",
        "street": "Reglinstr. 29",
        "zip": "12105",
        "city": "Berlin",
        "district": "Schöneberg",
        "center": [
          13.409779,
          52.520645
        ],
        "additions": [
          "Behindertenparkplatz vorhanden"
        ]
      },
      "geometry": {
        "type": "Point",
        "coordinates": [
          13.409779,
          52.520645
        ]
      }
    },
    {
      "type": "Feature",
      "properties": {
        "title": "Lisa-Tetzner-Schule (Grundschule)",
        "ref": "08G34",
        "type": "Grundschule ( öffentlich )",
        "street": "Hasenhegerweg 12",
        "zip": "12353",
        "city": "Berlin",
        "district": "Buckow",
        "center": [
          13.409779,
          52.520645
        ],
        "additions": [
          "Behindertenparkplatz vorhanden, Zugang über Rampe möglich"
        ]
      },
      "geometry": {
        "type": "Point",
        "coordinates": [
          13.409779,
          52.520645
        ]
      }
    },
    {
      "type": "Feature",
      "properties": {
        "title": "Lise-Meitner-Schule (OSZ Chemie, Physik und Biologie)",
        "ref": "08B02",
        "type": "Berufliches Gymnasium ( öffentlich )",
        "street": "Lipschitzallee 25",
        "zip": "12351",
        "city": "Berlin",
        "district": "Gropiusstadt",
        "center": [
          13.409779,
          52.520645
        ],
        "additions": [
          "Barrierefreie Toilette vorhanden, Behindertenparkplatz vorhanden, Fahrstuhl vorhanden, Zugang über Rampe möglich"
        ]
      },
      "geometry": {
        "type": "Point",
        "coordinates": [
          13.409779,
          52.520645
        ]
      }
    },
    {
      "type": "Feature",
      "properties": {
        "title": "Lise-Meitner-Schule (OSZ Chemie, Physik und Biologie)",
        "ref": "08B02",
        "type": "Berufsoberschule ( öffentlich )",
        "street": "Lipschitzallee 25",
        "zip": "12351",
        "city": "Berlin",
        "district": "Gropiusstadt",
        "center": [
          13.409779,
          52.520645
        ],
        "additions": [
          "Barrierefreie Toilette vorhanden, Behindertenparkplatz vorhanden, Fahrstuhl vorhanden, Zugang über Rampe möglich"
        ]
      },
      "geometry": {
        "type": "Point",
        "coordinates": [
          13.409779,
          52.520645
        ]
      }
    },
    {
      "type": "Feature",
      "properties": {
        "title": "Lise-Meitner-Schule (OSZ Chemie, Physik und Biologie)",
        "ref": "08B02",
        "type": "Berufsschule ( öffentlich )",
        "street": "Lipschitzallee 25",
        "zip": "12351",
        "city": "Berlin",
        "district": "Gropiusstadt",
        "center": [
          13.409779,
          52.520645
        ],
        "additions": [
          "Barrierefreie Toilette vorhanden, Behindertenparkplatz vorhanden, Fahrstuhl vorhanden, Zugang über Rampe möglich"
        ]
      },
      "geometry": {
        "type": "Point",
        "coordinates": [
          13.409779,
          52.520645
        ]
      }
    },
    {
      "type": "Feature",
      "properties": {
        "title": "Lise-Meitner-Schule (OSZ Chemie, Physik und Biologie)",
        "ref": "08B02",
        "type": "Berufsfachschule ( öffentlich )",
        "street": "Lipschitzallee 25",
        "zip": "12351",
        "city": "Berlin",
        "district": "Gropiusstadt",
        "center": [
          13.409779,
          52.520645
        ],
        "additions": [
          "Barrierefreie Toilette vorhanden, Behindertenparkplatz vorhanden, Fahrstuhl vorhanden, Zugang über Rampe möglich"
        ]
      },
      "geometry": {
        "type": "Point",
        "coordinates": [
          13.409779,
          52.520645
        ]
      }
    },
    {
      "type": "Feature",
      "properties": {
        "title": "Lise-Meitner-Schule (OSZ Chemie, Physik und Biologie)",
        "ref": "08B02",
        "type": "Fachoberschule ( öffentlich )",
        "street": "Lipschitzallee 25",
        "zip": "12351",
        "city": "Berlin",
        "district": "Gropiusstadt",
        "center": [
          13.409779,
          52.520645
        ],
        "additions": [
          "Barrierefreie Toilette vorhanden, Behindertenparkplatz vorhanden, Fahrstuhl vorhanden, Zugang über Rampe möglich"
        ]
      },
      "geometry": {
        "type": "Point",
        "coordinates": [
          13.409779,
          52.520645
        ]
      }
    },
    {
      "type": "Feature",
      "properties": {
        "title": "Lise-Meitner-Schule (OSZ Chemie, Physik und Biologie)",
        "ref": "08B02",
        "type": "Fachschule ( öffentlich )",
        "street": "Lipschitzallee 25",
        "zip": "12351",
        "city": "Berlin",
        "district": "Gropiusstadt",
        "center": [
          13.409779,
          52.520645
        ],
        "additions": [
          "Barrierefreie Toilette vorhanden, Behindertenparkplatz vorhanden, Fahrstuhl vorhanden, Zugang über Rampe möglich"
        ]
      },
      "geometry": {
        "type": "Point",
        "coordinates": [
          13.409779,
          52.520645
        ]
      }
    },
    {
      "type": "Feature",
      "properties": {
        "title": "Löcknitz-Grundschule",
        "ref": "07G14",
        "type": "Grundschule ( öffentlich )",
        "street": "Berchtesgadener Str. 10-11",
        "zip": "10779",
        "city": "Berlin",
        "district": "Schöneberg",
        "center": [
          13.409779,
          52.520645
        ],
        "additions": []
      },
      "geometry": {
        "type": "Point",
        "coordinates": [
          13.409779,
          52.520645
        ]
      }
    },
    {
      "type": "Feature",
      "properties": {
        "title": "Loschmidt-Oberschule",
        "ref": "04B01",
        "type": "Berufsschule mit sonderpäd. Aufgaben ( öffentlich )",
        "street": "Loschmidtstr. 19",
        "zip": "10587",
        "city": "Berlin",
        "district": "Charlottenburg",
        "center": [
          13.409779,
          52.520645
        ],
        "additions": []
      },
      "geometry": {
        "type": "Point",
        "coordinates": [
          13.409779,
          52.520645
        ]
      }
    },
    {
      "type": "Feature",
      "properties": {
        "title": "Loschmidt-Oberschule",
        "ref": "04B01",
        "type": "Berufsfachschule ( öffentlich )",
        "street": "Loschmidtstr. 19",
        "zip": "10587",
        "city": "Berlin",
        "district": "Charlottenburg",
        "center": [
          13.409779,
          52.520645
        ],
        "additions": []
      },
      "geometry": {
        "type": "Point",
        "coordinates": [
          13.409779,
          52.520645
        ]
      }
    },
    {
      "type": "Feature",
      "properties": {
        "title": "Loschmidt-Oberschule",
        "ref": "04B01",
        "type": "Berufsschule ( öffentlich )",
        "street": "Loschmidtstr. 19",
        "zip": "10587",
        "city": "Berlin",
        "district": "Charlottenburg",
        "center": [
          13.409779,
          52.520645
        ],
        "additions": []
      },
      "geometry": {
        "type": "Point",
        "coordinates": [
          13.409779,
          52.520645
        ]
      }
    },
    {
      "type": "Feature",
      "properties": {
        "title": "Louise-Schroeder-Schule (OSZ Bürowirtschaft und Verwaltung)",
        "ref": "06B02",
        "type": "Berufliches Gymnasium ( öffentlich )",
        "street": "Lippstädter Str. 9-11",
        "zip": "12207",
        "city": "Berlin",
        "district": "Lichterfelde",
        "center": [
          13.409779,
          52.520645
        ],
        "additions": [
          "Barrierefreie Toilette vorhanden, Fahrstuhl vorhanden, Zugang über Rampe möglich"
        ]
      },
      "geometry": {
        "type": "Point",
        "coordinates": [
          13.409779,
          52.520645
        ]
      }
    },
    {
      "type": "Feature",
      "properties": {
        "title": "Louise-Schroeder-Schule (OSZ Bürowirtschaft und Verwaltung)",
        "ref": "06B02",
        "type": "Berufsschule ( öffentlich )",
        "street": "Lippstädter Str. 9-11",
        "zip": "12207",
        "city": "Berlin",
        "district": "Lichterfelde",
        "center": [
          13.409779,
          52.520645
        ],
        "additions": [
          "Barrierefreie Toilette vorhanden, Fahrstuhl vorhanden, Zugang über Rampe möglich"
        ]
      },
      "geometry": {
        "type": "Point",
        "coordinates": [
          13.409779,
          52.520645
        ]
      }
    },
    {
      "type": "Feature",
      "properties": {
        "title": "Louise-Schroeder-Schule (OSZ Bürowirtschaft und Verwaltung)",
        "ref": "06B02",
        "type": "Berufsfachschule ( öffentlich )",
        "street": "Lippstädter Str. 9-11",
        "zip": "12207",
        "city": "Berlin",
        "district": "Lichterfelde",
        "center": [
          13.409779,
          52.520645
        ],
        "additions": [
          "Barrierefreie Toilette vorhanden, Fahrstuhl vorhanden, Zugang über Rampe möglich"
        ]
      },
      "geometry": {
        "type": "Point",
        "coordinates": [
          13.409779,
          52.520645
        ]
      }
    },
    {
      "type": "Feature",
      "properties": {
        "title": "Louise-Schroeder-Schule (OSZ Bürowirtschaft und Verwaltung)",
        "ref": "06B02",
        "type": "Fachoberschule ( öffentlich )",
        "street": "Lippstädter Str. 9-11",
        "zip": "12207",
        "city": "Berlin",
        "district": "Lichterfelde",
        "center": [
          13.409779,
          52.520645
        ],
        "additions": [
          "Barrierefreie Toilette vorhanden, Fahrstuhl vorhanden, Zugang über Rampe möglich"
        ]
      },
      "geometry": {
        "type": "Point",
        "coordinates": [
          13.409779,
          52.520645
        ]
      }
    },
    {
      "type": "Feature",
      "properties": {
        "title": "Louise-Schroeder-Schule (OSZ Bürowirtschaft und Verwaltung)",
        "ref": "06B02",
        "type": "Berufsoberschule ( öffentlich )",
        "street": "Lippstädter Str. 9-11",
        "zip": "12207",
        "city": "Berlin",
        "district": "Lichterfelde",
        "center": [
          13.409779,
          52.520645
        ],
        "additions": [
          "Barrierefreie Toilette vorhanden, Fahrstuhl vorhanden, Zugang über Rampe möglich"
        ]
      },
      "geometry": {
        "type": "Point",
        "coordinates": [
          13.409779,
          52.520645
        ]
      }
    },
    {
      "type": "Feature",
      "properties": {
        "title": "Löwenzahn-Schule (Grundschule)",
        "ref": "08G36",
        "type": "Grundschule ( öffentlich )",
        "street": "Drorystr. 3",
        "zip": "12055",
        "city": "Berlin",
        "district": "Neukölln",
        "center": [
          13.409779,
          52.520645
        ],
        "additions": [
          "Barrierefreie Toilette vorhanden, Behindertenparkplatz vorhanden, Fahrstuhl vorhanden, Zugang über Rampe möglich"
        ]
      },
      "geometry": {
        "type": "Point",
        "coordinates": [
          13.409779,
          52.520645
        ]
      }
    },
    {
      "type": "Feature",
      "properties": {
        "title": "Ludwig-Bechstein-Grundschule",
        "ref": "06G28",
        "type": "Grundschule ( öffentlich )",
        "street": "Halbauer Weg 25",
        "zip": "12249",
        "city": "Berlin",
        "district": "Lankwitz",
        "center": [
          13.409779,
          52.520645
        ],
        "additions": []
      },
      "geometry": {
        "type": "Point",
        "coordinates": [
          13.409779,
          52.520645
        ]
      }
    },
    {
      "type": "Feature",
      "properties": {
        "title": "Ludwig-Cauer-Grundschule",
        "ref": "04G07",
        "type": "Grundschule ( öffentlich )",
        "street": "Cauerstr. 36-38",
        "zip": "10587",
        "city": "Berlin",
        "district": "Charlottenburg",
        "center": [
          13.409779,
          52.520645
        ],
        "additions": []
      },
      "geometry": {
        "type": "Point",
        "coordinates": [
          13.409779,
          52.520645
        ]
      }
    },
    {
      "type": "Feature",
      "properties": {
        "title": "Ludwig-Hoffmann-Grundschule",
        "ref": "02G07",
        "type": "Grundschule ( öffentlich )",
        "street": "Lasdehner Str. 21-23",
        "zip": "10243",
        "city": "Berlin",
        "district": "Friedrichshain",
        "center": [
          13.409779,
          52.520645
        ],
        "additions": []
      },
      "geometry": {
        "type": "Point",
        "coordinates": [
          13.409779,
          52.520645
        ]
      }
    },
    {
      "type": "Feature",
      "properties": {
        "title": "Luise-Henriette-Gymnasium",
        "ref": "07Y05",
        "type": "Gymnasien ( öffentlich )",
        "street": "Kurfürstenstraße 53-54",
        "zip": "12105",
        "city": "Berlin",
        "district": "Mariendorf",
        "center": [
          13.409779,
          52.520645
        ],
        "additions": []
      },
      "geometry": {
        "type": "Point",
        "coordinates": [
          13.409779,
          52.520645
        ]
      }
    },
    {
      "type": "Feature",
      "properties": {
        "title": "Lynar-Grundschule",
        "ref": "05G07",
        "type": "Grundschule ( öffentlich )",
        "street": "Lutherstr. 19-20",
        "zip": "13585",
        "city": "Berlin",
        "district": "Spandau",
        "center": [
          13.409779,
          52.520645
        ],
        "additions": []
      },
      "geometry": {
        "type": "Point",
        "coordinates": [
          13.409779,
          52.520645
        ]
      }
    },
    {
      "type": "Feature",
      "properties": {
        "title": "Mahlsdorfer Grundschule",
        "ref": "10G30",
        "type": "Grundschule ( öffentlich )",
        "street": "Feldrain 47",
        "zip": "12623",
        "city": "Berlin",
        "district": "Mahlsdorf",
        "center": [
          13.409779,
          52.520645
        ],
        "additions": []
      },
      "geometry": {
        "type": "Point",
        "coordinates": [
          13.409779,
          52.520645
        ]
      }
    },
    {
      "type": "Feature",
      "properties": {
        "title": "MANEGE gGmbH",
        "ref": "10P22",
        "type": "Berufsschule ( privat )",
        "street": "Otto-Rosenberg-Str. 1/4",
        "zip": "12681",
        "city": "Berlin",
        "district": "Marzahn",
        "center": [
          13.409779,
          52.520645
        ],
        "additions": []
      },
      "geometry": {
        "type": "Point",
        "coordinates": [
          13.409779,
          52.520645
        ]
      }
    },
    {
      "type": "Feature",
      "properties": {
        "title": "Manfred-von-Ardenne-Gymnasium",
        "ref": "11Y10",
        "type": "Gymnasien ( öffentlich )",
        "street": "Werneuchener Str. 27-28",
        "zip": "13055",
        "city": "Berlin",
        "district": "Alt-Hohenschönhausen",
        "center": [
          13.409779,
          52.520645
        ],
        "additions": []
      },
      "geometry": {
        "type": "Point",
        "coordinates": [
          13.409779,
          52.520645
        ]
      }
    },
    {
      "type": "Feature",
      "properties": {
        "title": "Marcana-Schule (Gemeinschaftsschule)",
        "ref": "10K11",
        "type": "Gemeinschaftsschule ( öffentlich )",
        "street": "Flämingstr. 16-18",
        "zip": "12689",
        "city": "Berlin",
        "district": "Marzahn",
        "center": [
          13.409779,
          52.520645
        ],
        "additions": [
          "Barrierefreie Toilette vorhanden, Fahrstuhl vorhanden, Zugang über Rampe möglich"
        ]
      },
      "geometry": {
        "type": "Point",
        "coordinates": [
          13.409779,
          52.520645
        ]
      }
    },
    {
      "type": "Feature",
      "properties": {
        "title": "Margarethe-von-Witzleben-Schule",
        "ref": "02S03",
        "type": "Förderschwerp. - Übrige ( öffentlich )",
        "street": "Palisadenstr. 76-77",
        "zip": "10243",
        "city": "Berlin",
        "district": "Friedrichshain",
        "center": [
          13.409779,
          52.520645
        ],
        "additions": [
          "Schule mit dem sonderpäd. Förderschwerpunkt \"Hören und Kommunikation\", Barrierefreie Toilette vorhanden, Fahrstuhl vorhanden, Zugang über Rampe möglich"
        ]
      },
      "geometry": {
        "type": "Point",
        "coordinates": [
          13.409779,
          52.520645
        ]
      }
    },
    {
      "type": "Feature",
      "properties": {
        "title": "Maria-Leo-Grundschule",
        "ref": "03G48",
        "type": "Grundschule ( öffentlich )",
        "street": "Conrad-Blenkle-Str. 20",
        "zip": "10407",
        "city": "Berlin",
        "district": "Prenzlauer Berg",
        "center": [
          13.409779,
          52.520645
        ],
        "additions": [
          "Barrierefreie Toilette vorhanden, Behindertenparkplatz vorhanden, Fahrstuhl vorhanden"
        ]
      },
      "geometry": {
        "type": "Point",
        "coordinates": [
          13.409779,
          52.520645
        ]
      }
    },
    {
      "type": "Feature",
      "properties": {
        "title": "Maria-Montessori-Grundschule",
        "ref": "07G20",
        "type": "Grundschule ( öffentlich )",
        "street": "Friedrich-Wilhelm-Str. 72-74",
        "zip": "12103",
        "city": "Berlin",
        "district": "Tempelhof",
        "center": [
          13.409779,
          52.520645
        ],
        "additions": []
      },
      "geometry": {
        "type": "Point",
        "coordinates": [
          13.409779,
          52.520645
        ]
      }
    },
    {
      "type": "Feature",
      "properties": {
        "title": "Marianne-Buggenhagen-Schule",
        "ref": "03S10",
        "type": "Förderschwerp. - Übrige ( öffentlich )",
        "street": "Ernst-Busch-Str. 29",
        "zip": "13125",
        "city": "Berlin",
        "district": "Buch",
        "center": [
          13.409779,
          52.520645
        ],
        "additions": [
          "Barrierefreie Toilette vorhanden, Behindertenparkplatz vorhanden, Fahrstuhl vorhanden, Zugang über Rampe möglich"
        ]
      },
      "geometry": {
        "type": "Point",
        "coordinates": [
          13.409779,
          52.520645
        ]
      }
    },
    {
      "type": "Feature",
      "properties": {
        "title": "Marianne-Cohn-Schule",
        "ref": "07S04",
        "type": "Förderschwerp. - Geistige Entwicklung ( öffentlich )",
        "street": "Holzmannstr. 7",
        "zip": "12099",
        "city": "Berlin",
        "district": "Tempelhof",
        "center": [
          13.409779,
          52.520645
        ],
        "additions": [
          "Barrierefreie Toilette vorhanden, Fahrstuhl vorhanden, Zugang über Rampe möglich"
        ]
      },
      "geometry": {
        "type": "Point",
        "coordinates": [
          13.409779,
          52.520645
        ]
      }
    },
    {
      "type": "Feature",
      "properties": {
        "title": "Marie-Curie-Gymnasium",
        "ref": "04Y10",
        "type": "Gymnasien ( öffentlich )",
        "street": "Weimarische Str. 21",
        "zip": "10715",
        "city": "Berlin",
        "district": "Wilmersdorf",
        "center": [
          13.409779,
          52.520645
        ],
        "additions": [
          "Barrierefreie Toilette vorhanden, Behindertenparkplatz vorhanden, Fahrstuhl vorhanden, Zugang über Rampe möglich"
        ]
      },
      "geometry": {
        "type": "Point",
        "coordinates": [
          13.409779,
          52.520645
        ]
      }
    },
    {
      "type": "Feature",
      "properties": {
        "title": "Marie-Elisabeth-Lüders-Oberschule",
        "ref": "07B02",
        "type": "Fachoberschule ( öffentlich )",
        "street": "Steinmetzstr. 79",
        "zip": "10783",
        "city": "Berlin",
        "district": "Schöneberg",
        "center": [
          13.409779,
          52.520645
        ],
        "additions": []
      },
      "geometry": {
        "type": "Point",
        "coordinates": [
          13.409779,
          52.520645
        ]
      }
    },
    {
      "type": "Feature",
      "properties": {
        "title": "Marie-Elisabeth-Lüders-Oberschule",
        "ref": "07B02",
        "type": "Berufsfachschule ( öffentlich )",
        "street": "Steinmetzstr. 79",
        "zip": "10783",
        "city": "Berlin",
        "district": "Schöneberg",
        "center": [
          13.409779,
          52.520645
        ],
        "additions": []
      },
      "geometry": {
        "type": "Point",
        "coordinates": [
          13.409779,
          52.520645
        ]
      }
    },
    {
      "type": "Feature",
      "properties": {
        "title": "Marie-Elisabeth-Lüders-Oberschule",
        "ref": "07B02",
        "type": "Fachschule ( öffentlich )",
        "street": "Steinmetzstr. 79",
        "zip": "10783",
        "city": "Berlin",
        "district": "Schöneberg",
        "center": [
          13.409779,
          52.520645
        ],
        "additions": []
      },
      "geometry": {
        "type": "Point",
        "coordinates": [
          13.409779,
          52.520645
        ]
      }
    },
    {
      "type": "Feature",
      "properties": {
        "title": "Marie-Elisabeth-Lüders-Oberschule",
        "ref": "07B02",
        "type": "Berufsschule ( öffentlich )",
        "street": "Steinmetzstr. 79",
        "zip": "10783",
        "city": "Berlin",
        "district": "Schöneberg",
        "center": [
          13.409779,
          52.520645
        ],
        "additions": []
      },
      "geometry": {
        "type": "Point",
        "coordinates": [
          13.409779,
          52.520645
        ]
      }
    },
    {
      "type": "Feature",
      "properties": {
        "title": "Marienfelder Schule (Grundschule)",
        "ref": "07G34",
        "type": "Grundschule ( öffentlich )",
        "street": "Erbendorfer Weg 13",
        "zip": "12279",
        "city": "Berlin",
        "district": "Marienfelde",
        "center": [
          13.409779,
          52.520645
        ],
        "additions": [
          "Barrierefreie Toilette vorhanden, Fahrstuhl vorhanden, Zugang über Rampe möglich"
        ]
      },
      "geometry": {
        "type": "Point",
        "coordinates": [
          13.409779,
          52.520645
        ]
      }
    },
    {
      "type": "Feature",
      "properties": {
        "title": "Märkische Grundschule",
        "ref": "12G26",
        "type": "Grundschule ( öffentlich )",
        "street": "Dannenwalder Weg 165",
        "zip": "13439",
        "city": "Berlin",
        "district": "Märkisches Viertel",
        "center": [
          13.409779,
          52.520645
        ],
        "additions": [
          "Barrierefreie Toilette vorhanden"
        ]
      },
      "geometry": {
        "type": "Point",
        "coordinates": [
          13.409779,
          52.520645
        ]
      }
    },
    {
      "type": "Feature",
      "properties": {
        "title": "Mark-Twain-Grundschule",
        "ref": "12G07",
        "type": "Grundschule ( öffentlich )",
        "street": "Auguste-Viktoria-Allee 95",
        "zip": "13403",
        "city": "Berlin",
        "district": "Reinickendorf",
        "center": [
          13.409779,
          52.520645
        ],
        "additions": [
          "Barrierefreie Toilette vorhanden, Behindertenparkplatz vorhanden, Fahrstuhl vorhanden, Zugang über Rampe möglich"
        ]
      },
      "geometry": {
        "type": "Point",
        "coordinates": [
          13.409779,
          52.520645
        ]
      }
    },
    {
      "type": "Feature",
      "properties": {
        "title": "Martin-Buber-Oberschule (Integrierte Sekundarschule)",
        "ref": "05K01",
        "type": "Integrierte Sekundarschule ( öffentlich )",
        "street": "Im Spektefeld 33",
        "zip": "13589",
        "city": "Berlin",
        "district": "Falkenhagener Feld",
        "center": [
          13.409779,
          52.520645
        ],
        "additions": [
          "Behindertenparkplatz vorhanden, Zugang über Rampe möglich"
        ]
      },
      "geometry": {
        "type": "Point",
        "coordinates": [
          13.409779,
          52.520645
        ]
      }
    },
    {
      "type": "Feature",
      "properties": {
        "title": "Martin-Niemöller-Grundschule",
        "ref": "11G22",
        "type": "Grundschule ( öffentlich )",
        "street": "Am Breiten Luch 5",
        "zip": "13053",
        "city": "Berlin",
        "district": "Neu-Hohenschönhausen",
        "center": [
          13.409779,
          52.520645
        ],
        "additions": []
      },
      "geometry": {
        "type": "Point",
        "coordinates": [
          13.409779,
          52.520645
        ]
      }
    },
    {
      "type": "Feature",
      "properties": {
        "title": "Martin-Niemöller-Grundschule",
        "ref": "11G22",
        "type": "Förderschwerp. - Geistige Entwicklung ( öffentlich )",
        "street": "Am Breiten Luch 5",
        "zip": "13053",
        "city": "Berlin",
        "district": "Neu-Hohenschönhausen",
        "center": [
          13.409779,
          52.520645
        ],
        "additions": []
      },
      "geometry": {
        "type": "Point",
        "coordinates": [
          13.409779,
          52.520645
        ]
      }
    },
    {
      "type": "Feature",
      "properties": {
        "title": "Mary-Poppins-Grundschule",
        "ref": "05G29",
        "type": "Grundschule ( öffentlich )",
        "street": "Am Flugplatz Gatow 20",
        "zip": "14089",
        "city": "Berlin",
        "district": "Kladow",
        "center": [
          13.409779,
          52.520645
        ],
        "additions": [
          "Barrierefreie Toilette vorhanden, Behindertenparkplatz vorhanden, Fahrstuhl vorhanden, Zugang über Rampe möglich"
        ]
      },
      "geometry": {
        "type": "Point",
        "coordinates": [
          13.409779,
          52.520645
        ]
      }
    },
    {
      "type": "Feature",
      "properties": {
        "title": "Mascha-Kaléko-Grundschule",
        "ref": "07G25",
        "type": "Grundschule ( öffentlich )",
        "street": "Königstr. 32",
        "zip": "12105",
        "city": "Berlin",
        "district": "Mariendorf",
        "center": [
          13.409779,
          52.520645
        ],
        "additions": []
      },
      "geometry": {
        "type": "Point",
        "coordinates": [
          13.409779,
          52.520645
        ]
      }
    },
    {
      "type": "Feature",
      "properties": {
        "title": "Maskenbildnerschule Hasso von Hugo GmbH",
        "ref": "02E42",
        "type": "Künstlerische Schule ( privat )",
        "street": "Tamara-Danz-Str. 11",
        "zip": "10243",
        "city": "Berlin",
        "district": "Friedrichshain",
        "center": [
          13.409779,
          52.520645
        ],
        "additions": []
      },
      "geometry": {
        "type": "Point",
        "coordinates": [
          13.409779,
          52.520645
        ]
      }
    },
    {
      "type": "Feature",
      "properties": {
        "title": "Matibi-Schule (Grundschule)",
        "ref": "11G29",
        "type": "Grundschule ( öffentlich )",
        "street": "Prendener Str. 15",
        "zip": "13059",
        "city": "Berlin",
        "district": "Neu-Hohenschönhausen",
        "center": [
          13.409779,
          52.520645
        ],
        "additions": [
          "Barrierefreie Toilette vorhanden, Behindertenparkplatz vorhanden, Fahrstuhl vorhanden, Zugang über Rampe möglich"
        ]
      },
      "geometry": {
        "type": "Point",
        "coordinates": [
          13.409779,
          52.520645
        ]
      }
    },
    {
      "type": "Feature",
      "properties": {
        "title": "Matthias-Claudius-Schule (Grundschule)",
        "ref": "08G28",
        "type": "Grundschule ( öffentlich )",
        "street": "Köpenicker Str. 148",
        "zip": "12355",
        "city": "Berlin",
        "district": "Rudow",
        "center": [
          13.409779,
          52.520645
        ],
        "additions": [
          "Barrierefreie Toilette vorhanden, Zugang über Rampe möglich"
        ]
      },
      "geometry": {
        "type": "Point",
        "coordinates": [
          13.409779,
          52.520645
        ]
      }
    },
    {
      "type": "Feature",
      "properties": {
        "title": "Max-Beckmann-Schule (Integrierte Sekundarschule)",
        "ref": "12K03",
        "type": "Integrierte Sekundarschule ( öffentlich )",
        "street": "Auguste-Viktoria-Allee 37",
        "zip": "13403",
        "city": "Berlin",
        "district": "Reinickendorf",
        "center": [
          13.409779,
          52.520645
        ],
        "additions": []
      },
      "geometry": {
        "type": "Point",
        "coordinates": [
          13.409779,
          52.520645
        ]
      }
    },
    {
      "type": "Feature",
      "properties": {
        "title": "Max-Bill-Schule (OSZ Planen, Bauen, Gestalten)",
        "ref": "03B10",
        "type": "Berufsfachschule ( öffentlich )",
        "street": "Gustav-Adolf-Str. 66",
        "zip": "13086",
        "city": "Berlin",
        "district": "Weißensee",
        "center": [
          13.409779,
          52.520645
        ],
        "additions": []
      },
      "geometry": {
        "type": "Point",
        "coordinates": [
          13.409779,
          52.520645
        ]
      }
    },
    {
      "type": "Feature",
      "properties": {
        "title": "Max-Bill-Schule (OSZ Planen, Bauen, Gestalten)",
        "ref": "03B10",
        "type": "Fachoberschule ( öffentlich )",
        "street": "Gustav-Adolf-Str. 66",
        "zip": "13086",
        "city": "Berlin",
        "district": "Weißensee",
        "center": [
          13.409779,
          52.520645
        ],
        "additions": []
      },
      "geometry": {
        "type": "Point",
        "coordinates": [
          13.409779,
          52.520645
        ]
      }
    },
    {
      "type": "Feature",
      "properties": {
        "title": "Max-Bill-Schule (OSZ Planen, Bauen, Gestalten)",
        "ref": "03B10",
        "type": "Berufsoberschule ( öffentlich )",
        "street": "Gustav-Adolf-Str. 66",
        "zip": "13086",
        "city": "Berlin",
        "district": "Weißensee",
        "center": [
          13.409779,
          52.520645
        ],
        "additions": []
      },
      "geometry": {
        "type": "Point",
        "coordinates": [
          13.409779,
          52.520645
        ]
      }
    },
    {
      "type": "Feature",
      "properties": {
        "title": "Max-Bill-Schule (OSZ Planen, Bauen, Gestalten)",
        "ref": "03B10",
        "type": "Berufsschule ( öffentlich )",
        "street": "Gustav-Adolf-Str. 66",
        "zip": "13086",
        "city": "Berlin",
        "district": "Weißensee",
        "center": [
          13.409779,
          52.520645
        ],
        "additions": []
      },
      "geometry": {
        "type": "Point",
        "coordinates": [
          13.409779,
          52.520645
        ]
      }
    },
    {
      "type": "Feature",
      "properties": {
        "title": "Max-Bill-Schule (OSZ Planen, Bauen, Gestalten)",
        "ref": "03B10",
        "type": "Berufliches Gymnasium ( öffentlich )",
        "street": "Gustav-Adolf-Str. 66",
        "zip": "13086",
        "city": "Berlin",
        "district": "Weißensee",
        "center": [
          13.409779,
          52.520645
        ],
        "additions": []
      },
      "geometry": {
        "type": "Point",
        "coordinates": [
          13.409779,
          52.520645
        ]
      }
    },
    {
      "type": "Feature",
      "properties": {
        "title": "Max-Delbrück-Gymnasium",
        "ref": "03Y15",
        "type": "Gymnasien ( öffentlich )",
        "street": "Kuckhoffstr. 2",
        "zip": "13156",
        "city": "Berlin",
        "district": "Niederschönhausen",
        "center": [
          13.409779,
          52.520645
        ],
        "additions": []
      },
      "geometry": {
        "type": "Point",
        "coordinates": [
          13.409779,
          52.520645
        ]
      }
    },
    {
      "type": "Feature",
      "properties": {
        "title": "Max-Planck-Gymnasium",
        "ref": "01Y11",
        "type": "Gymnasien ( öffentlich )",
        "street": "Singerstr. 8A",
        "zip": "10179",
        "city": "Berlin",
        "district": "Mitte",
        "center": [
          13.409779,
          52.520645
        ],
        "additions": []
      },
      "geometry": {
        "type": "Point",
        "coordinates": [
          13.409779,
          52.520645
        ]
      }
    },
    {
      "type": "Feature",
      "properties": {
        "title": "Max-Taut-Schule (OSZ Gebäude, Umwelt, Technik)",
        "ref": "11B02",
        "type": "Fachoberschule ( öffentlich )",
        "street": "Fischerstr. 36",
        "zip": "10317",
        "city": "Berlin",
        "district": "Rummelsburg",
        "center": [
          13.409779,
          52.520645
        ],
        "additions": [
          "Barrierefreie Toilette vorhanden, Behindertenparkplatz vorhanden, Fahrstuhl vorhanden, Zugang über Rampe möglich"
        ]
      },
      "geometry": {
        "type": "Point",
        "coordinates": [
          13.409779,
          52.520645
        ]
      }
    },
    {
      "type": "Feature",
      "properties": {
        "title": "Max-Taut-Schule (OSZ Gebäude, Umwelt, Technik)",
        "ref": "11B02",
        "type": "Berufsschule ( öffentlich )",
        "street": "Fischerstr. 36",
        "zip": "10317",
        "city": "Berlin",
        "district": "Rummelsburg",
        "center": [
          13.409779,
          52.520645
        ],
        "additions": [
          "Barrierefreie Toilette vorhanden, Behindertenparkplatz vorhanden, Fahrstuhl vorhanden, Zugang über Rampe möglich"
        ]
      },
      "geometry": {
        "type": "Point",
        "coordinates": [
          13.409779,
          52.520645
        ]
      }
    },
    {
      "type": "Feature",
      "properties": {
        "title": "Max-Taut-Schule (OSZ Gebäude, Umwelt, Technik)",
        "ref": "11B02",
        "type": "Berufsfachschule ( öffentlich )",
        "street": "Fischerstr. 36",
        "zip": "10317",
        "city": "Berlin",
        "district": "Rummelsburg",
        "center": [
          13.409779,
          52.520645
        ],
        "additions": [
          "Barrierefreie Toilette vorhanden, Behindertenparkplatz vorhanden, Fahrstuhl vorhanden, Zugang über Rampe möglich"
        ]
      },
      "geometry": {
        "type": "Point",
        "coordinates": [
          13.409779,
          52.520645
        ]
      }
    },
    {
      "type": "Feature",
      "properties": {
        "title": "Max-Taut-Schule (OSZ Gebäude, Umwelt, Technik)",
        "ref": "11B02",
        "type": "Berufliches Gymnasium ( öffentlich )",
        "street": "Fischerstr. 36",
        "zip": "10317",
        "city": "Berlin",
        "district": "Rummelsburg",
        "center": [
          13.409779,
          52.520645
        ],
        "additions": [
          "Barrierefreie Toilette vorhanden, Behindertenparkplatz vorhanden, Fahrstuhl vorhanden, Zugang über Rampe möglich"
        ]
      },
      "geometry": {
        "type": "Point",
        "coordinates": [
          13.409779,
          52.520645
        ]
      }
    },
    {
      "type": "Feature",
      "properties": {
        "title": "Max-Taut-Schule (OSZ Gebäude, Umwelt, Technik)",
        "ref": "11B02",
        "type": "Berufsoberschule ( öffentlich )",
        "street": "Fischerstr. 36",
        "zip": "10317",
        "city": "Berlin",
        "district": "Rummelsburg",
        "center": [
          13.409779,
          52.520645
        ],
        "additions": [
          "Barrierefreie Toilette vorhanden, Behindertenparkplatz vorhanden, Fahrstuhl vorhanden, Zugang über Rampe möglich"
        ]
      },
      "geometry": {
        "type": "Point",
        "coordinates": [
          13.409779,
          52.520645
        ]
      }
    },
    {
      "type": "Feature",
      "properties": {
        "title": "Max-von-Laue-Schule",
        "ref": "06K08",
        "type": "Integrierte Sekundarschule ( öffentlich )",
        "street": "Dürerstr. 27",
        "zip": "12203",
        "city": "Berlin",
        "district": "Lichterfelde",
        "center": [
          13.409779,
          52.520645
        ],
        "additions": [
          "\r\n"
        ]
      },
      "geometry": {
        "type": "Point",
        "coordinates": [
          13.409779,
          52.520645
        ]
      }
    },
    {
      "type": "Feature",
      "properties": {
        "title": "May-Ayim-Schule (Integrierte Sekundarschule)",
        "ref": "11K13",
        "type": "Integrierte Sekundarschule ( öffentlich )",
        "street": "Storkower Str. 209B",
        "zip": "10369",
        "city": "Berlin",
        "district": "Fennpfuhl",
        "center": [
          13.409779,
          52.520645
        ],
        "additions": []
      },
      "geometry": {
        "type": "Point",
        "coordinates": [
          13.409779,
          52.520645
        ]
      }
    },
    {
      "type": "Feature",
      "properties": {
        "title": "meco Akademie gGmbH",
        "ref": "01P48",
        "type": "Fachschule ( privat )",
        "street": "Seestr. 64",
        "zip": "13347",
        "city": "Berlin",
        "district": "Wedding",
        "center": [
          13.409779,
          52.520645
        ],
        "additions": [
          "Filiale: Ringbahnstr. 32-34, 12099 Berlin, Behindertenparkplatz vorhanden, Fahrstuhl vorhanden, Zugang über Rampe möglich"
        ]
      },
      "geometry": {
        "type": "Point",
        "coordinates": [
          13.409779,
          52.520645
        ]
      }
    },
    {
      "type": "Feature",
      "properties": {
        "title": "meco Akademie gGmbH",
        "ref": "01P48",
        "type": "Berufsfachschule ( privat )",
        "street": "Seestr. 64",
        "zip": "13347",
        "city": "Berlin",
        "district": "Wedding",
        "center": [
          13.409779,
          52.520645
        ],
        "additions": [
          "Filiale: Ringbahnstr. 32-34, 12099 Berlin, Behindertenparkplatz vorhanden, Fahrstuhl vorhanden, Zugang über Rampe möglich"
        ]
      },
      "geometry": {
        "type": "Point",
        "coordinates": [
          13.409779,
          52.520645
        ]
      }
    },
    {
      "type": "Feature",
      "properties": {
        "title": "Mediadesign Hochschule für Design und Informatik GmbH",
        "ref": "02E20",
        "type": "Künstlerische Schule ( privat )",
        "street": "Lindenstr. 20-25",
        "zip": "10969",
        "city": "Berlin",
        "district": "Kreuzberg",
        "center": [
          13.409779,
          52.520645
        ],
        "additions": []
      },
      "geometry": {
        "type": "Point",
        "coordinates": [
          13.409779,
          52.520645
        ]
      }
    },
    {
      "type": "Feature",
      "properties": {
        "title": "mediencollege Berlin gGmbH",
        "ref": "01P51",
        "type": "Berufsfachschule ( privat )",
        "street": "Invalidenstr. 17",
        "zip": "10115",
        "city": "Berlin",
        "district": "Mitte",
        "center": [
          13.409779,
          52.520645
        ],
        "additions": [
          "Filiale: Möllendorffstr. 54, 10367 Berlin"
        ]
      },
      "geometry": {
        "type": "Point",
        "coordinates": [
          13.409779,
          52.520645
        ]
      }
    },
    {
      "type": "Feature",
      "properties": {
        "title": "MediPoint-Schule für Medizin und Altenpflege",
        "ref": "04E47",
        "type": "Sonstige Ergänzungsschule ( privat )",
        "street": "Bismarckstr. 42-43",
        "zip": "10627",
        "city": "Berlin",
        "district": "Charlottenburg",
        "center": [
          13.409779,
          52.520645
        ],
        "additions": []
      },
      "geometry": {
        "type": "Point",
        "coordinates": [
          13.409779,
          52.520645
        ]
      }
    },
    {
      "type": "Feature",
      "properties": {
        "title": "MeineSchuleBerlin (Gemeinschaftsschule)",
        "ref": "08P09",
        "type": "Gemeinschaftsschule ( privat )",
        "street": "Delbrückstr. 18",
        "zip": "12051",
        "city": "Berlin",
        "district": "Neukölln",
        "center": [
          13.409779,
          52.520645
        ],
        "additions": []
      },
      "geometry": {
        "type": "Point",
        "coordinates": [
          13.409779,
          52.520645
        ]
      }
    },
    {
      "type": "Feature",
      "properties": {
        "title": "MeineSchuleBerlin (Gemeinschaftsschule)",
        "ref": "08P09",
        "type": "Grundschule ( privat )",
        "street": "Delbrückstr. 18",
        "zip": "12051",
        "city": "Berlin",
        "district": "Neukölln",
        "center": [
          13.409779,
          52.520645
        ],
        "additions": []
      },
      "geometry": {
        "type": "Point",
        "coordinates": [
          13.409779,
          52.520645
        ]
      }
    },
    {
      "type": "Feature",
      "properties": {
        "title": "Melanchthon-Gymnasium",
        "ref": "10Y11",
        "type": "Gymnasien ( öffentlich )",
        "street": "Adele-Sandrock-Str. 73-75",
        "zip": "12627",
        "city": "Berlin",
        "district": "Hellersdorf",
        "center": [
          13.409779,
          52.520645
        ],
        "additions": [
          "Behindertenparkplatz vorhanden"
        ]
      },
      "geometry": {
        "type": "Point",
        "coordinates": [
          13.409779,
          52.520645
        ]
      }
    },
    {
      "type": "Feature",
      "properties": {
        "title": "Melli-Beese-Schule (Grundschule)",
        "ref": "09G06",
        "type": "Grundschule ( öffentlich )",
        "street": "Engelhardstr. 18",
        "zip": "12487",
        "city": "Berlin",
        "district": "Johannisthal",
        "center": [
          13.409779,
          52.520645
        ],
        "additions": [
          "Behindertenparkplatz vorhanden"
        ]
      },
      "geometry": {
        "type": "Point",
        "coordinates": [
          13.409779,
          52.520645
        ]
      }
    },
    {
      "type": "Feature",
      "properties": {
        "title": "Mendel-Grundschule",
        "ref": "03G34",
        "type": "Grundschule ( öffentlich )",
        "street": "Stiftsweg 3",
        "zip": "13187",
        "city": "Berlin",
        "district": "Pankow",
        "center": [
          13.409779,
          52.520645
        ],
        "additions": [
          "Barrierefreie Toilette vorhanden, Behindertenparkplatz vorhanden, Fahrstuhl vorhanden, Zugang über Rampe möglich"
        ]
      },
      "geometry": {
        "type": "Point",
        "coordinates": [
          13.409779,
          52.520645
        ]
      }
    },
    {
      "type": "Feature",
      "properties": {
        "title": "Mentora Gymnasium (KEIN Schulbetrieb)",
        "ref": "04P35",
        "type": "Gymnasien ( privat )",
        "street": "Salzufer 6",
        "zip": "10587",
        "city": "Berlin",
        "district": "Charlottenburg",
        "center": [
          13.409779,
          52.520645
        ],
        "additions": [
          "Barrierefreie Toilette vorhanden, Zugang über Rampe möglich"
        ]
      },
      "geometry": {
        "type": "Point",
        "coordinates": [
          13.409779,
          52.520645
        ]
      }
    },
    {
      "type": "Feature",
      "properties": {
        "title": "Mercator-Grundschule",
        "ref": "06G30",
        "type": "Grundschule ( öffentlich )",
        "street": "Mercatorweg 8-10",
        "zip": "12207",
        "city": "Berlin",
        "district": "Lichterfelde",
        "center": [
          13.409779,
          52.520645
        ],
        "additions": []
      },
      "geometry": {
        "type": "Point",
        "coordinates": [
          13.409779,
          52.520645
        ]
      }
    },
    {
      "type": "Feature",
      "properties": {
        "title": "Merian-Schule (Integrierte Sekundarschule)",
        "ref": "09K01",
        "type": "Integrierte Sekundarschule ( öffentlich )",
        "street": "Hoernlestr. 80",
        "zip": "12555",
        "city": "Berlin",
        "district": "Köpenick",
        "center": [
          13.409779,
          52.520645
        ],
        "additions": []
      },
      "geometry": {
        "type": "Point",
        "coordinates": [
          13.409779,
          52.520645
        ]
      }
    },
    {
      "type": "Feature",
      "properties": {
        "title": "Miami Ad School Berlin",
        "ref": "09E08",
        "type": "Sonstige Ergänzungsschule ( privat )",
        "street": "Lohmühlenstr. 65",
        "zip": "12435",
        "city": "Berlin",
        "district": "Alt-Treptow",
        "center": [
          13.409779,
          52.520645
        ],
        "additions": []
      },
      "geometry": {
        "type": "Point",
        "coordinates": [
          13.409779,
          52.520645
        ]
      }
    },
    {
      "type": "Feature",
      "properties": {
        "title": "Michael-Ende-Schule (Grundschule)",
        "ref": "08G25",
        "type": "Grundschule ( öffentlich )",
        "street": "Neuhofer Str. 41",
        "zip": "12355",
        "city": "Berlin",
        "district": "Rudow",
        "center": [
          13.409779,
          52.520645
        ],
        "additions": []
      },
      "geometry": {
        "type": "Point",
        "coordinates": [
          13.409779,
          52.520645
        ]
      }
    },
    {
      "type": "Feature",
      "properties": {
        "title": "Michael-Tschechow-Studio Berlin",
        "ref": "02E23",
        "type": "Künstlerische Schule ( privat )",
        "street": "Eisenbahnstr. 21",
        "zip": "10997",
        "city": "Berlin",
        "district": "Kreuzberg",
        "center": [
          13.409779,
          52.520645
        ],
        "additions": []
      },
      "geometry": {
        "type": "Point",
        "coordinates": [
          13.409779,
          52.520645
        ]
      }
    },
    {
      "type": "Feature",
      "properties": {
        "title": "Mierendorff-Grundschule",
        "ref": "04G08",
        "type": "Grundschule ( öffentlich )",
        "street": "Mierendorffstr. 20-24",
        "zip": "10589",
        "city": "Berlin",
        "district": "Charlottenburg",
        "center": [
          13.409779,
          52.520645
        ],
        "additions": [
          "Zugang über Rampe möglich"
        ]
      },
      "geometry": {
        "type": "Point",
        "coordinates": [
          13.409779,
          52.520645
        ]
      }
    },
    {
      "type": "Feature",
      "properties": {
        "title": "Mildred-Harnack-Schule",
        "ref": "11K02",
        "type": "Integrierte Sekundarschule ( öffentlich )",
        "street": "Schulze-Boysen-Str. 12",
        "zip": "10365",
        "city": "Berlin",
        "district": "Lichtenberg",
        "center": [
          13.409779,
          52.520645
        ],
        "additions": []
      },
      "geometry": {
        "type": "Point",
        "coordinates": [
          13.409779,
          52.520645
        ]
      }
    },
    {
      "type": "Feature",
      "properties": {
        "title": "Minna-Cauer-Schule (Integrierte Sekundarschule)",
        "ref": "07K13",
        "type": "Integrierte Sekundarschule ( öffentlich )",
        "street": "Alt-Tempelhof 53-57",
        "zip": "12103",
        "city": "Berlin",
        "district": "Tempelhof",
        "center": [
          13.409779,
          52.520645
        ],
        "additions": []
      },
      "geometry": {
        "type": "Point",
        "coordinates": [
          13.409779,
          52.520645
        ]
      }
    },
    {
      "type": "Feature",
      "properties": {
        "title": "Minna-Cauer-Schule (Integrierte Sekundarschule)",
        "ref": "07K13",
        "type": "Zweiter Bildungsweg ( öffentlich )",
        "street": "Alt-Tempelhof 53-57",
        "zip": "12103",
        "city": "Berlin",
        "district": "Tempelhof",
        "center": [
          13.409779,
          52.520645
        ],
        "additions": []
      },
      "geometry": {
        "type": "Point",
        "coordinates": [
          13.409779,
          52.520645
        ]
      }
    },
    {
      "type": "Feature",
      "properties": {
        "title": "Miriam-Makeba-Grundschule",
        "ref": "01G47",
        "type": "Grundschule ( öffentlich )",
        "street": "Zinzendorfstr. 15-16",
        "zip": "10555",
        "city": "Berlin",
        "district": "Moabit",
        "center": [
          13.409779,
          52.520645
        ],
        "additions": []
      },
      "geometry": {
        "type": "Point",
        "coordinates": [
          13.409779,
          52.520645
        ]
      }
    },
    {
      "type": "Feature",
      "properties": {
        "title": "Moabiter Grundschule",
        "ref": "01G16",
        "type": "Grundschule ( öffentlich )",
        "street": "Paulstr. 28",
        "zip": "10557",
        "city": "Berlin",
        "district": "Moabit",
        "center": [
          13.409779,
          52.520645
        ],
        "additions": []
      },
      "geometry": {
        "type": "Point",
        "coordinates": [
          13.409779,
          52.520645
        ]
      }
    },
    {
      "type": "Feature",
      "properties": {
        "title": "Modellschule Marille-Grundschule",
        "ref": "07P24",
        "type": "Grundschule ( privat )",
        "street": "Nahmitzer Damm 12",
        "zip": "12277",
        "city": "Berlin",
        "district": "Marienfelde",
        "center": [
          13.409779,
          52.520645
        ],
        "additions": []
      },
      "geometry": {
        "type": "Point",
        "coordinates": [
          13.409779,
          52.520645
        ]
      }
    },
    {
      "type": "Feature",
      "properties": {
        "title": "Modersohn-Grundschule",
        "ref": "02G10",
        "type": "Grundschule ( öffentlich )",
        "street": "Niemannstr. 3",
        "zip": "10245",
        "city": "Berlin",
        "district": "Friedrichshain",
        "center": [
          13.409779,
          52.520645
        ],
        "additions": []
      },
      "geometry": {
        "type": "Point",
        "coordinates": [
          13.409779,
          52.520645
        ]
      }
    },
    {
      "type": "Feature",
      "properties": {
        "title": "Modeschule Berlin (OSZ Bekleidung und Mode)",
        "ref": "02B03",
        "type": "Berufsschule ( öffentlich )",
        "street": "Kochstr. 9",
        "zip": "10969",
        "city": "Berlin",
        "district": "Kreuzberg",
        "center": [
          13.409779,
          52.520645
        ],
        "additions": [
          "Barrierefreie Toilette vorhanden, Fahrstuhl vorhanden, Zugang über Rampe möglich"
        ]
      },
      "geometry": {
        "type": "Point",
        "coordinates": [
          13.409779,
          52.520645
        ]
      }
    },
    {
      "type": "Feature",
      "properties": {
        "title": "Modeschule Berlin (OSZ Bekleidung und Mode)",
        "ref": "02B03",
        "type": "Berufsfachschule ( öffentlich )",
        "street": "Kochstr. 9",
        "zip": "10969",
        "city": "Berlin",
        "district": "Kreuzberg",
        "center": [
          13.409779,
          52.520645
        ],
        "additions": [
          "Barrierefreie Toilette vorhanden, Fahrstuhl vorhanden, Zugang über Rampe möglich"
        ]
      },
      "geometry": {
        "type": "Point",
        "coordinates": [
          13.409779,
          52.520645
        ]
      }
    },
    {
      "type": "Feature",
      "properties": {
        "title": "Modeschule Berlin (OSZ Bekleidung und Mode)",
        "ref": "02B03",
        "type": "Fachoberschule ( öffentlich )",
        "street": "Kochstr. 9",
        "zip": "10969",
        "city": "Berlin",
        "district": "Kreuzberg",
        "center": [
          13.409779,
          52.520645
        ],
        "additions": [
          "Barrierefreie Toilette vorhanden, Fahrstuhl vorhanden, Zugang über Rampe möglich"
        ]
      },
      "geometry": {
        "type": "Point",
        "coordinates": [
          13.409779,
          52.520645
        ]
      }
    },
    {
      "type": "Feature",
      "properties": {
        "title": "Montessori Campus am Tegeler Forst",
        "ref": "12P14",
        "type": "Grundschule ( privat )",
        "street": "Gabrielenstr. 12-18",
        "zip": "13507",
        "city": "Berlin",
        "district": "Tegel",
        "center": [
          13.409779,
          52.520645
        ],
        "additions": [
          "Filiale: Alt-Heiligensee 27/29, 13503 Berlin"
        ]
      },
      "geometry": {
        "type": "Point",
        "coordinates": [
          13.409779,
          52.520645
        ]
      }
    },
    {
      "type": "Feature",
      "properties": {
        "title": "Montessori Campus am Tegeler Forst",
        "ref": "12P14",
        "type": "Integrierte Sekundarschule ( privat )",
        "street": "Gabrielenstr. 12-18",
        "zip": "13507",
        "city": "Berlin",
        "district": "Tegel",
        "center": [
          13.409779,
          52.520645
        ],
        "additions": [
          "Filiale: Alt-Heiligensee 27/29, 13503 Berlin"
        ]
      },
      "geometry": {
        "type": "Point",
        "coordinates": [
          13.409779,
          52.520645
        ]
      }
    },
    {
      "type": "Feature",
      "properties": {
        "title": "Montessori Campus Berlin Köpenick (Gemeinschaftsschule)",
        "ref": "09P06",
        "type": "Gemeinschaftsschule ( privat )",
        "street": "Köpenzeile 125",
        "zip": "12557",
        "city": "Berlin",
        "district": "Köpenick",
        "center": [
          13.409779,
          52.520645
        ],
        "additions": [
          "Filialen: Grüne Trift 23D, 12557 Berlin; Schlangenbader Straße 31, 14197 Berlin"
        ]
      },
      "geometry": {
        "type": "Point",
        "coordinates": [
          13.409779,
          52.520645
        ]
      }
    },
    {
      "type": "Feature",
      "properties": {
        "title": "Montessori Campus Berlin Köpenick (Gemeinschaftsschule)",
        "ref": "09P06",
        "type": "Grundschule ( privat )",
        "street": "Köpenzeile 125",
        "zip": "12557",
        "city": "Berlin",
        "district": "Köpenick",
        "center": [
          13.409779,
          52.520645
        ],
        "additions": [
          "Filialen: Grüne Trift 23D, 12557 Berlin; Schlangenbader Straße 31, 14197 Berlin"
        ]
      },
      "geometry": {
        "type": "Point",
        "coordinates": [
          13.409779,
          52.520645
        ]
      }
    },
    {
      "type": "Feature",
      "properties": {
        "title": "Montessori-Gemeinschaftsschule Berlin Buch",
        "ref": "03P32",
        "type": "Gemeinschaftsschule ( privat )",
        "street": "Wiltbergstr. 90",
        "zip": "13125",
        "city": "Berlin",
        "district": "Buch",
        "center": [
          13.409779,
          52.520645
        ],
        "additions": [
          "Barrierefreie Toilette vorhanden, Behindertenparkplatz vorhanden, Fahrstuhl vorhanden, Zugang über Rampe möglich"
        ]
      },
      "geometry": {
        "type": "Point",
        "coordinates": [
          13.409779,
          52.520645
        ]
      }
    },
    {
      "type": "Feature",
      "properties": {
        "title": "Montessori-Gemeinschaftsschule Berlin Buch",
        "ref": "03P32",
        "type": "Grundschule ( privat )",
        "street": "Wiltbergstr. 90",
        "zip": "13125",
        "city": "Berlin",
        "district": "Buch",
        "center": [
          13.409779,
          52.520645
        ],
        "additions": [
          "Barrierefreie Toilette vorhanden, Behindertenparkplatz vorhanden, Fahrstuhl vorhanden, Zugang über Rampe möglich"
        ]
      },
      "geometry": {
        "type": "Point",
        "coordinates": [
          13.409779,
          52.520645
        ]
      }
    },
    {
      "type": "Feature",
      "properties": {
        "title": "Mosaik Fachschule für Sozialpädagogik",
        "ref": "12P22",
        "type": "Fachschule ( privat )",
        "street": "Flohrstr. 21",
        "zip": "13507",
        "city": "Berlin",
        "district": "Tegel",
        "center": [
          13.409779,
          52.520645
        ],
        "additions": []
      },
      "geometry": {
        "type": "Point",
        "coordinates": [
          13.409779,
          52.520645
        ]
      }
    },
    {
      "type": "Feature",
      "properties": {
        "title": "Mosaik-Grundschule",
        "ref": "09P12",
        "type": "Grundschule ( privat )",
        "street": "Adlergestell 133",
        "zip": "12439",
        "city": "Berlin",
        "district": "Niederschöneweide",
        "center": [
          13.409779,
          52.520645
        ],
        "additions": []
      },
      "geometry": {
        "type": "Point",
        "coordinates": [
          13.409779,
          52.520645
        ]
      }
    },
    {
      "type": "Feature",
      "properties": {
        "title": "Moser-Schule - Schweizer Gymnasium",
        "ref": "04P24",
        "type": "Gymnasien ( privat )",
        "street": "Badenallee 31-32",
        "zip": "14052",
        "city": "Berlin",
        "district": "Westend",
        "center": [
          13.409779,
          52.520645
        ],
        "additions": []
      },
      "geometry": {
        "type": "Point",
        "coordinates": [
          13.409779,
          52.520645
        ]
      }
    },
    {
      "type": "Feature",
      "properties": {
        "title": "Möwensee-Grundschule",
        "ref": "01G40",
        "type": "Grundschule ( öffentlich )",
        "street": "Afrikanische Str. 123-125",
        "zip": "13351",
        "city": "Berlin",
        "district": "Wedding",
        "center": [
          13.409779,
          52.520645
        ],
        "additions": []
      },
      "geometry": {
        "type": "Point",
        "coordinates": [
          13.409779,
          52.520645
        ]
      }
    },
    {
      "type": "Feature",
      "properties": {
        "title": "MSK Berlin GbR-Schule für Musik, Sprache und Kunst",
        "ref": "06E14",
        "type": "Künstlerische Schule ( privat )",
        "street": "Forststr. 44",
        "zip": "12163",
        "city": "Berlin",
        "district": "Steglitz",
        "center": [
          13.409779,
          52.520645
        ],
        "additions": []
      },
      "geometry": {
        "type": "Point",
        "coordinates": [
          13.409779,
          52.520645
        ]
      }
    },
    {
      "type": "Feature",
      "properties": {
        "title": "Müggelheimer Schule (Grundschule)",
        "ref": "09G20",
        "type": "Grundschule ( öffentlich )",
        "street": "Odernheimer Str. 28",
        "zip": "12559",
        "city": "Berlin",
        "district": "Müggelheim",
        "center": [
          13.409779,
          52.520645
        ],
        "additions": [
          "Barrierefreie Toilette vorhanden, Zugang über Rampe möglich"
        ]
      },
      "geometry": {
        "type": "Point",
        "coordinates": [
          13.409779,
          52.520645
        ]
      }
    },
    {
      "type": "Feature",
      "properties": {
        "title": "Müggelschlößchen-Schule (Grundschule)",
        "ref": "09G25",
        "type": "Grundschule ( öffentlich )",
        "street": "Alfred-Randt-Str. 54",
        "zip": "12559",
        "city": "Berlin",
        "district": "Köpenick",
        "center": [
          13.409779,
          52.520645
        ],
        "additions": [
          "Zugang über Rampe möglich"
        ]
      },
      "geometry": {
        "type": "Point",
        "coordinates": [
          13.409779,
          52.520645
        ]
      }
    },
    {
      "type": "Feature",
      "properties": {
        "title": "Müggelsee-Schule (Grundschule)",
        "ref": "09G24",
        "type": "Grundschule ( öffentlich )",
        "street": "Aßmannstr. 63",
        "zip": "12587",
        "city": "Berlin",
        "district": "Friedrichshagen",
        "center": [
          13.409779,
          52.520645
        ],
        "additions": []
      },
      "geometry": {
        "type": "Point",
        "coordinates": [
          13.409779,
          52.520645
        ]
      }
    },
    {
      "type": "Feature",
      "properties": {
        "title": "Mühlenau-Grundschule",
        "ref": "06G06",
        "type": "Grundschule ( öffentlich )",
        "street": "Molsheimer Str. 7",
        "zip": "14195",
        "city": "Berlin",
        "district": "Dahlem",
        "center": [
          13.409779,
          52.520645
        ],
        "additions": [
          "Barrierefreie Toilette vorhanden, Behindertenparkplatz vorhanden, Fahrstuhl vorhanden, Zugang über Rampe möglich"
        ]
      },
      "geometry": {
        "type": "Point",
        "coordinates": [
          13.409779,
          52.520645
        ]
      }
    },
    {
      "type": "Feature",
      "properties": {
        "title": "Münchhausen-Grundschule",
        "ref": "12G19",
        "type": "Grundschule ( öffentlich )",
        "street": "Artemisstr. 22-26",
        "zip": "13469",
        "city": "Berlin",
        "district": "Waidmannslust",
        "center": [
          13.409779,
          52.520645
        ],
        "additions": []
      },
      "geometry": {
        "type": "Point",
        "coordinates": [
          13.409779,
          52.520645
        ]
      }
    },
    {
      "type": "Feature",
      "properties": {
        "title": "Musikgymnasium Carl Philipp Emanuel Bach",
        "ref": "01Y04",
        "type": "Gymnasien ( öffentlich )",
        "street": "Rheinsberger Str. 4-5",
        "zip": "10115",
        "city": "Berlin",
        "district": "Mitte",
        "center": [
          13.409779,
          52.520645
        ],
        "additions": []
      },
      "geometry": {
        "type": "Point",
        "coordinates": [
          13.409779,
          52.520645
        ]
      }
    },
    {
      "type": "Feature",
      "properties": {
        "title": "Nahariya-Grundschule",
        "ref": "07G35",
        "type": "Grundschule ( öffentlich )",
        "street": "Nahariyastr. 13-17",
        "zip": "12309",
        "city": "Berlin",
        "district": "Lichtenrade",
        "center": [
          13.409779,
          52.520645
        ],
        "additions": [
          "Behindertenparkplatz vorhanden, Zugang über Rampe möglich"
        ]
      },
      "geometry": {
        "type": "Point",
        "coordinates": [
          13.409779,
          52.520645
        ]
      }
    },
    {
      "type": "Feature",
      "properties": {
        "title": "Nehring-Grundschule",
        "ref": "04G13",
        "type": "Grundschule ( öffentlich )",
        "street": "Nehringstr. 9-10",
        "zip": "14059",
        "city": "Berlin",
        "district": "Charlottenburg",
        "center": [
          13.409779,
          52.520645
        ],
        "additions": [
          "Barrierefreie Toilette vorhanden, Fahrstuhl vorhanden, Zugang über Rampe möglich"
        ]
      },
      "geometry": {
        "type": "Point",
        "coordinates": [
          13.409779,
          52.520645
        ]
      }
    },
    {
      "type": "Feature",
      "properties": {
        "title": "Nelson Mandela Internationale Schule",
        "ref": "04K04",
        "type": "Integrierte Sekundarschule ( öffentlich )",
        "street": "Pfalzburger Str. 30",
        "zip": "10717",
        "city": "Berlin",
        "district": "Wilmersdorf",
        "center": [
          13.409779,
          52.520645
        ],
        "additions": []
      },
      "geometry": {
        "type": "Point",
        "coordinates": [
          13.409779,
          52.520645
        ]
      }
    },
    {
      "type": "Feature",
      "properties": {
        "title": "Netzwerk-Schule (Gemeinschaftsschule)",
        "ref": "02P13",
        "type": "Gemeinschaftsschule ( privat )",
        "street": "Marchlewskistr. 40",
        "zip": "10243",
        "city": "Berlin",
        "district": "Friedrichshain",
        "center": [
          13.409779,
          52.520645
        ],
        "additions": []
      },
      "geometry": {
        "type": "Point",
        "coordinates": [
          13.409779,
          52.520645
        ]
      }
    },
    {
      "type": "Feature",
      "properties": {
        "title": "Netzwerk-Schule (Gemeinschaftsschule)",
        "ref": "02P13",
        "type": "Grundschule ( privat )",
        "street": "Marchlewskistr. 40",
        "zip": "10243",
        "city": "Berlin",
        "district": "Friedrichshain",
        "center": [
          13.409779,
          52.520645
        ],
        "additions": []
      },
      "geometry": {
        "type": "Point",
        "coordinates": [
          13.409779,
          52.520645
        ]
      }
    },
    {
      "type": "Feature",
      "properties": {
        "title": "Neumark-Grundschule",
        "ref": "07G13",
        "type": "Grundschule ( öffentlich )",
        "street": "Steinmetzstr. 46-50",
        "zip": "10783",
        "city": "Berlin",
        "district": "Schöneberg",
        "center": [
          13.409779,
          52.520645
        ],
        "additions": []
      },
      "geometry": {
        "type": "Point",
        "coordinates": [
          13.409779,
          52.520645
        ]
      }
    },
    {
      "type": "Feature",
      "properties": {
        "title": "NEWSchool (Integrierte Sekundarschule) (KEIN Schulbetrieb bis 31.07.2026)",
        "ref": "09P21",
        "type": "Integrierte Sekundarschule ( privat )",
        "street": "Lohmühlenstr. 65",
        "zip": "12435",
        "city": "Berlin",
        "district": "Alt-Treptow",
        "center": [
          13.409779,
          52.520645
        ],
        "additions": [
          "Der Schulbetrieb ruht weiterhin, zunächst bis 31.07.2025"
        ]
      },
      "geometry": {
        "type": "Point",
        "coordinates": [
          13.409779,
          52.520645
        ]
      }
    },
    {
      "type": "Feature",
      "properties": {
        "title": "Nils-Holgersson-Schule",
        "ref": "11S12",
        "type": "Förderschwerp. - Geistige Entwicklung ( öffentlich )",
        "street": "Otto-Marquardt-Str. 14",
        "zip": "10369",
        "city": "Berlin",
        "district": "Fennpfuhl",
        "center": [
          13.409779,
          52.520645
        ],
        "additions": [
          "Barrierefreie Toilette vorhanden, Behindertenparkplatz vorhanden, Fahrstuhl vorhanden, Zugang über Rampe möglich"
        ]
      },
      "geometry": {
        "type": "Point",
        "coordinates": [
          13.409779,
          52.520645
        ]
      }
    },
    {
      "type": "Feature",
      "properties": {
        "title": "Nord-Grundschule",
        "ref": "06G01",
        "type": "Grundschule ( öffentlich )",
        "street": "Potsdamer Str. 7",
        "zip": "14163",
        "city": "Berlin",
        "district": "Zehlendorf",
        "center": [
          13.409779,
          52.520645
        ],
        "additions": [
          "Fahrstuhl vorhanden"
        ]
      },
      "geometry": {
        "type": "Point",
        "coordinates": [
          13.409779,
          52.520645
        ]
      }
    },
    {
      "type": "Feature",
      "properties": {
        "title": "Nürtingen-Grundschule",
        "ref": "02G18",
        "type": "Grundschule ( öffentlich )",
        "street": "Mariannenplatz 28",
        "zip": "10997",
        "city": "Berlin",
        "district": "Kreuzberg",
        "center": [
          13.409779,
          52.520645
        ],
        "additions": []
      },
      "geometry": {
        "type": "Point",
        "coordinates": [
          13.409779,
          52.520645
        ]
      }
    },
    {
      "type": "Feature",
      "properties": {
        "title": "Oberlin-Seminar",
        "ref": "06P15",
        "type": "Berufsfachschule ( privat )",
        "street": "Tietzenweg 130",
        "zip": "12203",
        "city": "Berlin",
        "district": "Lichterfelde",
        "center": [
          13.409779,
          52.520645
        ],
        "additions": [
          "Barrierefreie Toilette vorhanden"
        ]
      },
      "geometry": {
        "type": "Point",
        "coordinates": [
          13.409779,
          52.520645
        ]
      }
    },
    {
      "type": "Feature",
      "properties": {
        "title": "Oberlin-Seminar",
        "ref": "06P15",
        "type": "Fachschule ( privat )",
        "street": "Tietzenweg 130",
        "zip": "12203",
        "city": "Berlin",
        "district": "Lichterfelde",
        "center": [
          13.409779,
          52.520645
        ],
        "additions": [
          "Barrierefreie Toilette vorhanden"
        ]
      },
      "geometry": {
        "type": "Point",
        "coordinates": [
          13.409779,
          52.520645
        ]
      }
    },
    {
      "type": "Feature",
      "properties": {
        "title": "Oberlin-Seminar",
        "ref": "06P15",
        "type": "Fachoberschule ( privat )",
        "street": "Tietzenweg 130",
        "zip": "12203",
        "city": "Berlin",
        "district": "Lichterfelde",
        "center": [
          13.409779,
          52.520645
        ],
        "additions": [
          "Barrierefreie Toilette vorhanden"
        ]
      },
      "geometry": {
        "type": "Point",
        "coordinates": [
          13.409779,
          52.520645
        ]
      }
    },
    {
      "type": "Feature",
      "properties": {
        "title": "Obersee-Schule (Grundschule)",
        "ref": "11G19",
        "type": "Grundschule ( öffentlich )",
        "street": "Roedernstr. 69-72",
        "zip": "13053",
        "city": "Berlin",
        "district": "Alt-Hohenschönhausen",
        "center": [
          13.409779,
          52.520645
        ],
        "additions": [
          "Barrierefreie Toilette vorhanden"
        ]
      },
      "geometry": {
        "type": "Point",
        "coordinates": [
          13.409779,
          52.520645
        ]
      }
    },
    {
      "type": "Feature",
      "properties": {
        "title": "Orankesee Schule (Grundschule)",
        "ref": "11G34",
        "type": "Grundschule ( öffentlich )",
        "street": "Konrad-Wolf-Str. 11",
        "zip": "13055",
        "city": "Berlin",
        "district": "Alt-Hohenschönhausen",
        "center": [
          13.409779,
          52.520645
        ],
        "additions": [
          "Barrierefreie Toilette vorhanden, Behindertenparkplatz vorhanden, Fahrstuhl vorhanden"
        ]
      },
      "geometry": {
        "type": "Point",
        "coordinates": [
          13.409779,
          52.520645
        ]
      }
    },
    {
      "type": "Feature",
      "properties": {
        "title": "Oscar-Tietz-Schule (OSZ Handel II)",
        "ref": "10B01",
        "type": "Fachoberschule ( öffentlich )",
        "street": "Marzahner Chaussee 231",
        "zip": "12681",
        "city": "Berlin",
        "district": "Marzahn",
        "center": [
          13.409779,
          52.520645
        ],
        "additions": [
          "Barrierefreie Toilette vorhanden, Behindertenparkplatz vorhanden, Fahrstuhl vorhanden, Zugang über Rampe möglich"
        ]
      },
      "geometry": {
        "type": "Point",
        "coordinates": [
          13.409779,
          52.520645
        ]
      }
    },
    {
      "type": "Feature",
      "properties": {
        "title": "Oscar-Tietz-Schule (OSZ Handel II)",
        "ref": "10B01",
        "type": "Berufsschule ( öffentlich )",
        "street": "Marzahner Chaussee 231",
        "zip": "12681",
        "city": "Berlin",
        "district": "Marzahn",
        "center": [
          13.409779,
          52.520645
        ],
        "additions": [
          "Barrierefreie Toilette vorhanden, Behindertenparkplatz vorhanden, Fahrstuhl vorhanden, Zugang über Rampe möglich"
        ]
      },
      "geometry": {
        "type": "Point",
        "coordinates": [
          13.409779,
          52.520645
        ]
      }
    },
    {
      "type": "Feature",
      "properties": {
        "title": "Oscar-Tietz-Schule (OSZ Handel II)",
        "ref": "10B01",
        "type": "Berufsfachschule ( öffentlich )",
        "street": "Marzahner Chaussee 231",
        "zip": "12681",
        "city": "Berlin",
        "district": "Marzahn",
        "center": [
          13.409779,
          52.520645
        ],
        "additions": [
          "Barrierefreie Toilette vorhanden, Behindertenparkplatz vorhanden, Fahrstuhl vorhanden, Zugang über Rampe möglich"
        ]
      },
      "geometry": {
        "type": "Point",
        "coordinates": [
          13.409779,
          52.520645
        ]
      }
    },
    {
      "type": "Feature",
      "properties": {
        "title": "Oscar-Tietz-Schule (OSZ Handel II)",
        "ref": "10B01",
        "type": "Berufsoberschule ( öffentlich )",
        "street": "Marzahner Chaussee 231",
        "zip": "12681",
        "city": "Berlin",
        "district": "Marzahn",
        "center": [
          13.409779,
          52.520645
        ],
        "additions": [
          "Barrierefreie Toilette vorhanden, Behindertenparkplatz vorhanden, Fahrstuhl vorhanden, Zugang über Rampe möglich"
        ]
      },
      "geometry": {
        "type": "Point",
        "coordinates": [
          13.409779,
          52.520645
        ]
      }
    },
    {
      "type": "Feature",
      "properties": {
        "title": "Oskar-Heinroth-Schule (Grundschule)",
        "ref": "08G27",
        "type": "Grundschule ( öffentlich )",
        "street": "Rohrdommelweg 1",
        "zip": "12359",
        "city": "Berlin",
        "district": "Britz",
        "center": [
          13.409779,
          52.520645
        ],
        "additions": [
          "Barrierefreie Toilette vorhanden, Zugang über Rampe möglich"
        ]
      },
      "geometry": {
        "type": "Point",
        "coordinates": [
          13.409779,
          52.520645
        ]
      }
    },
    {
      "type": "Feature",
      "properties": {
        "title": "OSZ Ästhetik und Technik",
        "ref": "04B07",
        "type": "Berufsfachschule ( öffentlich )",
        "street": "Schillerstr. 120",
        "zip": "10625",
        "city": "Berlin",
        "district": "Charlottenburg",
        "center": [
          13.409779,
          52.520645
        ],
        "additions": [
          "Barrierefreie Toilette vorhanden, Fahrstuhl vorhanden, Zugang über Rampe möglich"
        ]
      },
      "geometry": {
        "type": "Point",
        "coordinates": [
          13.409779,
          52.520645
        ]
      }
    },
    {
      "type": "Feature",
      "properties": {
        "title": "OSZ Ästhetik und Technik",
        "ref": "04B07",
        "type": "Berufsschule ( öffentlich )",
        "street": "Schillerstr. 120",
        "zip": "10625",
        "city": "Berlin",
        "district": "Charlottenburg",
        "center": [
          13.409779,
          52.520645
        ],
        "additions": [
          "Barrierefreie Toilette vorhanden, Fahrstuhl vorhanden, Zugang über Rampe möglich"
        ]
      },
      "geometry": {
        "type": "Point",
        "coordinates": [
          13.409779,
          52.520645
        ]
      }
    },
    {
      "type": "Feature",
      "properties": {
        "title": "OSZ Ästhetik und Technik",
        "ref": "04B07",
        "type": "Fachoberschule ( öffentlich )",
        "street": "Schillerstr. 120",
        "zip": "10625",
        "city": "Berlin",
        "district": "Charlottenburg",
        "center": [
          13.409779,
          52.520645
        ],
        "additions": [
          "Barrierefreie Toilette vorhanden, Fahrstuhl vorhanden, Zugang über Rampe möglich"
        ]
      },
      "geometry": {
        "type": "Point",
        "coordinates": [
          13.409779,
          52.520645
        ]
      }
    },
    {
      "type": "Feature",
      "properties": {
        "title": "OSZ Banken, Immobilien und Versicherungen",
        "ref": "01B01",
        "type": "Fachoberschule ( öffentlich )",
        "street": "Alt-Moabit 10",
        "zip": "10557",
        "city": "Berlin",
        "district": "Moabit",
        "center": [
          13.409779,
          52.520645
        ],
        "additions": [
          "Barrierefreie Toilette vorhanden, Behindertenparkplatz vorhanden, Fahrstuhl vorhanden, Zugang über Rampe möglich"
        ]
      },
      "geometry": {
        "type": "Point",
        "coordinates": [
          13.409779,
          52.520645
        ]
      }
    },
    {
      "type": "Feature",
      "properties": {
        "title": "OSZ Banken, Immobilien und Versicherungen",
        "ref": "01B01",
        "type": "Berufliches Gymnasium ( öffentlich )",
        "street": "Alt-Moabit 10",
        "zip": "10557",
        "city": "Berlin",
        "district": "Moabit",
        "center": [
          13.409779,
          52.520645
        ],
        "additions": [
          "Barrierefreie Toilette vorhanden, Behindertenparkplatz vorhanden, Fahrstuhl vorhanden, Zugang über Rampe möglich"
        ]
      },
      "geometry": {
        "type": "Point",
        "coordinates": [
          13.409779,
          52.520645
        ]
      }
    },
    {
      "type": "Feature",
      "properties": {
        "title": "OSZ Banken, Immobilien und Versicherungen",
        "ref": "01B01",
        "type": "Berufsschule ( öffentlich )",
        "street": "Alt-Moabit 10",
        "zip": "10557",
        "city": "Berlin",
        "district": "Moabit",
        "center": [
          13.409779,
          52.520645
        ],
        "additions": [
          "Barrierefreie Toilette vorhanden, Behindertenparkplatz vorhanden, Fahrstuhl vorhanden, Zugang über Rampe möglich"
        ]
      },
      "geometry": {
        "type": "Point",
        "coordinates": [
          13.409779,
          52.520645
        ]
      }
    },
    {
      "type": "Feature",
      "properties": {
        "title": "OSZ Banken, Immobilien und Versicherungen",
        "ref": "01B01",
        "type": "Fachschule ( öffentlich )",
        "street": "Alt-Moabit 10",
        "zip": "10557",
        "city": "Berlin",
        "district": "Moabit",
        "center": [
          13.409779,
          52.520645
        ],
        "additions": [
          "Barrierefreie Toilette vorhanden, Behindertenparkplatz vorhanden, Fahrstuhl vorhanden, Zugang über Rampe möglich"
        ]
      },
      "geometry": {
        "type": "Point",
        "coordinates": [
          13.409779,
          52.520645
        ]
      }
    },
    {
      "type": "Feature",
      "properties": {
        "title": "OSZ Banken, Immobilien und Versicherungen",
        "ref": "01B01",
        "type": "Berufsoberschule ( öffentlich )",
        "street": "Alt-Moabit 10",
        "zip": "10557",
        "city": "Berlin",
        "district": "Moabit",
        "center": [
          13.409779,
          52.520645
        ],
        "additions": [
          "Barrierefreie Toilette vorhanden, Behindertenparkplatz vorhanden, Fahrstuhl vorhanden, Zugang über Rampe möglich"
        ]
      },
      "geometry": {
        "type": "Point",
        "coordinates": [
          13.409779,
          52.520645
        ]
      }
    },
    {
      "type": "Feature",
      "properties": {
        "title": "OSZ Bürowirtschaft 1",
        "ref": "06B03",
        "type": "Berufsfachschule ( öffentlich )",
        "street": "Ostpreußendamm 40",
        "zip": "12207",
        "city": "Berlin",
        "district": "Lichterfelde",
        "center": [
          13.409779,
          52.520645
        ],
        "additions": [
          "Barrierefreie Toilette vorhanden, Behindertenparkplatz vorhanden, Fahrstuhl vorhanden, Zugang über Rampe möglich"
        ]
      },
      "geometry": {
        "type": "Point",
        "coordinates": [
          13.409779,
          52.520645
        ]
      }
    },
    {
      "type": "Feature",
      "properties": {
        "title": "OSZ Bürowirtschaft 1",
        "ref": "06B03",
        "type": "Berufsschule ( öffentlich )",
        "street": "Ostpreußendamm 40",
        "zip": "12207",
        "city": "Berlin",
        "district": "Lichterfelde",
        "center": [
          13.409779,
          52.520645
        ],
        "additions": [
          "Barrierefreie Toilette vorhanden, Behindertenparkplatz vorhanden, Fahrstuhl vorhanden, Zugang über Rampe möglich"
        ]
      },
      "geometry": {
        "type": "Point",
        "coordinates": [
          13.409779,
          52.520645
        ]
      }
    },
    {
      "type": "Feature",
      "properties": {
        "title": "OSZ Bürowirtschaft 1",
        "ref": "06B03",
        "type": "Fachoberschule ( öffentlich )",
        "street": "Ostpreußendamm 40",
        "zip": "12207",
        "city": "Berlin",
        "district": "Lichterfelde",
        "center": [
          13.409779,
          52.520645
        ],
        "additions": [
          "Barrierefreie Toilette vorhanden, Behindertenparkplatz vorhanden, Fahrstuhl vorhanden, Zugang über Rampe möglich"
        ]
      },
      "geometry": {
        "type": "Point",
        "coordinates": [
          13.409779,
          52.520645
        ]
      }
    },
    {
      "type": "Feature",
      "properties": {
        "title": "OSZ Bürowirtschaft 1",
        "ref": "06B03",
        "type": "Berufsoberschule ( öffentlich )",
        "street": "Ostpreußendamm 40",
        "zip": "12207",
        "city": "Berlin",
        "district": "Lichterfelde",
        "center": [
          13.409779,
          52.520645
        ],
        "additions": [
          "Barrierefreie Toilette vorhanden, Behindertenparkplatz vorhanden, Fahrstuhl vorhanden, Zugang über Rampe möglich"
        ]
      },
      "geometry": {
        "type": "Point",
        "coordinates": [
          13.409779,
          52.520645
        ]
      }
    },
    {
      "type": "Feature",
      "properties": {
        "title": "OSZ Gesundheit I",
        "ref": "01B04",
        "type": "Berufsschule ( öffentlich )",
        "street": "Schwyzer Str. 6/8",
        "zip": "13349",
        "city": "Berlin",
        "district": "Wedding",
        "center": [
          13.409779,
          52.520645
        ],
        "additions": [
          "Barrierefreie Toilette vorhanden, Behindertenparkplatz vorhanden, Fahrstuhl vorhanden, Zugang über Rampe möglich"
        ]
      },
      "geometry": {
        "type": "Point",
        "coordinates": [
          13.409779,
          52.520645
        ]
      }
    },
    {
      "type": "Feature",
      "properties": {
        "title": "OSZ Gesundheit I",
        "ref": "01B04",
        "type": "Berufsoberschule ( öffentlich )",
        "street": "Schwyzer Str. 6/8",
        "zip": "13349",
        "city": "Berlin",
        "district": "Wedding",
        "center": [
          13.409779,
          52.520645
        ],
        "additions": [
          "Barrierefreie Toilette vorhanden, Behindertenparkplatz vorhanden, Fahrstuhl vorhanden, Zugang über Rampe möglich"
        ]
      },
      "geometry": {
        "type": "Point",
        "coordinates": [
          13.409779,
          52.520645
        ]
      }
    },
    {
      "type": "Feature",
      "properties": {
        "title": "OSZ Handel 1",
        "ref": "02B04",
        "type": "Berufsschule ( öffentlich )",
        "street": "Wrangelstr. 98",
        "zip": "10997",
        "city": "Berlin",
        "district": "Kreuzberg",
        "center": [
          13.409779,
          52.520645
        ],
        "additions": [
          "Behindertenparkplatz vorhanden, Fahrstuhl vorhanden, Zugang über Rampe möglich"
        ]
      },
      "geometry": {
        "type": "Point",
        "coordinates": [
          13.409779,
          52.520645
        ]
      }
    },
    {
      "type": "Feature",
      "properties": {
        "title": "OSZ Handel 1",
        "ref": "02B04",
        "type": "Berufsfachschule ( öffentlich )",
        "street": "Wrangelstr. 98",
        "zip": "10997",
        "city": "Berlin",
        "district": "Kreuzberg",
        "center": [
          13.409779,
          52.520645
        ],
        "additions": [
          "Behindertenparkplatz vorhanden, Fahrstuhl vorhanden, Zugang über Rampe möglich"
        ]
      },
      "geometry": {
        "type": "Point",
        "coordinates": [
          13.409779,
          52.520645
        ]
      }
    },
    {
      "type": "Feature",
      "properties": {
        "title": "OSZ Handel 1",
        "ref": "02B04",
        "type": "Fachoberschule ( öffentlich )",
        "street": "Wrangelstr. 98",
        "zip": "10997",
        "city": "Berlin",
        "district": "Kreuzberg",
        "center": [
          13.409779,
          52.520645
        ],
        "additions": [
          "Behindertenparkplatz vorhanden, Fahrstuhl vorhanden, Zugang über Rampe möglich"
        ]
      },
      "geometry": {
        "type": "Point",
        "coordinates": [
          13.409779,
          52.520645
        ]
      }
    },
    {
      "type": "Feature",
      "properties": {
        "title": "OSZ Handel 1",
        "ref": "02B04",
        "type": "Fachschule ( öffentlich )",
        "street": "Wrangelstr. 98",
        "zip": "10997",
        "city": "Berlin",
        "district": "Kreuzberg",
        "center": [
          13.409779,
          52.520645
        ],
        "additions": [
          "Behindertenparkplatz vorhanden, Fahrstuhl vorhanden, Zugang über Rampe möglich"
        ]
      },
      "geometry": {
        "type": "Point",
        "coordinates": [
          13.409779,
          52.520645
        ]
      }
    },
    {
      "type": "Feature",
      "properties": {
        "title": "OSZ Handel 1",
        "ref": "02B04",
        "type": "Berufsoberschule ( öffentlich )",
        "street": "Wrangelstr. 98",
        "zip": "10997",
        "city": "Berlin",
        "district": "Kreuzberg",
        "center": [
          13.409779,
          52.520645
        ],
        "additions": [
          "Behindertenparkplatz vorhanden, Fahrstuhl vorhanden, Zugang über Rampe möglich"
        ]
      },
      "geometry": {
        "type": "Point",
        "coordinates": [
          13.409779,
          52.520645
        ]
      }
    },
    {
      "type": "Feature",
      "properties": {
        "title": "OSZ Informations- und Medizintechnik",
        "ref": "08B04",
        "type": "Berufliches Gymnasium ( öffentlich )",
        "street": "Haarlemer Str. 23-27",
        "zip": "12359",
        "city": "Berlin",
        "district": "Britz",
        "center": [
          13.409779,
          52.520645
        ],
        "additions": [
          "Barrierefreie Toilette vorhanden, Behindertenparkplatz vorhanden, Fahrstuhl vorhanden, Zugang über Rampe möglich"
        ]
      },
      "geometry": {
        "type": "Point",
        "coordinates": [
          13.409779,
          52.520645
        ]
      }
    },
    {
      "type": "Feature",
      "properties": {
        "title": "OSZ Informations- und Medizintechnik",
        "ref": "08B04",
        "type": "Fachoberschule ( öffentlich )",
        "street": "Haarlemer Str. 23-27",
        "zip": "12359",
        "city": "Berlin",
        "district": "Britz",
        "center": [
          13.409779,
          52.520645
        ],
        "additions": [
          "Barrierefreie Toilette vorhanden, Behindertenparkplatz vorhanden, Fahrstuhl vorhanden, Zugang über Rampe möglich"
        ]
      },
      "geometry": {
        "type": "Point",
        "coordinates": [
          13.409779,
          52.520645
        ]
      }
    },
    {
      "type": "Feature",
      "properties": {
        "title": "OSZ Informations- und Medizintechnik",
        "ref": "08B04",
        "type": "Berufsoberschule ( öffentlich )",
        "street": "Haarlemer Str. 23-27",
        "zip": "12359",
        "city": "Berlin",
        "district": "Britz",
        "center": [
          13.409779,
          52.520645
        ],
        "additions": [
          "Barrierefreie Toilette vorhanden, Behindertenparkplatz vorhanden, Fahrstuhl vorhanden, Zugang über Rampe möglich"
        ]
      },
      "geometry": {
        "type": "Point",
        "coordinates": [
          13.409779,
          52.520645
        ]
      }
    },
    {
      "type": "Feature",
      "properties": {
        "title": "OSZ Informations- und Medizintechnik",
        "ref": "08B04",
        "type": "Berufsschule ( öffentlich )",
        "street": "Haarlemer Str. 23-27",
        "zip": "12359",
        "city": "Berlin",
        "district": "Britz",
        "center": [
          13.409779,
          52.520645
        ],
        "additions": [
          "Barrierefreie Toilette vorhanden, Behindertenparkplatz vorhanden, Fahrstuhl vorhanden, Zugang über Rampe möglich"
        ]
      },
      "geometry": {
        "type": "Point",
        "coordinates": [
          13.409779,
          52.520645
        ]
      }
    },
    {
      "type": "Feature",
      "properties": {
        "title": "OSZ Informations- und Medizintechnik",
        "ref": "08B04",
        "type": "Berufsfachschule ( öffentlich )",
        "street": "Haarlemer Str. 23-27",
        "zip": "12359",
        "city": "Berlin",
        "district": "Britz",
        "center": [
          13.409779,
          52.520645
        ],
        "additions": [
          "Barrierefreie Toilette vorhanden, Behindertenparkplatz vorhanden, Fahrstuhl vorhanden, Zugang über Rampe möglich"
        ]
      },
      "geometry": {
        "type": "Point",
        "coordinates": [
          13.409779,
          52.520645
        ]
      }
    },
    {
      "type": "Feature",
      "properties": {
        "title": "OSZ Informations- und Medizintechnik",
        "ref": "08B04",
        "type": "Fachschule ( öffentlich )",
        "street": "Haarlemer Str. 23-27",
        "zip": "12359",
        "city": "Berlin",
        "district": "Britz",
        "center": [
          13.409779,
          52.520645
        ],
        "additions": [
          "Barrierefreie Toilette vorhanden, Behindertenparkplatz vorhanden, Fahrstuhl vorhanden, Zugang über Rampe möglich"
        ]
      },
      "geometry": {
        "type": "Point",
        "coordinates": [
          13.409779,
          52.520645
        ]
      }
    },
    {
      "type": "Feature",
      "properties": {
        "title": "OSZ Kommunikations-, Informations- und Medientechnik",
        "ref": "01B03",
        "type": "Berufliches Gymnasium ( öffentlich )",
        "street": "Osloer Str. 23-26",
        "zip": "13359",
        "city": "Berlin",
        "district": "Gesundbrunnen",
        "center": [
          13.409779,
          52.520645
        ],
        "additions": [
          "Barrierefreie Toilette vorhanden, Behindertenparkplatz vorhanden, Fahrstuhl vorhanden, Zugang über Rampe möglich"
        ]
      },
      "geometry": {
        "type": "Point",
        "coordinates": [
          13.409779,
          52.520645
        ]
      }
    },
    {
      "type": "Feature",
      "properties": {
        "title": "OSZ Kommunikations-, Informations- und Medientechnik",
        "ref": "01B03",
        "type": "Berufsschule ( öffentlich )",
        "street": "Osloer Str. 23-26",
        "zip": "13359",
        "city": "Berlin",
        "district": "Gesundbrunnen",
        "center": [
          13.409779,
          52.520645
        ],
        "additions": [
          "Barrierefreie Toilette vorhanden, Behindertenparkplatz vorhanden, Fahrstuhl vorhanden, Zugang über Rampe möglich"
        ]
      },
      "geometry": {
        "type": "Point",
        "coordinates": [
          13.409779,
          52.520645
        ]
      }
    },
    {
      "type": "Feature",
      "properties": {
        "title": "OSZ Kommunikations-, Informations- und Medientechnik",
        "ref": "01B03",
        "type": "Fachoberschule ( öffentlich )",
        "street": "Osloer Str. 23-26",
        "zip": "13359",
        "city": "Berlin",
        "district": "Gesundbrunnen",
        "center": [
          13.409779,
          52.520645
        ],
        "additions": [
          "Barrierefreie Toilette vorhanden, Behindertenparkplatz vorhanden, Fahrstuhl vorhanden, Zugang über Rampe möglich"
        ]
      },
      "geometry": {
        "type": "Point",
        "coordinates": [
          13.409779,
          52.520645
        ]
      }
    },
    {
      "type": "Feature",
      "properties": {
        "title": "OSZ Kommunikations-, Informations- und Medientechnik",
        "ref": "01B03",
        "type": "Berufsfachschule ( öffentlich )",
        "street": "Osloer Str. 23-26",
        "zip": "13359",
        "city": "Berlin",
        "district": "Gesundbrunnen",
        "center": [
          13.409779,
          52.520645
        ],
        "additions": [
          "Barrierefreie Toilette vorhanden, Behindertenparkplatz vorhanden, Fahrstuhl vorhanden, Zugang über Rampe möglich"
        ]
      },
      "geometry": {
        "type": "Point",
        "coordinates": [
          13.409779,
          52.520645
        ]
      }
    },
    {
      "type": "Feature",
      "properties": {
        "title": "OSZ Kommunikations-, Informations- und Medientechnik",
        "ref": "01B03",
        "type": "Berufsoberschule ( öffentlich )",
        "street": "Osloer Str. 23-26",
        "zip": "13359",
        "city": "Berlin",
        "district": "Gesundbrunnen",
        "center": [
          13.409779,
          52.520645
        ],
        "additions": [
          "Barrierefreie Toilette vorhanden, Behindertenparkplatz vorhanden, Fahrstuhl vorhanden, Zugang über Rampe möglich"
        ]
      },
      "geometry": {
        "type": "Point",
        "coordinates": [
          13.409779,
          52.520645
        ]
      }
    },
    {
      "type": "Feature",
      "properties": {
        "title": "OSZ Kraftfahrzeugtechnik",
        "ref": "04B03",
        "type": "Berufsoberschule ( öffentlich )",
        "street": "Gierkeplatz 1-3",
        "zip": "10585",
        "city": "Berlin",
        "district": "Charlottenburg",
        "center": [
          13.409779,
          52.520645
        ],
        "additions": [
          "Barrierefreie Toilette vorhanden, Fahrstuhl vorhanden, Zugang über Rampe möglich"
        ]
      },
      "geometry": {
        "type": "Point",
        "coordinates": [
          13.409779,
          52.520645
        ]
      }
    },
    {
      "type": "Feature",
      "properties": {
        "title": "OSZ Kraftfahrzeugtechnik",
        "ref": "04B03",
        "type": "Fachoberschule ( öffentlich )",
        "street": "Gierkeplatz 1-3",
        "zip": "10585",
        "city": "Berlin",
        "district": "Charlottenburg",
        "center": [
          13.409779,
          52.520645
        ],
        "additions": [
          "Barrierefreie Toilette vorhanden, Fahrstuhl vorhanden, Zugang über Rampe möglich"
        ]
      },
      "geometry": {
        "type": "Point",
        "coordinates": [
          13.409779,
          52.520645
        ]
      }
    },
    {
      "type": "Feature",
      "properties": {
        "title": "OSZ Kraftfahrzeugtechnik",
        "ref": "04B03",
        "type": "Berufsschule ( öffentlich )",
        "street": "Gierkeplatz 1-3",
        "zip": "10585",
        "city": "Berlin",
        "district": "Charlottenburg",
        "center": [
          13.409779,
          52.520645
        ],
        "additions": [
          "Barrierefreie Toilette vorhanden, Fahrstuhl vorhanden, Zugang über Rampe möglich"
        ]
      },
      "geometry": {
        "type": "Point",
        "coordinates": [
          13.409779,
          52.520645
        ]
      }
    },
    {
      "type": "Feature",
      "properties": {
        "title": "OSZ Kraftfahrzeugtechnik",
        "ref": "04B03",
        "type": "Berufsfachschule ( öffentlich )",
        "street": "Gierkeplatz 1-3",
        "zip": "10585",
        "city": "Berlin",
        "district": "Charlottenburg",
        "center": [
          13.409779,
          52.520645
        ],
        "additions": [
          "Barrierefreie Toilette vorhanden, Fahrstuhl vorhanden, Zugang über Rampe möglich"
        ]
      },
      "geometry": {
        "type": "Point",
        "coordinates": [
          13.409779,
          52.520645
        ]
      }
    },
    {
      "type": "Feature",
      "properties": {
        "title": "OSZ Lotis (Logistik, Touristik und Steuern)",
        "ref": "07B03",
        "type": "Berufliches Gymnasium ( öffentlich )",
        "street": "Dudenstr. 35-37",
        "zip": "10965",
        "city": "Berlin",
        "district": "Tempelhof",
        "center": [
          13.409779,
          52.520645
        ],
        "additions": [
          "Barrierefreie Toilette vorhanden, Behindertenparkplatz vorhanden, Fahrstuhl vorhanden, Zugang über Rampe möglich"
        ]
      },
      "geometry": {
        "type": "Point",
        "coordinates": [
          13.409779,
          52.520645
        ]
      }
    },
    {
      "type": "Feature",
      "properties": {
        "title": "OSZ Lotis (Logistik, Touristik und Steuern)",
        "ref": "07B03",
        "type": "Berufsschule ( öffentlich )",
        "street": "Dudenstr. 35-37",
        "zip": "10965",
        "city": "Berlin",
        "district": "Tempelhof",
        "center": [
          13.409779,
          52.520645
        ],
        "additions": [
          "Barrierefreie Toilette vorhanden, Behindertenparkplatz vorhanden, Fahrstuhl vorhanden, Zugang über Rampe möglich"
        ]
      },
      "geometry": {
        "type": "Point",
        "coordinates": [
          13.409779,
          52.520645
        ]
      }
    },
    {
      "type": "Feature",
      "properties": {
        "title": "OSZ Lotis (Logistik, Touristik und Steuern)",
        "ref": "07B03",
        "type": "Berufsfachschule ( öffentlich )",
        "street": "Dudenstr. 35-37",
        "zip": "10965",
        "city": "Berlin",
        "district": "Tempelhof",
        "center": [
          13.409779,
          52.520645
        ],
        "additions": [
          "Barrierefreie Toilette vorhanden, Behindertenparkplatz vorhanden, Fahrstuhl vorhanden, Zugang über Rampe möglich"
        ]
      },
      "geometry": {
        "type": "Point",
        "coordinates": [
          13.409779,
          52.520645
        ]
      }
    },
    {
      "type": "Feature",
      "properties": {
        "title": "OSZ Lotis (Logistik, Touristik und Steuern)",
        "ref": "07B03",
        "type": "Fachoberschule ( öffentlich )",
        "street": "Dudenstr. 35-37",
        "zip": "10965",
        "city": "Berlin",
        "district": "Tempelhof",
        "center": [
          13.409779,
          52.520645
        ],
        "additions": [
          "Barrierefreie Toilette vorhanden, Behindertenparkplatz vorhanden, Fahrstuhl vorhanden, Zugang über Rampe möglich"
        ]
      },
      "geometry": {
        "type": "Point",
        "coordinates": [
          13.409779,
          52.520645
        ]
      }
    },
    {
      "type": "Feature",
      "properties": {
        "title": "OSZ Lotis (Logistik, Touristik und Steuern)",
        "ref": "07B03",
        "type": "Berufsoberschule ( öffentlich )",
        "street": "Dudenstr. 35-37",
        "zip": "10965",
        "city": "Berlin",
        "district": "Tempelhof",
        "center": [
          13.409779,
          52.520645
        ],
        "additions": [
          "Barrierefreie Toilette vorhanden, Behindertenparkplatz vorhanden, Fahrstuhl vorhanden, Zugang über Rampe möglich"
        ]
      },
      "geometry": {
        "type": "Point",
        "coordinates": [
          13.409779,
          52.520645
        ]
      }
    },
    {
      "type": "Feature",
      "properties": {
        "title": "OSZ TIEM (Technische Informatik, Industrieelektronik und EnergieManagement)",
        "ref": "05B01",
        "type": "Berufliches Gymnasium ( öffentlich )",
        "street": "Goldbeckweg 8-14",
        "zip": "13599",
        "city": "Berlin",
        "district": "Haselhorst",
        "center": [
          13.409779,
          52.520645
        ],
        "additions": [
          "Barrierefreie Toilette vorhanden, Fahrstuhl vorhanden, Zugang über Rampe möglich"
        ]
      },
      "geometry": {
        "type": "Point",
        "coordinates": [
          13.409779,
          52.520645
        ]
      }
    },
    {
      "type": "Feature",
      "properties": {
        "title": "OSZ TIEM (Technische Informatik, Industrieelektronik und EnergieManagement)",
        "ref": "05B01",
        "type": "Berufsschule ( öffentlich )",
        "street": "Goldbeckweg 8-14",
        "zip": "13599",
        "city": "Berlin",
        "district": "Haselhorst",
        "center": [
          13.409779,
          52.520645
        ],
        "additions": [
          "Barrierefreie Toilette vorhanden, Fahrstuhl vorhanden, Zugang über Rampe möglich"
        ]
      },
      "geometry": {
        "type": "Point",
        "coordinates": [
          13.409779,
          52.520645
        ]
      }
    },
    {
      "type": "Feature",
      "properties": {
        "title": "OSZ TIEM (Technische Informatik, Industrieelektronik und EnergieManagement)",
        "ref": "05B01",
        "type": "Fachoberschule ( öffentlich )",
        "street": "Goldbeckweg 8-14",
        "zip": "13599",
        "city": "Berlin",
        "district": "Haselhorst",
        "center": [
          13.409779,
          52.520645
        ],
        "additions": [
          "Barrierefreie Toilette vorhanden, Fahrstuhl vorhanden, Zugang über Rampe möglich"
        ]
      },
      "geometry": {
        "type": "Point",
        "coordinates": [
          13.409779,
          52.520645
        ]
      }
    },
    {
      "type": "Feature",
      "properties": {
        "title": "OSZ TIEM (Technische Informatik, Industrieelektronik und EnergieManagement)",
        "ref": "05B01",
        "type": "Berufsfachschule ( öffentlich )",
        "street": "Goldbeckweg 8-14",
        "zip": "13599",
        "city": "Berlin",
        "district": "Haselhorst",
        "center": [
          13.409779,
          52.520645
        ],
        "additions": [
          "Barrierefreie Toilette vorhanden, Fahrstuhl vorhanden, Zugang über Rampe möglich"
        ]
      },
      "geometry": {
        "type": "Point",
        "coordinates": [
          13.409779,
          52.520645
        ]
      }
    },
    {
      "type": "Feature",
      "properties": {
        "title": "Otfried-Preußler-Grundschule",
        "ref": "12G34",
        "type": "Grundschule ( öffentlich )",
        "street": "Schulzendorfer Str. 99",
        "zip": "13503",
        "city": "Berlin",
        "district": "Heiligensee",
        "center": [
          13.409779,
          52.520645
        ],
        "additions": [
          "Behindertenparkplatz vorhanden, Zugang über Rampe möglich"
        ]
      },
      "geometry": {
        "type": "Point",
        "coordinates": [
          13.409779,
          52.520645
        ]
      }
    },
    {
      "type": "Feature",
      "properties": {
        "title": "Otfried-Preußler-Grundschule",
        "ref": "12G34",
        "type": "Förderschwerp. - Geistige Entwicklung ( öffentlich )",
        "street": "Schulzendorfer Str. 99",
        "zip": "13503",
        "city": "Berlin",
        "district": "Heiligensee",
        "center": [
          13.409779,
          52.520645
        ],
        "additions": [
          "Behindertenparkplatz vorhanden, Zugang über Rampe möglich"
        ]
      },
      "geometry": {
        "type": "Point",
        "coordinates": [
          13.409779,
          52.520645
        ]
      }
    },
    {
      "type": "Feature",
      "properties": {
        "title": "Otto-Hahn-Schule",
        "ref": "08K03",
        "type": "Integrierte Sekundarschule ( öffentlich )",
        "street": "Buschkrugallee 63",
        "zip": "12359",
        "city": "Berlin",
        "district": "Britz",
        "center": [
          13.409779,
          52.520645
        ],
        "additions": [
          "Barrierefreie Toilette vorhanden, Behindertenparkplatz vorhanden, Fahrstuhl vorhanden, Zugang über Rampe möglich"
        ]
      },
      "geometry": {
        "type": "Point",
        "coordinates": [
          13.409779,
          52.520645
        ]
      }
    },
    {
      "type": "Feature",
      "properties": {
        "title": "Otto-Nagel-Gymnasium",
        "ref": "10Y02",
        "type": "Gymnasien ( öffentlich )",
        "street": "Schulstr. 11",
        "zip": "12683",
        "city": "Berlin",
        "district": "Biesdorf",
        "center": [
          13.409779,
          52.520645
        ],
        "additions": [
          "Barrierefreie Toilette vorhanden, Behindertenparkplatz vorhanden, Fahrstuhl vorhanden"
        ]
      },
      "geometry": {
        "type": "Point",
        "coordinates": [
          13.409779,
          52.520645
        ]
      }
    },
    {
      "type": "Feature",
      "properties": {
        "title": "Otto-von-Guericke-Schule (Integrierte Sekundarschule)",
        "ref": "04K09",
        "type": "Integrierte Sekundarschule ( öffentlich )",
        "street": "Eisenzahnstr. 47-48",
        "zip": "10709",
        "city": "Berlin",
        "district": "Wilmersdorf",
        "center": [
          13.409779,
          52.520645
        ],
        "additions": []
      },
      "geometry": {
        "type": "Point",
        "coordinates": [
          13.409779,
          52.520645
        ]
      }
    },
    {
      "type": "Feature",
      "properties": {
        "title": "Otto-Wels-Grundschule",
        "ref": "02G24",
        "type": "Grundschule ( öffentlich )",
        "street": "Alexandrinenstr. 12",
        "zip": "10969",
        "city": "Berlin",
        "district": "Kreuzberg",
        "center": [
          13.409779,
          52.520645
        ],
        "additions": [
          "Zugang über Rampe möglich"
        ]
      },
      "geometry": {
        "type": "Point",
        "coordinates": [
          13.409779,
          52.520645
        ]
      }
    },
    {
      "type": "Feature",
      "properties": {
        "title": "Paavo-Nurmi-Grundschule",
        "ref": "10G01",
        "type": "Grundschule ( öffentlich )",
        "street": "Schorfheidestr. 42",
        "zip": "12689",
        "city": "Berlin",
        "district": "Marzahn",
        "center": [
          13.409779,
          52.520645
        ],
        "additions": []
      },
      "geometry": {
        "type": "Point",
        "coordinates": [
          13.409779,
          52.520645
        ]
      }
    },
    {
      "type": "Feature",
      "properties": {
        "title": "Pädalogik GmbH - Fachschule für Sozialpädagogik",
        "ref": "11P17",
        "type": "Fachschule ( privat )",
        "street": "Rudolf-Seiffert-Str. 50A",
        "zip": "10369",
        "city": "Berlin",
        "district": "Fennpfuhl",
        "center": [
          13.409779,
          52.520645
        ],
        "additions": []
      },
      "geometry": {
        "type": "Point",
        "coordinates": [
          13.409779,
          52.520645
        ]
      }
    },
    {
      "type": "Feature",
      "properties": {
        "title": "Panke-Schule",
        "ref": "03S08",
        "type": "Förderschwerp. - Geistige Entwicklung ( öffentlich )",
        "street": "Galenusstr. 64",
        "zip": "13187",
        "city": "Berlin",
        "district": "Niederschönhausen",
        "center": [
          13.409779,
          52.520645
        ],
        "additions": [
          "Barrierefreie Toilette vorhanden, Behindertenparkplatz vorhanden, Fahrstuhl vorhanden"
        ]
      },
      "geometry": {
        "type": "Point",
        "coordinates": [
          13.409779,
          52.520645
        ]
      }
    },
    {
      "type": "Feature",
      "properties": {
        "title": "Papageno-Grundschule",
        "ref": "01G02",
        "type": "Grundschule ( öffentlich )",
        "street": "Bergstr. 58",
        "zip": "10115",
        "city": "Berlin",
        "district": "Mitte",
        "center": [
          13.409779,
          52.520645
        ],
        "additions": []
      },
      "geometry": {
        "type": "Point",
        "coordinates": [
          13.409779,
          52.520645
        ]
      }
    },
    {
      "type": "Feature",
      "properties": {
        "title": "Parzival-Schule",
        "ref": "06P07",
        "type": "Förderschwerp. - Geistige Entwicklung ( privat )",
        "street": "Quermatenweg 6",
        "zip": "14163",
        "city": "Berlin",
        "district": "Zehlendorf",
        "center": [
          13.409779,
          52.520645
        ],
        "additions": []
      },
      "geometry": {
        "type": "Point",
        "coordinates": [
          13.409779,
          52.520645
        ]
      }
    },
    {
      "type": "Feature",
      "properties": {
        "title": "Paula-Fürst-Schule (Gemeinschaftsschule)",
        "ref": "04K05",
        "type": "Gemeinschaftsschule ( öffentlich )",
        "street": "Sybelstr. 20-21",
        "zip": "10629",
        "city": "Berlin",
        "district": "Charlottenburg",
        "center": [
          13.409779,
          52.520645
        ],
        "additions": [
          "Barrierefreie Toilette vorhanden, Fahrstuhl vorhanden"
        ]
      },
      "geometry": {
        "type": "Point",
        "coordinates": [
          13.409779,
          52.520645
        ]
      }
    },
    {
      "type": "Feature",
      "properties": {
        "title": "Paul-Klee-Grundschule",
        "ref": "07G22",
        "type": "Grundschule ( öffentlich )",
        "street": "Konradinstr. 15-17",
        "zip": "12105",
        "city": "Berlin",
        "district": "Tempelhof",
        "center": [
          13.409779,
          52.520645
        ],
        "additions": []
      },
      "geometry": {
        "type": "Point",
        "coordinates": [
          13.409779,
          52.520645
        ]
      }
    },
    {
      "type": "Feature",
      "properties": {
        "title": "Paul-Lincke-Grundschule",
        "ref": "03G12",
        "type": "Grundschule ( öffentlich )",
        "street": "Pieskower Weg 39",
        "zip": "10409",
        "city": "Berlin",
        "district": "Prenzlauer Berg",
        "center": [
          13.409779,
          52.520645
        ],
        "additions": [
          "Zugang über Rampe möglich"
        ]
      },
      "geometry": {
        "type": "Point",
        "coordinates": [
          13.409779,
          52.520645
        ]
      }
    },
    {
      "type": "Feature",
      "properties": {
        "title": "Paul-Löbe-Schule",
        "ref": "12K04",
        "type": "Integrierte Sekundarschule ( öffentlich )",
        "street": "Lindauer Allee 23-25",
        "zip": "13407",
        "city": "Berlin",
        "district": "Reinickendorf",
        "center": [
          13.409779,
          52.520645
        ],
        "additions": []
      },
      "geometry": {
        "type": "Point",
        "coordinates": [
          13.409779,
          52.520645
        ]
      }
    },
    {
      "type": "Feature",
      "properties": {
        "title": "Paul-Moor-Grundschule",
        "ref": "05G21",
        "type": "Grundschule ( öffentlich )",
        "street": "Adamstr. 24-25",
        "zip": "13595",
        "city": "Berlin",
        "district": "Wilhelmstadt",
        "center": [
          13.409779,
          52.520645
        ],
        "additions": []
      },
      "geometry": {
        "type": "Point",
        "coordinates": [
          13.409779,
          52.520645
        ]
      }
    },
    {
      "type": "Feature",
      "properties": {
        "title": "Paul-Natorp-Gymnasium",
        "ref": "07Y04",
        "type": "Gymnasien ( öffentlich )",
        "street": "Goßlerstr. 13-15",
        "zip": "12161",
        "city": "Berlin",
        "district": "Friedenau",
        "center": [
          13.409779,
          52.520645
        ],
        "additions": [
          "Behindertenparkplatz vorhanden"
        ]
      },
      "geometry": {
        "type": "Point",
        "coordinates": [
          13.409779,
          52.520645
        ]
      }
    },
    {
      "type": "Feature",
      "properties": {
        "title": "Paul-Schmidt-Schule (Integrierte Sekundarschule)",
        "ref": "11K11",
        "type": "Integrierte Sekundarschule ( öffentlich )",
        "street": "Malchower Weg 54",
        "zip": "13053",
        "city": "Berlin",
        "district": "Alt-Hohenschönhausen",
        "center": [
          13.409779,
          52.520645
        ],
        "additions": []
      },
      "geometry": {
        "type": "Point",
        "coordinates": [
          13.409779,
          52.520645
        ]
      }
    },
    {
      "type": "Feature",
      "properties": {
        "title": "Paul-Schneider-Grundschule",
        "ref": "06G21",
        "type": "Grundschule ( öffentlich )",
        "street": "Seydlitzstr. 30-34",
        "zip": "12249",
        "city": "Berlin",
        "district": "Lankwitz",
        "center": [
          13.409779,
          52.520645
        ],
        "additions": []
      },
      "geometry": {
        "type": "Point",
        "coordinates": [
          13.409779,
          52.520645
        ]
      }
    },
    {
      "type": "Feature",
      "properties": {
        "title": "Paulsen-Gymnasium",
        "ref": "06Y07",
        "type": "Gymnasien ( öffentlich )",
        "street": "Gritznerstr. 57",
        "zip": "12163",
        "city": "Berlin",
        "district": "Steglitz",
        "center": [
          13.409779,
          52.520645
        ],
        "additions": []
      },
      "geometry": {
        "type": "Point",
        "coordinates": [
          13.409779,
          52.520645
        ]
      }
    },
    {
      "type": "Feature",
      "properties": {
        "title": "Paul-Simmel-Grundschule",
        "ref": "07G19",
        "type": "Grundschule ( öffentlich )",
        "street": "Felixstr. 26-58",
        "zip": "12099",
        "city": "Berlin",
        "district": "Tempelhof",
        "center": [
          13.409779,
          52.520645
        ],
        "additions": [
          "Behindertenparkplatz vorhanden"
        ]
      },
      "geometry": {
        "type": "Point",
        "coordinates": [
          13.409779,
          52.520645
        ]
      }
    },
    {
      "type": "Feature",
      "properties": {
        "title": "Paul-und-Charlotte-Kniese-Schule",
        "ref": "11S04",
        "type": "Förderschwerp. - Übrige ( öffentlich )",
        "street": "Erich-Kurz-Str. 6-10",
        "zip": "10319",
        "city": "Berlin",
        "district": "Friedrichsfelde",
        "center": [
          13.409779,
          52.520645
        ],
        "additions": [
          "Barrierefreie Toilette vorhanden, Fahrstuhl vorhanden, Zugang über Rampe möglich"
        ]
      },
      "geometry": {
        "type": "Point",
        "coordinates": [
          13.409779,
          52.520645
        ]
      }
    },
    {
      "type": "Feature",
      "properties": {
        "title": "Paul-und-Charlotte-Kniese-Schule",
        "ref": "11S04",
        "type": "Förderschwerp. - Geistige Entwicklung ( öffentlich )",
        "street": "Erich-Kurz-Str. 6-10",
        "zip": "10319",
        "city": "Berlin",
        "district": "Friedrichsfelde",
        "center": [
          13.409779,
          52.520645
        ],
        "additions": [
          "Barrierefreie Toilette vorhanden, Fahrstuhl vorhanden, Zugang über Rampe möglich"
        ]
      },
      "geometry": {
        "type": "Point",
        "coordinates": [
          13.409779,
          52.520645
        ]
      }
    },
    {
      "type": "Feature",
      "properties": {
        "title": "Paul-und-Charlotte-Kniese-Schule (Gemeinschaftsschule)",
        "ref": "11K12",
        "type": "Gemeinschaftsschule ( öffentlich )",
        "street": "Erich-Kurz-Str. 6-10",
        "zip": "10319",
        "city": "Berlin",
        "district": "Friedrichsfelde",
        "center": [
          13.409779,
          52.520645
        ],
        "additions": [
          "Barrierefreie Toilette vorhanden, Fahrstuhl vorhanden, Zugang über Rampe möglich"
        ]
      },
      "geometry": {
        "type": "Point",
        "coordinates": [
          13.409779,
          52.520645
        ]
      }
    },
    {
      "type": "Feature",
      "properties": {
        "title": "PepperMont Freie Sekundarschule für ganzheitliches Lernen",
        "ref": "03P45",
        "type": "Integrierte Sekundarschule ( privat )",
        "street": "Greifswalder Str. 88",
        "zip": "10409",
        "city": "Berlin",
        "district": "Prenzlauer Berg",
        "center": [
          13.409779,
          52.520645
        ],
        "additions": []
      },
      "geometry": {
        "type": "Point",
        "coordinates": [
          13.409779,
          52.520645
        ]
      }
    },
    {
      "type": "Feature",
      "properties": {
        "title": "Pestalozzi-Fröbel-Haus",
        "ref": "07P02",
        "type": "Fachschule ( privat )",
        "street": "Karl-Schrader-Str. 7-8",
        "zip": "10781",
        "city": "Berlin",
        "district": "Schöneberg",
        "center": [
          13.409779,
          52.520645
        ],
        "additions": []
      },
      "geometry": {
        "type": "Point",
        "coordinates": [
          13.409779,
          52.520645
        ]
      }
    },
    {
      "type": "Feature",
      "properties": {
        "title": "Pestalozzi-Fröbel-Haus",
        "ref": "07P02",
        "type": "Fachoberschule ( privat )",
        "street": "Karl-Schrader-Str. 7-8",
        "zip": "10781",
        "city": "Berlin",
        "district": "Schöneberg",
        "center": [
          13.409779,
          52.520645
        ],
        "additions": []
      },
      "geometry": {
        "type": "Point",
        "coordinates": [
          13.409779,
          52.520645
        ]
      }
    },
    {
      "type": "Feature",
      "properties": {
        "title": "Pestalozzi-Schule",
        "ref": "06S01",
        "type": "Förderschwerp. - Geistige Entwicklung ( öffentlich )",
        "street": "Hartmannsweilerweg 47",
        "zip": "14163",
        "city": "Berlin",
        "district": "Zehlendorf",
        "center": [
          13.409779,
          52.520645
        ],
        "additions": [
          "Barrierefreie Toilette vorhanden"
        ]
      },
      "geometry": {
        "type": "Point",
        "coordinates": [
          13.409779,
          52.520645
        ]
      }
    },
    {
      "type": "Feature",
      "properties": {
        "title": "Pestalozzi-Schule",
        "ref": "06S01",
        "type": "Förderschwerp. - Lernen ( öffentlich )",
        "street": "Hartmannsweilerweg 47",
        "zip": "14163",
        "city": "Berlin",
        "district": "Zehlendorf",
        "center": [
          13.409779,
          52.520645
        ],
        "additions": [
          "Barrierefreie Toilette vorhanden"
        ]
      },
      "geometry": {
        "type": "Point",
        "coordinates": [
          13.409779,
          52.520645
        ]
      }
    },
    {
      "type": "Feature",
      "properties": {
        "title": "Pestalozzi-Schule",
        "ref": "06S01",
        "type": "Grundschule ( öffentlich )",
        "street": "Hartmannsweilerweg 47",
        "zip": "14163",
        "city": "Berlin",
        "district": "Zehlendorf",
        "center": [
          13.409779,
          52.520645
        ],
        "additions": [
          "Barrierefreie Toilette vorhanden"
        ]
      },
      "geometry": {
        "type": "Point",
        "coordinates": [
          13.409779,
          52.520645
        ]
      }
    },
    {
      "type": "Feature",
      "properties": {
        "title": "Pestalozzi-Schule",
        "ref": "06S01",
        "type": "Integrierte Sekundarschule ( öffentlich )",
        "street": "Hartmannsweilerweg 47",
        "zip": "14163",
        "city": "Berlin",
        "district": "Zehlendorf",
        "center": [
          13.409779,
          52.520645
        ],
        "additions": [
          "Barrierefreie Toilette vorhanden"
        ]
      },
      "geometry": {
        "type": "Point",
        "coordinates": [
          13.409779,
          52.520645
        ]
      }
    },
    {
      "type": "Feature",
      "properties": {
        "title": "Peter-A.-Silbermann-Schule",
        "ref": "04A06",
        "type": "Zweiter Bildungsweg ( öffentlich )",
        "street": "Blissestr. 22",
        "zip": "10713",
        "city": "Berlin",
        "district": "Wilmersdorf",
        "center": [
          13.409779,
          52.520645
        ],
        "additions": [
          "Barrierefreie Toilette vorhanden, Fahrstuhl vorhanden"
        ]
      },
      "geometry": {
        "type": "Point",
        "coordinates": [
          13.409779,
          52.520645
        ]
      }
    },
    {
      "type": "Feature",
      "properties": {
        "title": "Peter-Frankenfeld-Schule",
        "ref": "06S03",
        "type": "Förderschwerp. - Geistige Entwicklung ( öffentlich )",
        "street": "Wedellstr. 26",
        "zip": "12247",
        "city": "Berlin",
        "district": "Lankwitz",
        "center": [
          13.409779,
          52.520645
        ],
        "additions": [
          "Barrierefreie Toilette vorhanden, Fahrstuhl vorhanden, Zugang über Rampe möglich"
        ]
      },
      "geometry": {
        "type": "Point",
        "coordinates": [
          13.409779,
          52.520645
        ]
      }
    },
    {
      "type": "Feature",
      "properties": {
        "title": "Peter-Härtling-Grundschule",
        "ref": "05G27",
        "type": "Grundschule ( öffentlich )",
        "street": "Falkenseer Damm 22",
        "zip": "13585",
        "city": "Berlin",
        "district": "Spandau",
        "center": [
          13.409779,
          52.520645
        ],
        "additions": [
          "Barrierefreie Toilette vorhanden, Behindertenparkplatz vorhanden, Fahrstuhl vorhanden"
        ]
      },
      "geometry": {
        "type": "Point",
        "coordinates": [
          13.409779,
          52.520645
        ]
      }
    },
    {
      "type": "Feature",
      "properties": {
        "title": "Peter-Lenné-Schule (OSZ Natur und Umwelt)",
        "ref": "06B01",
        "type": "Fachschule ( öffentlich )",
        "street": "Hartmannsweilerweg 29",
        "zip": "14163",
        "city": "Berlin",
        "district": "Zehlendorf",
        "center": [
          13.409779,
          52.520645
        ],
        "additions": [
          "Barrierefreie Toilette vorhanden, Zugang über Rampe möglich"
        ]
      },
      "geometry": {
        "type": "Point",
        "coordinates": [
          13.409779,
          52.520645
        ]
      }
    },
    {
      "type": "Feature",
      "properties": {
        "title": "Peter-Lenné-Schule (OSZ Natur und Umwelt)",
        "ref": "06B01",
        "type": "Berufsschule ( öffentlich )",
        "street": "Hartmannsweilerweg 29",
        "zip": "14163",
        "city": "Berlin",
        "district": "Zehlendorf",
        "center": [
          13.409779,
          52.520645
        ],
        "additions": [
          "Barrierefreie Toilette vorhanden, Zugang über Rampe möglich"
        ]
      },
      "geometry": {
        "type": "Point",
        "coordinates": [
          13.409779,
          52.520645
        ]
      }
    },
    {
      "type": "Feature",
      "properties": {
        "title": "Peter-Lenné-Schule (OSZ Natur und Umwelt)",
        "ref": "06B01",
        "type": "Fachoberschule ( öffentlich )",
        "street": "Hartmannsweilerweg 29",
        "zip": "14163",
        "city": "Berlin",
        "district": "Zehlendorf",
        "center": [
          13.409779,
          52.520645
        ],
        "additions": [
          "Barrierefreie Toilette vorhanden, Zugang über Rampe möglich"
        ]
      },
      "geometry": {
        "type": "Point",
        "coordinates": [
          13.409779,
          52.520645
        ]
      }
    },
    {
      "type": "Feature",
      "properties": {
        "title": "Peter-Lenné-Schule (OSZ Natur und Umwelt)",
        "ref": "06B01",
        "type": "Berufsfachschule ( öffentlich )",
        "street": "Hartmannsweilerweg 29",
        "zip": "14163",
        "city": "Berlin",
        "district": "Zehlendorf",
        "center": [
          13.409779,
          52.520645
        ],
        "additions": [
          "Barrierefreie Toilette vorhanden, Zugang über Rampe möglich"
        ]
      },
      "geometry": {
        "type": "Point",
        "coordinates": [
          13.409779,
          52.520645
        ]
      }
    },
    {
      "type": "Feature",
      "properties": {
        "title": "Peter-Lenné-Schule (OSZ Natur und Umwelt)",
        "ref": "06B01",
        "type": "Berufsoberschule ( öffentlich )",
        "street": "Hartmannsweilerweg 29",
        "zip": "14163",
        "city": "Berlin",
        "district": "Zehlendorf",
        "center": [
          13.409779,
          52.520645
        ],
        "additions": [
          "Barrierefreie Toilette vorhanden, Zugang über Rampe möglich"
        ]
      },
      "geometry": {
        "type": "Point",
        "coordinates": [
          13.409779,
          52.520645
        ]
      }
    },
    {
      "type": "Feature",
      "properties": {
        "title": "Peter-Pan-Grundschule",
        "ref": "10G10",
        "type": "Grundschule ( öffentlich )",
        "street": "Stolzenhagener Str. 9",
        "zip": "12679",
        "city": "Berlin",
        "district": "Marzahn",
        "center": [
          13.409779,
          52.520645
        ],
        "additions": [
          "Aufgrund von Sanierungsarbeiten befindet sich die Schule derzeit in der Landsberger Allee 467A, 12679 Berlin (vorerst für zwei Jahre geplant)"
        ]
      },
      "geometry": {
        "type": "Point",
        "coordinates": [
          13.409779,
          52.520645
        ]
      }
    },
    {
      "type": "Feature",
      "properties": {
        "title": "Peter-Ustinov-Schule",
        "ref": "04K08",
        "type": "Integrierte Sekundarschule ( öffentlich )",
        "street": "Kuno-Fischer-Str. 22-26",
        "zip": "14057",
        "city": "Berlin",
        "district": "Charlottenburg",
        "center": [
          13.409779,
          52.520645
        ],
        "additions": [
          "Barrierefreie Toilette vorhanden, Fahrstuhl vorhanden"
        ]
      },
      "geometry": {
        "type": "Point",
        "coordinates": [
          13.409779,
          52.520645
        ]
      }
    },
    {
      "type": "Feature",
      "properties": {
        "title": "Peter-Ustinov-Schule",
        "ref": "04K08",
        "type": "Zweiter Bildungsweg ( öffentlich )",
        "street": "Kuno-Fischer-Str. 22-26",
        "zip": "14057",
        "city": "Berlin",
        "district": "Charlottenburg",
        "center": [
          13.409779,
          52.520645
        ],
        "additions": [
          "Barrierefreie Toilette vorhanden, Fahrstuhl vorhanden"
        ]
      },
      "geometry": {
        "type": "Point",
        "coordinates": [
          13.409779,
          52.520645
        ]
      }
    },
    {
      "type": "Feature",
      "properties": {
        "title": "Peter-Witte-Grundschule",
        "ref": "12G10",
        "type": "Grundschule ( öffentlich )",
        "street": "Rathauspromenade 75",
        "zip": "13437",
        "city": "Berlin",
        "district": "Wittenau",
        "center": [
          13.409779,
          52.520645
        ],
        "additions": [
          "Barrierefreie Toilette vorhanden"
        ]
      },
      "geometry": {
        "type": "Point",
        "coordinates": [
          13.409779,
          52.520645
        ]
      }
    },
    {
      "type": "Feature",
      "properties": {
        "title": "Pettenkofer-Grundschule",
        "ref": "02G04",
        "type": "Grundschule ( öffentlich )",
        "street": "Pettenkoferstr. 20-24",
        "zip": "10247",
        "city": "Berlin",
        "district": "Friedrichshain",
        "center": [
          13.409779,
          52.520645
        ],
        "additions": []
      },
      "geometry": {
        "type": "Point",
        "coordinates": [
          13.409779,
          52.520645
        ]
      }
    },
    {
      "type": "Feature",
      "properties": {
        "title": "Pfefferwerk - Fachschule für Sozialpädagogik",
        "ref": "03P43",
        "type": "Fachschule ( privat )",
        "street": "Christinenstr. 18-19",
        "zip": "10119",
        "city": "Berlin",
        "district": "Prenzlauer Berg",
        "center": [
          13.409779,
          52.520645
        ],
        "additions": []
      },
      "geometry": {
        "type": "Point",
        "coordinates": [
          13.409779,
          52.520645
        ]
      }
    },
    {
      "type": "Feature",
      "properties": {
        "title": "Pflegeschule am Brandenburger Tor",
        "ref": "01E20",
        "type": "Sonstige Ergänzungsschule ( privat )",
        "street": "Wilhelmstr. 88",
        "zip": "10117",
        "city": "Berlin",
        "district": "Mitte",
        "center": [
          13.409779,
          52.520645
        ],
        "additions": []
      },
      "geometry": {
        "type": "Point",
        "coordinates": [
          13.409779,
          52.520645
        ]
      }
    },
    {
      "type": "Feature",
      "properties": {
        "title": "Philipp-Reis-Schule (Integrierte Sekundarschule)",
        "ref": "11K09",
        "type": "Integrierte Sekundarschule ( öffentlich )",
        "street": "Werneuchener Str. 15",
        "zip": "13055",
        "city": "Berlin",
        "district": "Alt-Hohenschönhausen",
        "center": [
          13.409779,
          52.520645
        ],
        "additions": [
          "Barrierefreie Toilette vorhanden"
        ]
      },
      "geometry": {
        "type": "Point",
        "coordinates": [
          13.409779,
          52.520645
        ]
      }
    },
    {
      "type": "Feature",
      "properties": {
        "title": "Phönix-Grundschule",
        "ref": "11G36",
        "type": "Grundschule ( öffentlich )",
        "street": "Wartiner Str. 6",
        "zip": "13057",
        "city": "Berlin",
        "district": "Neu-Hohenschönhausen",
        "center": [
          13.409779,
          52.520645
        ],
        "additions": []
      },
      "geometry": {
        "type": "Point",
        "coordinates": [
          13.409779,
          52.520645
        ]
      }
    },
    {
      "type": "Feature",
      "properties": {
        "title": "Picasso-Grundschule",
        "ref": "03G18",
        "type": "Grundschule ( öffentlich )",
        "street": "Gounodstr. 71",
        "zip": "13088",
        "city": "Berlin",
        "district": "Weißensee",
        "center": [
          13.409779,
          52.520645
        ],
        "additions": [
          "Barrierefreie Toilette vorhanden, Fahrstuhl vorhanden, Zugang über Rampe möglich"
        ]
      },
      "geometry": {
        "type": "Point",
        "coordinates": [
          13.409779,
          52.520645
        ]
      }
    },
    {
      "type": "Feature",
      "properties": {
        "title": "Platanengrundschule",
        "ref": "03G35",
        "type": "Grundschule ( öffentlich )",
        "street": "Hauptstr. 20",
        "zip": "13159",
        "city": "Berlin",
        "district": "Blankenfelde",
        "center": [
          13.409779,
          52.520645
        ],
        "additions": []
      },
      "geometry": {
        "type": "Point",
        "coordinates": [
          13.409779,
          52.520645
        ]
      }
    },
    {
      "type": "Feature",
      "properties": {
        "title": "Platanus Schule Berlin (Gemeinschaftsschule)",
        "ref": "03P28",
        "type": "Gemeinschaftsschule ( privat )",
        "street": "Berliner Str. 12",
        "zip": "13187",
        "city": "Berlin",
        "district": "Pankow",
        "center": [
          13.409779,
          52.520645
        ],
        "additions": []
      },
      "geometry": {
        "type": "Point",
        "coordinates": [
          13.409779,
          52.520645
        ]
      }
    },
    {
      "type": "Feature",
      "properties": {
        "title": "Platanus Schule Berlin (Gemeinschaftsschule)",
        "ref": "03P28",
        "type": "Grundschule ( privat )",
        "street": "Berliner Str. 12",
        "zip": "13187",
        "city": "Berlin",
        "district": "Pankow",
        "center": [
          13.409779,
          52.520645
        ],
        "additions": []
      },
      "geometry": {
        "type": "Point",
        "coordinates": [
          13.409779,
          52.520645
        ]
      }
    },
    {
      "type": "Feature",
      "properties": {
        "title": "PRESTIGE Kosmetikakademie",
        "ref": "04E41",
        "type": "Kosmetikschule ( privat )",
        "street": "Berliner Str. 53",
        "zip": "10713",
        "city": "Berlin",
        "district": "Wilmersdorf",
        "center": [
          13.409779,
          52.520645
        ],
        "additions": []
      },
      "geometry": {
        "type": "Point",
        "coordinates": [
          13.409779,
          52.520645
        ]
      }
    },
    {
      "type": "Feature",
      "properties": {
        "title": "Prignitz-Schule",
        "ref": "07S01",
        "type": "Förderschwerp. - Lernen ( öffentlich )",
        "street": "Pöppelmannstr. 2",
        "zip": "12157",
        "city": "Berlin",
        "district": "Schöneberg",
        "center": [
          13.409779,
          52.520645
        ],
        "additions": [
          "Barrierefreie Toilette vorhanden, Fahrstuhl vorhanden, Zugang über Rampe möglich"
        ]
      },
      "geometry": {
        "type": "Point",
        "coordinates": [
          13.409779,
          52.520645
        ]
      }
    },
    {
      "type": "Feature",
      "properties": {
        "title": "Prignitz-Schule",
        "ref": "07S01",
        "type": "Förderschwerp. - Übrige ( öffentlich )",
        "street": "Pöppelmannstr. 2",
        "zip": "12157",
        "city": "Berlin",
        "district": "Schöneberg",
        "center": [
          13.409779,
          52.520645
        ],
        "additions": [
          "Barrierefreie Toilette vorhanden, Fahrstuhl vorhanden, Zugang über Rampe möglich"
        ]
      },
      "geometry": {
        "type": "Point",
        "coordinates": [
          13.409779,
          52.520645
        ]
      }
    },
    {
      "type": "Feature",
      "properties": {
        "title": "Primo-Levi-Gymnasium",
        "ref": "03Y14",
        "type": "Gymnasien ( öffentlich )",
        "street": "Pistoriusstr. 133",
        "zip": "13086",
        "city": "Berlin",
        "district": "Weißensee",
        "center": [
          13.409779,
          52.520645
        ],
        "additions": []
      },
      "geometry": {
        "type": "Point",
        "coordinates": [
          13.409779,
          52.520645
        ]
      }
    },
    {
      "type": "Feature",
      "properties": {
        "title": "Primus Bildungscentren GmbH - Schule für Handwerk und Gestaltung",
        "ref": "03E16",
        "type": "Sonstige Ergänzungsschule ( privat )",
        "street": "Alt-Blankenburg 5",
        "zip": "13129",
        "city": "Berlin",
        "district": "Blankenburg",
        "center": [
          13.409779,
          52.520645
        ],
        "additions": []
      },
      "geometry": {
        "type": "Point",
        "coordinates": [
          13.409779,
          52.520645
        ]
      }
    },
    {
      "type": "Feature",
      "properties": {
        "title": "Private Goethe-Schulen",
        "ref": "12P07",
        "type": "Grundschule ( privat )",
        "street": "Wittenauer Str. 112",
        "zip": "13435",
        "city": "Berlin",
        "district": "Wittenau",
        "center": [
          13.409779,
          52.520645
        ],
        "additions": []
      },
      "geometry": {
        "type": "Point",
        "coordinates": [
          13.409779,
          52.520645
        ]
      }
    },
    {
      "type": "Feature",
      "properties": {
        "title": "Private Goethe-Schulen",
        "ref": "12P07",
        "type": "Gymnasien ( privat )",
        "street": "Wittenauer Str. 112",
        "zip": "13435",
        "city": "Berlin",
        "district": "Wittenau",
        "center": [
          13.409779,
          52.520645
        ],
        "additions": []
      },
      "geometry": {
        "type": "Point",
        "coordinates": [
          13.409779,
          52.520645
        ]
      }
    },
    {
      "type": "Feature",
      "properties": {
        "title": "Private Goethe-Schulen",
        "ref": "12P07",
        "type": "Integrierte Sekundarschule ( privat )",
        "street": "Wittenauer Str. 112",
        "zip": "13435",
        "city": "Berlin",
        "district": "Wittenau",
        "center": [
          13.409779,
          52.520645
        ],
        "additions": []
      },
      "geometry": {
        "type": "Point",
        "coordinates": [
          13.409779,
          52.520645
        ]
      }
    },
    {
      "type": "Feature",
      "properties": {
        "title": "Private Kant-Schule",
        "ref": "06P11",
        "type": "Integrierte Sekundarschule ( privat )",
        "street": "Körnerstr. 11",
        "zip": "12169",
        "city": "Berlin",
        "district": "Steglitz",
        "center": [
          13.409779,
          52.520645
        ],
        "additions": [
          "Filiale: Körnerstr. 49, 12157 Berlin (Grundschulteil), Barrierefreie Toilette vorhanden, Behindertenparkplatz vorhanden, Fahrstuhl vorhanden, Zugang über Rampe möglich"
        ]
      },
      "geometry": {
        "type": "Point",
        "coordinates": [
          13.409779,
          52.520645
        ]
      }
    },
    {
      "type": "Feature",
      "properties": {
        "title": "Private Kant-Schule",
        "ref": "06P11",
        "type": "Grundschule ( privat )",
        "street": "Körnerstr. 11",
        "zip": "12169",
        "city": "Berlin",
        "district": "Steglitz",
        "center": [
          13.409779,
          52.520645
        ],
        "additions": [
          "Filiale: Körnerstr. 49, 12157 Berlin (Grundschulteil), Barrierefreie Toilette vorhanden, Behindertenparkplatz vorhanden, Fahrstuhl vorhanden, Zugang über Rampe möglich"
        ]
      },
      "geometry": {
        "type": "Point",
        "coordinates": [
          13.409779,
          52.520645
        ]
      }
    },
    {
      "type": "Feature",
      "properties": {
        "title": "Private Kant-Schule",
        "ref": "04E55",
        "type": "Sonstige Ergänzungsschule ( privat )",
        "street": "Lentzeallee 8-14",
        "zip": "14195",
        "city": "Berlin",
        "district": "Schmargendorf",
        "center": [
          13.409779,
          52.520645
        ],
        "additions": []
      },
      "geometry": {
        "type": "Point",
        "coordinates": [
          13.409779,
          52.520645
        ]
      }
    },
    {
      "type": "Feature",
      "properties": {
        "title": "Private Kant-Schule - Berlin International School",
        "ref": "04P42",
        "type": "Integrierte Sekundarschule ( privat )",
        "street": "Lentzeallee 8-14",
        "zip": "14195",
        "city": "Berlin",
        "district": "Schmargendorf",
        "center": [
          13.409779,
          52.520645
        ],
        "additions": []
      },
      "geometry": {
        "type": "Point",
        "coordinates": [
          13.409779,
          52.520645
        ]
      }
    },
    {
      "type": "Feature",
      "properties": {
        "title": "Private Kant-Schule - Berlin International School",
        "ref": "04P42",
        "type": "Grundschule ( privat )",
        "street": "Lentzeallee 8-14",
        "zip": "14195",
        "city": "Berlin",
        "district": "Schmargendorf",
        "center": [
          13.409779,
          52.520645
        ],
        "additions": []
      },
      "geometry": {
        "type": "Point",
        "coordinates": [
          13.409779,
          52.520645
        ]
      }
    },
    {
      "type": "Feature",
      "properties": {
        "title": "Private Kant-Schule (Grundschule)",
        "ref": "06P10",
        "type": "Grundschule ( privat )",
        "street": "Grunewaldstr. 44",
        "zip": "12165",
        "city": "Berlin",
        "district": "Steglitz",
        "center": [
          13.409779,
          52.520645
        ],
        "additions": []
      },
      "geometry": {
        "type": "Point",
        "coordinates": [
          13.409779,
          52.520645
        ]
      }
    },
    {
      "type": "Feature",
      "properties": {
        "title": "Private Musikschule Johannes Knebel",
        "ref": "06E08",
        "type": "Künstlerische Schule ( privat )",
        "street": "Zerbster Str. 9",
        "zip": "12209",
        "city": "Berlin",
        "district": "Lankwitz",
        "center": [
          13.409779,
          52.520645
        ],
        "additions": [
          "Behindertenparkplatz vorhanden"
        ]
      },
      "geometry": {
        "type": "Point",
        "coordinates": [
          13.409779,
          52.520645
        ]
      }
    },
    {
      "type": "Feature",
      "properties": {
        "title": "Privates Europa-Gymnasium Berlin",
        "ref": "04P47",
        "type": "Gymnasien ( privat )",
        "street": "Haubachstr. 5",
        "zip": "10585",
        "city": "Berlin",
        "district": "Charlottenburg",
        "center": [
          13.409779,
          52.520645
        ],
        "additions": []
      },
      "geometry": {
        "type": "Point",
        "coordinates": [
          13.409779,
          52.520645
        ]
      }
    },
    {
      "type": "Feature",
      "properties": {
        "title": "Pro Inklusio - Fachschule für Sozialpädagogik",
        "ref": "02P22",
        "type": "Fachschule ( privat )",
        "street": "Muskauer Str. 53",
        "zip": "10997",
        "city": "Berlin",
        "district": "Kreuzberg",
        "center": [
          13.409779,
          52.520645
        ],
        "additions": []
      },
      "geometry": {
        "type": "Point",
        "coordinates": [
          13.409779,
          52.520645
        ]
      }
    },
    {
      "type": "Feature",
      "properties": {
        "title": "procon College",
        "ref": "02P31",
        "type": "Fachschule ( privat )",
        "street": "Stresemannstr. 78",
        "zip": "10963",
        "city": "Berlin",
        "district": "Kreuzberg",
        "center": [
          13.409779,
          52.520645
        ],
        "additions": []
      },
      "geometry": {
        "type": "Point",
        "coordinates": [
          13.409779,
          52.520645
        ]
      }
    },
    {
      "type": "Feature",
      "properties": {
        "title": "PRO-STAGE Berlin GmbH",
        "ref": "02E41",
        "type": "Künstlerische Schule ( privat )",
        "street": "Blücherstr. 22",
        "zip": "10961",
        "city": "Berlin",
        "district": "Kreuzberg",
        "center": [
          13.409779,
          52.520645
        ],
        "additions": []
      },
      "geometry": {
        "type": "Point",
        "coordinates": [
          13.409779,
          52.520645
        ]
      }
    },
    {
      "type": "Feature",
      "properties": {
        "title": "Pusteblume-Grundschule",
        "ref": "10G18",
        "type": "Grundschule ( öffentlich )",
        "street": "Kastanienallee 118",
        "zip": "12627",
        "city": "Berlin",
        "district": "Hellersdorf",
        "center": [
          13.409779,
          52.520645
        ],
        "additions": [
          "Barrierefreie Toilette vorhanden, Behindertenparkplatz vorhanden, Fahrstuhl vorhanden, Zugang über Rampe möglich"
        ]
      },
      "geometry": {
        "type": "Point",
        "coordinates": [
          13.409779,
          52.520645
        ]
      }
    },
    {
      "type": "Feature",
      "properties": {
        "title": "Quentin-Blake-Grundschule",
        "ref": "06G12",
        "type": "Grundschule ( öffentlich )",
        "street": "Hüttenweg 40",
        "zip": "14195",
        "city": "Berlin",
        "district": "Dahlem",
        "center": [
          13.409779,
          52.520645
        ],
        "additions": [
          "Barrierefreie Toilette vorhanden, Zugang über Rampe möglich"
        ]
      },
      "geometry": {
        "type": "Point",
        "coordinates": [
          13.409779,
          52.520645
        ]
      }
    },
    {
      "type": "Feature",
      "properties": {
        "title": "Quinoa-Schule Freie Sekundarschule Berlin Wedding",
        "ref": "01P49",
        "type": "Integrierte Sekundarschule ( privat )",
        "street": "Kühnemannstr. 26",
        "zip": "13409",
        "city": "Berlin",
        "district": "Gesundbrunnen",
        "center": [
          13.409779,
          52.520645
        ],
        "additions": [
          "Barrierefreie Toilette vorhanden, Fahrstuhl vorhanden, Zugang über Rampe möglich"
        ]
      },
      "geometry": {
        "type": "Point",
        "coordinates": [
          13.409779,
          52.520645
        ]
      }
    },
    {
      "type": "Feature",
      "properties": {
        "title": "Rackow-Schulen Berlin",
        "ref": "04P20",
        "type": "Berufsfachschule ( privat )",
        "street": "Fasanenstr. 81",
        "zip": "10623",
        "city": "Berlin",
        "district": "Charlottenburg",
        "center": [
          13.409779,
          52.520645
        ],
        "additions": [
          "Fahrstuhl vorhanden"
        ]
      },
      "geometry": {
        "type": "Point",
        "coordinates": [
          13.409779,
          52.520645
        ]
      }
    },
    {
      "type": "Feature",
      "properties": {
        "title": "Rackow-Schulen Berlin",
        "ref": "04P20",
        "type": "Fachoberschule ( privat )",
        "street": "Fasanenstr. 81",
        "zip": "10623",
        "city": "Berlin",
        "district": "Charlottenburg",
        "center": [
          13.409779,
          52.520645
        ],
        "additions": [
          "Fahrstuhl vorhanden"
        ]
      },
      "geometry": {
        "type": "Point",
        "coordinates": [
          13.409779,
          52.520645
        ]
      }
    },
    {
      "type": "Feature",
      "properties": {
        "title": "Rackow-Schulen Berlin",
        "ref": "04P20",
        "type": "Berufsoberschule ( privat )",
        "street": "Fasanenstr. 81",
        "zip": "10623",
        "city": "Berlin",
        "district": "Charlottenburg",
        "center": [
          13.409779,
          52.520645
        ],
        "additions": [
          "Fahrstuhl vorhanden"
        ]
      },
      "geometry": {
        "type": "Point",
        "coordinates": [
          13.409779,
          52.520645
        ]
      }
    },
    {
      "type": "Feature",
      "properties": {
        "title": "Rackow-Schulen Berlin",
        "ref": "04P20",
        "type": "Fachschule ( privat )",
        "street": "Fasanenstr. 81",
        "zip": "10623",
        "city": "Berlin",
        "district": "Charlottenburg",
        "center": [
          13.409779,
          52.520645
        ],
        "additions": [
          "Fahrstuhl vorhanden"
        ]
      },
      "geometry": {
        "type": "Point",
        "coordinates": [
          13.409779,
          52.520645
        ]
      }
    },
    {
      "type": "Feature",
      "properties": {
        "title": "Rackow-Schulen Berlin",
        "ref": "04P20",
        "type": "Berufsschule ( privat )",
        "street": "Fasanenstr. 81",
        "zip": "10623",
        "city": "Berlin",
        "district": "Charlottenburg",
        "center": [
          13.409779,
          52.520645
        ],
        "additions": [
          "Fahrstuhl vorhanden"
        ]
      },
      "geometry": {
        "type": "Point",
        "coordinates": [
          13.409779,
          52.520645
        ]
      }
    },
    {
      "type": "Feature",
      "properties": {
        "title": "Rahel-Hirsch-Schule (OSZ Gesundheit/Medizin)",
        "ref": "10B02",
        "type": "Fachoberschule ( öffentlich )",
        "street": "Peter-Weiss-Gasse 8",
        "zip": "12627",
        "city": "Berlin",
        "district": "Hellersdorf",
        "center": [
          13.409779,
          52.520645
        ],
        "additions": [
          "Barrierefreie Toilette vorhanden, Behindertenparkplatz vorhanden, Fahrstuhl vorhanden, Zugang über Rampe möglich"
        ]
      },
      "geometry": {
        "type": "Point",
        "coordinates": [
          13.409779,
          52.520645
        ]
      }
    },
    {
      "type": "Feature",
      "properties": {
        "title": "Rahel-Hirsch-Schule (OSZ Gesundheit/Medizin)",
        "ref": "10B02",
        "type": "Berufsschule ( öffentlich )",
        "street": "Peter-Weiss-Gasse 8",
        "zip": "12627",
        "city": "Berlin",
        "district": "Hellersdorf",
        "center": [
          13.409779,
          52.520645
        ],
        "additions": [
          "Barrierefreie Toilette vorhanden, Behindertenparkplatz vorhanden, Fahrstuhl vorhanden, Zugang über Rampe möglich"
        ]
      },
      "geometry": {
        "type": "Point",
        "coordinates": [
          13.409779,
          52.520645
        ]
      }
    },
    {
      "type": "Feature",
      "properties": {
        "title": "Rahel-Hirsch-Schule (OSZ Gesundheit/Medizin)",
        "ref": "10B02",
        "type": "Berufsfachschule ( öffentlich )",
        "street": "Peter-Weiss-Gasse 8",
        "zip": "12627",
        "city": "Berlin",
        "district": "Hellersdorf",
        "center": [
          13.409779,
          52.520645
        ],
        "additions": [
          "Barrierefreie Toilette vorhanden, Behindertenparkplatz vorhanden, Fahrstuhl vorhanden, Zugang über Rampe möglich"
        ]
      },
      "geometry": {
        "type": "Point",
        "coordinates": [
          13.409779,
          52.520645
        ]
      }
    },
    {
      "type": "Feature",
      "properties": {
        "title": "Rahel-Hirsch-Schule (OSZ Gesundheit/Medizin)",
        "ref": "10B02",
        "type": "Berufsoberschule ( öffentlich )",
        "street": "Peter-Weiss-Gasse 8",
        "zip": "12627",
        "city": "Berlin",
        "district": "Hellersdorf",
        "center": [
          13.409779,
          52.520645
        ],
        "additions": [
          "Barrierefreie Toilette vorhanden, Behindertenparkplatz vorhanden, Fahrstuhl vorhanden, Zugang über Rampe möglich"
        ]
      },
      "geometry": {
        "type": "Point",
        "coordinates": [
          13.409779,
          52.520645
        ]
      }
    },
    {
      "type": "Feature",
      "properties": {
        "title": "Rahel-Hirsch-Schule (OSZ Gesundheit/Medizin)",
        "ref": "10B02",
        "type": "Berufliches Gymnasium ( öffentlich )",
        "street": "Peter-Weiss-Gasse 8",
        "zip": "12627",
        "city": "Berlin",
        "district": "Hellersdorf",
        "center": [
          13.409779,
          52.520645
        ],
        "additions": [
          "Barrierefreie Toilette vorhanden, Behindertenparkplatz vorhanden, Fahrstuhl vorhanden, Zugang über Rampe möglich"
        ]
      },
      "geometry": {
        "type": "Point",
        "coordinates": [
          13.409779,
          52.520645
        ]
      }
    },
    {
      "type": "Feature",
      "properties": {
        "title": "Randow-Schule (Grundschule)",
        "ref": "11G26",
        "type": "Grundschule ( öffentlich )",
        "street": "Wustrower Str. 22",
        "zip": "13051",
        "city": "Berlin",
        "district": "Neu-Hohenschönhausen",
        "center": [
          13.409779,
          52.520645
        ],
        "additions": [
          "Barrierefreie Toilette vorhanden"
        ]
      },
      "geometry": {
        "type": "Point",
        "coordinates": [
          13.409779,
          52.520645
        ]
      }
    },
    {
      "type": "Feature",
      "properties": {
        "title": "REDUTA Berlin-Schauspielschule für Theater und Film",
        "ref": "02E11",
        "type": "Künstlerische Schule ( privat )",
        "street": "Gneisenaustr. 41",
        "zip": "10961",
        "city": "Berlin",
        "district": "Kreuzberg",
        "center": [
          13.409779,
          52.520645
        ],
        "additions": []
      },
      "geometry": {
        "type": "Point",
        "coordinates": [
          13.409779,
          52.520645
        ]
      }
    },
    {
      "type": "Feature",
      "properties": {
        "title": "Refik-Veseli-Schule (Integrierte Sekundarschule)",
        "ref": "02K08",
        "type": "Integrierte Sekundarschule ( öffentlich )",
        "street": "Skalitzer Str. 55",
        "zip": "10997",
        "city": "Berlin",
        "district": "Kreuzberg",
        "center": [
          13.409779,
          52.520645
        ],
        "additions": [
          "Barrierefreie Toilette vorhanden, Fahrstuhl vorhanden, Zugang über Rampe möglich"
        ]
      },
      "geometry": {
        "type": "Point",
        "coordinates": [
          13.409779,
          52.520645
        ]
      }
    },
    {
      "type": "Feature",
      "properties": {
        "title": "Refik-Veseli-Schule (Integrierte Sekundarschule)",
        "ref": "02K08",
        "type": "Zweiter Bildungsweg ( öffentlich )",
        "street": "Skalitzer Str. 55",
        "zip": "10997",
        "city": "Berlin",
        "district": "Kreuzberg",
        "center": [
          13.409779,
          52.520645
        ],
        "additions": [
          "Barrierefreie Toilette vorhanden, Fahrstuhl vorhanden, Zugang über Rampe möglich"
        ]
      },
      "geometry": {
        "type": "Point",
        "coordinates": [
          13.409779,
          52.520645
        ]
      }
    },
    {
      "type": "Feature",
      "properties": {
        "title": "Regenbogen-Schule (Grundschule)",
        "ref": "08G09",
        "type": "Grundschule ( öffentlich )",
        "street": "Morusstr. 32",
        "zip": "12053",
        "city": "Berlin",
        "district": "Neukölln",
        "center": [
          13.409779,
          52.520645
        ],
        "additions": [
          "Barrierefreie Toilette vorhanden, Behindertenparkplatz vorhanden, Fahrstuhl vorhanden, Zugang über Rampe möglich"
        ]
      },
      "geometry": {
        "type": "Point",
        "coordinates": [
          13.409779,
          52.520645
        ]
      }
    },
    {
      "type": "Feature",
      "properties": {
        "title": "Reginhard-Grundschule",
        "ref": "12G03",
        "type": "Grundschule ( öffentlich )",
        "street": "Letteallee 39-41",
        "zip": "13409",
        "city": "Berlin",
        "district": "Reinickendorf",
        "center": [
          13.409779,
          52.520645
        ],
        "additions": [
          "Barrierefreie Toilette vorhanden, Behindertenparkplatz vorhanden, Fahrstuhl vorhanden, Zugang über Rampe möglich"
        ]
      },
      "geometry": {
        "type": "Point",
        "coordinates": [
          13.409779,
          52.520645
        ]
      }
    },
    {
      "type": "Feature",
      "properties": {
        "title": "Reineke-Fuchs-Grundschule",
        "ref": "12G30",
        "type": "Grundschule ( öffentlich )",
        "street": "Foxweg 15",
        "zip": "13403",
        "city": "Berlin",
        "district": "Reinickendorf",
        "center": [
          13.409779,
          52.520645
        ],
        "additions": [
          "Barrierefreie Toilette vorhanden, Zugang über Rampe möglich"
        ]
      },
      "geometry": {
        "type": "Point",
        "coordinates": [
          13.409779,
          52.520645
        ]
      }
    },
    {
      "type": "Feature",
      "properties": {
        "title": "Reinfelder-Schule",
        "ref": "04S04",
        "type": "Förderschwerp. - Übrige ( öffentlich )",
        "street": "Maikäferpfad 30",
        "zip": "14055",
        "city": "Berlin",
        "district": "Westend",
        "center": [
          13.409779,
          52.520645
        ],
        "additions": []
      },
      "geometry": {
        "type": "Point",
        "coordinates": [
          13.409779,
          52.520645
        ]
      }
    },
    {
      "type": "Feature",
      "properties": {
        "title": "Reinfelder-Schule",
        "ref": "04S04",
        "type": "Grundschule ( öffentlich )",
        "street": "Maikäferpfad 30",
        "zip": "14055",
        "city": "Berlin",
        "district": "Westend",
        "center": [
          13.409779,
          52.520645
        ],
        "additions": []
      },
      "geometry": {
        "type": "Point",
        "coordinates": [
          13.409779,
          52.520645
        ]
      }
    },
    {
      "type": "Feature",
      "properties": {
        "title": "Reinhardswald-Grundschule",
        "ref": "02G21",
        "type": "Grundschule ( öffentlich )",
        "street": "Gneisenaustr. 73-74",
        "zip": "10961",
        "city": "Berlin",
        "district": "Kreuzberg",
        "center": [
          13.409779,
          52.520645
        ],
        "additions": [
          "Zugang über Rampe möglich"
        ]
      },
      "geometry": {
        "type": "Point",
        "coordinates": [
          13.409779,
          52.520645
        ]
      }
    },
    {
      "type": "Feature",
      "properties": {
        "title": "Reinhold-Burger-Schule",
        "ref": "03K06",
        "type": "Integrierte Sekundarschule ( öffentlich )",
        "street": "Neue Schönholzer Str. 32",
        "zip": "13187",
        "city": "Berlin",
        "district": "Pankow",
        "center": [
          13.409779,
          52.520645
        ],
        "additions": []
      },
      "geometry": {
        "type": "Point",
        "coordinates": [
          13.409779,
          52.520645
        ]
      }
    },
    {
      "type": "Feature",
      "properties": {
        "title": "Reinhold-Otto-Grundschule",
        "ref": "04G14",
        "type": "Grundschule ( öffentlich )",
        "street": "Leistikowstr. 7-8",
        "zip": "14050",
        "city": "Berlin",
        "district": "Westend",
        "center": [
          13.409779,
          52.520645
        ],
        "additions": []
      },
      "geometry": {
        "type": "Point",
        "coordinates": [
          13.409779,
          52.520645
        ]
      }
    },
    {
      "type": "Feature",
      "properties": {
        "title": "Renée-Sintenis-Grundschule",
        "ref": "12G24",
        "type": "Grundschule ( öffentlich )",
        "street": "Laurinsteig 39-45",
        "zip": "13465",
        "city": "Berlin",
        "district": "Frohnau",
        "center": [
          13.409779,
          52.520645
        ],
        "additions": [
          "Barrierefreie Toilette vorhanden, Fahrstuhl vorhanden, Zugang über Rampe möglich"
        ]
      },
      "geometry": {
        "type": "Point",
        "coordinates": [
          13.409779,
          52.520645
        ]
      }
    },
    {
      "type": "Feature",
      "properties": {
        "title": "Rheingau-Gymnasium",
        "ref": "07Y03",
        "type": "Gymnasien ( öffentlich )",
        "street": "Schwalbacher Str. 3-4",
        "zip": "12161",
        "city": "Berlin",
        "district": "Friedenau",
        "center": [
          13.409779,
          52.520645
        ],
        "additions": [
          "Fahrstuhl vorhanden"
        ]
      },
      "geometry": {
        "type": "Point",
        "coordinates": [
          13.409779,
          52.520645
        ]
      }
    },
    {
      "type": "Feature",
      "properties": {
        "title": "Richard-Schule (Grundschule)",
        "ref": "08G17",
        "type": "Grundschule ( öffentlich )",
        "street": "Richardplatz 14",
        "zip": "12055",
        "city": "Berlin",
        "district": "Neukölln",
        "center": [
          13.409779,
          52.520645
        ],
        "additions": []
      },
      "geometry": {
        "type": "Point",
        "coordinates": [
          13.409779,
          52.520645
        ]
      }
    },
    {
      "type": "Feature",
      "properties": {
        "title": "Richard-Wagner-Schule (Grundschule)",
        "ref": "11G14",
        "type": "Grundschule ( öffentlich )",
        "street": "Ehrenfelsstr. 36",
        "zip": "10318",
        "city": "Berlin",
        "district": "Karlshorst",
        "center": [
          13.409779,
          52.520645
        ],
        "additions": [
          "Barrierefreie Toilette vorhanden"
        ]
      },
      "geometry": {
        "type": "Point",
        "coordinates": [
          13.409779,
          52.520645
        ]
      }
    },
    {
      "type": "Feature",
      "properties": {
        "title": "Ringelnatz-Grundschule",
        "ref": "12G11",
        "type": "Grundschule ( öffentlich )",
        "street": "Wilhelm-Gericke-Str. 7-13",
        "zip": "13437",
        "city": "Berlin",
        "district": "Wittenau",
        "center": [
          13.409779,
          52.520645
        ],
        "additions": [
          "Barrierefreie Toilette vorhanden"
        ]
      },
      "geometry": {
        "type": "Point",
        "coordinates": [
          13.409779,
          52.520645
        ]
      }
    },
    {
      "type": "Feature",
      "properties": {
        "title": "Rixdorfer Schule (Grundschule)",
        "ref": "08G01",
        "type": "Grundschule ( öffentlich )",
        "street": "Donaustr. 120",
        "zip": "12043",
        "city": "Berlin",
        "district": "Neukölln",
        "center": [
          13.409779,
          52.520645
        ],
        "additions": []
      },
      "geometry": {
        "type": "Point",
        "coordinates": [
          13.409779,
          52.520645
        ]
      }
    },
    {
      "type": "Feature",
      "properties": {
        "title": "Robert-Blum-Gymnasium",
        "ref": "07Y01",
        "type": "Gymnasien ( öffentlich )",
        "street": "Kolonnenstr. 21",
        "zip": "10829",
        "city": "Berlin",
        "district": "Schöneberg",
        "center": [
          13.409779,
          52.520645
        ],
        "additions": []
      },
      "geometry": {
        "type": "Point",
        "coordinates": [
          13.409779,
          52.520645
        ]
      }
    },
    {
      "type": "Feature",
      "properties": {
        "title": "Robert-Havemann-Gymnasium",
        "ref": "03Y16",
        "type": "Gymnasien ( öffentlich )",
        "street": "Achillesstr. 79",
        "zip": "13125",
        "city": "Berlin",
        "district": "Karow",
        "center": [
          13.409779,
          52.520645
        ],
        "additions": [
          "Zugang über Rampe möglich"
        ]
      },
      "geometry": {
        "type": "Point",
        "coordinates": [
          13.409779,
          52.520645
        ]
      }
    },
    {
      "type": "Feature",
      "properties": {
        "title": "Robert-Jungk-Schule",
        "ref": "04K03",
        "type": "Integrierte Sekundarschule ( öffentlich )",
        "street": "Sächsische Str. 58",
        "zip": "10707",
        "city": "Berlin",
        "district": "Wilmersdorf",
        "center": [
          13.409779,
          52.520645
        ],
        "additions": [
          "Barrierefreie Toilette vorhanden, Fahrstuhl vorhanden, Zugang über Rampe möglich"
        ]
      },
      "geometry": {
        "type": "Point",
        "coordinates": [
          13.409779,
          52.520645
        ]
      }
    },
    {
      "type": "Feature",
      "properties": {
        "title": "Robert-Koch-Gymnasium",
        "ref": "02Y07",
        "type": "Gymnasien ( öffentlich )",
        "street": "Dieffenbachstr. 60",
        "zip": "10967",
        "city": "Berlin",
        "district": "Kreuzberg",
        "center": [
          13.409779,
          52.520645
        ],
        "additions": []
      },
      "geometry": {
        "type": "Point",
        "coordinates": [
          13.409779,
          52.520645
        ]
      }
    },
    {
      "type": "Feature",
      "properties": {
        "title": "Robert-Reinick-Grundschule",
        "ref": "05G11",
        "type": "Grundschule ( öffentlich )",
        "street": "Jungfernheideweg 33-49",
        "zip": "13629",
        "city": "Berlin",
        "district": "Siemensstadt",
        "center": [
          13.409779,
          52.520645
        ],
        "additions": [
          "Barrierefreie Toilette vorhanden, Behindertenparkplatz vorhanden, Fahrstuhl vorhanden, Zugang über Rampe möglich"
        ]
      },
      "geometry": {
        "type": "Point",
        "coordinates": [
          13.409779,
          52.520645
        ]
      }
    },
    {
      "type": "Feature",
      "properties": {
        "title": "Robinson-Schule (Grundschule)",
        "ref": "11G08",
        "type": "Grundschule ( öffentlich )",
        "street": "Wönnichstr. 7",
        "zip": "10317",
        "city": "Berlin",
        "district": "Rummelsburg",
        "center": [
          13.409779,
          52.520645
        ],
        "additions": []
      },
      "geometry": {
        "type": "Point",
        "coordinates": [
          13.409779,
          52.520645
        ]
      }
    },
    {
      "type": "Feature",
      "properties": {
        "title": "Romain-Rolland-Gymnasium",
        "ref": "12Y07",
        "type": "Gymnasien ( öffentlich )",
        "street": "Place Moliere 4",
        "zip": "13469",
        "city": "Berlin",
        "district": "Wittenau",
        "center": [
          13.409779,
          52.520645
        ],
        "additions": [
          "Barrierefreie Toilette vorhanden, Behindertenparkplatz vorhanden, Zugang über Rampe möglich"
        ]
      },
      "geometry": {
        "type": "Point",
        "coordinates": [
          13.409779,
          52.520645
        ]
      }
    },
    {
      "type": "Feature",
      "properties": {
        "title": "Röntgen-Schule",
        "ref": "08K09",
        "type": "Integrierte Sekundarschule ( öffentlich )",
        "street": "Wildenbruchstr. 53",
        "zip": "12435",
        "city": "Berlin",
        "district": "Alt-Treptow",
        "center": [
          13.409779,
          52.520645
        ],
        "additions": []
      },
      "geometry": {
        "type": "Point",
        "coordinates": [
          13.409779,
          52.520645
        ]
      }
    },
    {
      "type": "Feature",
      "properties": {
        "title": "Rosalind-Franklin-Gymnasium",
        "ref": "01Y13",
        "type": "Gymnasien ( öffentlich )",
        "street": "Turmstr. 075A",
        "zip": "10555",
        "city": "Berlin",
        "district": "Moabit",
        "center": [
          13.409779,
          52.520645
        ],
        "additions": []
      },
      "geometry": {
        "type": "Point",
        "coordinates": [
          13.409779,
          52.520645
        ]
      }
    },
    {
      "type": "Feature",
      "properties": {
        "title": "Rosa-Luxemburg-Gymnasium",
        "ref": "03Y10",
        "type": "Gymnasien ( öffentlich )",
        "street": "Kissingenstr. 12",
        "zip": "13189",
        "city": "Berlin",
        "district": "Pankow",
        "center": [
          13.409779,
          52.520645
        ],
        "additions": []
      },
      "geometry": {
        "type": "Point",
        "coordinates": [
          13.409779,
          52.520645
        ]
      }
    },
    {
      "type": "Feature",
      "properties": {
        "title": "Rosa-Parks-Grundschule",
        "ref": "02G35",
        "type": "Grundschule ( öffentlich )",
        "street": "Reichenberger Str. 65",
        "zip": "10999",
        "city": "Berlin",
        "district": "Kreuzberg",
        "center": [
          13.409779,
          52.520645
        ],
        "additions": []
      },
      "geometry": {
        "type": "Point",
        "coordinates": [
          13.409779,
          52.520645
        ]
      }
    },
    {
      "type": "Feature",
      "properties": {
        "title": "Rose-Oehmichen-Schule (Grundschule)",
        "ref": "08G37",
        "type": "Grundschule ( öffentlich )",
        "street": "Lieselotte-Berger-Str. 65",
        "zip": "12355",
        "city": "Berlin",
        "district": "Rudow",
        "center": [
          13.409779,
          52.520645
        ],
        "additions": [
          "Barrierefreie Toilette vorhanden, Fahrstuhl vorhanden, Zugang über Rampe möglich"
        ]
      },
      "geometry": {
        "type": "Point",
        "coordinates": [
          13.409779,
          52.520645
        ]
      }
    },
    {
      "type": "Feature",
      "properties": {
        "title": "Rothenburg-Grundschule",
        "ref": "06G16",
        "type": "Grundschule ( öffentlich )",
        "street": "Rothenburgstr. 16-17",
        "zip": "12165",
        "city": "Berlin",
        "district": "Steglitz",
        "center": [
          13.409779,
          52.520645
        ],
        "additions": []
      },
      "geometry": {
        "type": "Point",
        "coordinates": [
          13.409779,
          52.520645
        ]
      }
    },
    {
      "type": "Feature",
      "properties": {
        "title": "Rothenburg-Grundschule",
        "ref": "06G16",
        "type": "Förderschwerp. - Übrige ( öffentlich )",
        "street": "Rothenburgstr. 16-17",
        "zip": "12165",
        "city": "Berlin",
        "district": "Steglitz",
        "center": [
          13.409779,
          52.520645
        ],
        "additions": []
      },
      "geometry": {
        "type": "Point",
        "coordinates": [
          13.409779,
          52.520645
        ]
      }
    },
    {
      "type": "Feature",
      "properties": {
        "title": "Rotkreuz-Institut Berufsbildungswerk im DRK Berlin gGmbH",
        "ref": "05P05",
        "type": "Berufsschule mit sonderpäd. Aufgaben ( privat )",
        "street": "Krampnitzer Weg 83-87",
        "zip": "14089",
        "city": "Berlin",
        "district": "Kladow",
        "center": [
          13.409779,
          52.520645
        ],
        "additions": [
          "Barrierefreie Toilette vorhanden, Behindertenparkplatz vorhanden, Fahrstuhl vorhanden"
        ]
      },
      "geometry": {
        "type": "Point",
        "coordinates": [
          13.409779,
          52.520645
        ]
      }
    },
    {
      "type": "Feature",
      "properties": {
        "title": "Rückert-Gymnasium",
        "ref": "07Y02",
        "type": "Gymnasien ( öffentlich )",
        "street": "Mettestr. 8",
        "zip": "10825",
        "city": "Berlin",
        "district": "Schöneberg",
        "center": [
          13.409779,
          52.520645
        ],
        "additions": []
      },
      "geometry": {
        "type": "Point",
        "coordinates": [
          13.409779,
          52.520645
        ]
      }
    },
    {
      "type": "Feature",
      "properties": {
        "title": "Rudolf Steiner Bildungszentrum gGmbH",
        "ref": "07P20",
        "type": "Fachschule ( privat )",
        "street": "Monumentenstr. 13B",
        "zip": "10829",
        "city": "Berlin",
        "district": "Schöneberg",
        "center": [
          13.409779,
          52.520645
        ],
        "additions": []
      },
      "geometry": {
        "type": "Point",
        "coordinates": [
          13.409779,
          52.520645
        ]
      }
    },
    {
      "type": "Feature",
      "properties": {
        "title": "Rudolf Steiner Bildungszentrum gGmbH",
        "ref": "07P20",
        "type": "Fachoberschule ( privat )",
        "street": "Monumentenstr. 13B",
        "zip": "10829",
        "city": "Berlin",
        "district": "Schöneberg",
        "center": [
          13.409779,
          52.520645
        ],
        "additions": []
      },
      "geometry": {
        "type": "Point",
        "coordinates": [
          13.409779,
          52.520645
        ]
      }
    },
    {
      "type": "Feature",
      "properties": {
        "title": "Rudolf Steiner Bildungszentrum gGmbH",
        "ref": "07P20",
        "type": "Berufsfachschule ( privat )",
        "street": "Monumentenstr. 13B",
        "zip": "10829",
        "city": "Berlin",
        "district": "Schöneberg",
        "center": [
          13.409779,
          52.520645
        ],
        "additions": []
      },
      "geometry": {
        "type": "Point",
        "coordinates": [
          13.409779,
          52.520645
        ]
      }
    },
    {
      "type": "Feature",
      "properties": {
        "title": "Rudolf-Hildebrand-Grundschule",
        "ref": "07G27",
        "type": "Grundschule ( öffentlich )",
        "street": "Friedenstr. 23-25",
        "zip": "12107",
        "city": "Berlin",
        "district": "Mariendorf",
        "center": [
          13.409779,
          52.520645
        ],
        "additions": []
      },
      "geometry": {
        "type": "Point",
        "coordinates": [
          13.409779,
          52.520645
        ]
      }
    },
    {
      "type": "Feature",
      "properties": {
        "title": "Rudolf-Steiner-Schule Berlin",
        "ref": "06P04",
        "type": "Freie Waldorfschule ( privat )",
        "street": "Auf dem Grat 3",
        "zip": "14195",
        "city": "Berlin",
        "district": "Dahlem",
        "center": [
          13.409779,
          52.520645
        ],
        "additions": [
          "Barrierefreie Toilette vorhanden, Behindertenparkplatz vorhanden, Zugang über Rampe möglich"
        ]
      },
      "geometry": {
        "type": "Point",
        "coordinates": [
          13.409779,
          52.520645
        ]
      }
    },
    {
      "type": "Feature",
      "properties": {
        "title": "Rudolf-Virchow-Schule",
        "ref": "10K01",
        "type": "Integrierte Sekundarschule ( öffentlich )",
        "street": "Glambecker Ring 90",
        "zip": "12679",
        "city": "Berlin",
        "district": "Marzahn",
        "center": [
          13.409779,
          52.520645
        ],
        "additions": [
          "Barrierefreie Toilette vorhanden, Behindertenparkplatz vorhanden, Fahrstuhl vorhanden, Zugang über Rampe möglich"
        ]
      },
      "geometry": {
        "type": "Point",
        "coordinates": [
          13.409779,
          52.520645
        ]
      }
    },
    {
      "type": "Feature",
      "properties": {
        "title": "Rudolf-Wissell-Grundschule",
        "ref": "01G25",
        "type": "Grundschule ( öffentlich )",
        "street": "Ellerbeker Str. 7-8",
        "zip": "13357",
        "city": "Berlin",
        "district": "Gesundbrunnen",
        "center": [
          13.409779,
          52.520645
        ],
        "additions": []
      },
      "geometry": {
        "type": "Point",
        "coordinates": [
          13.409779,
          52.520645
        ]
      }
    },
    {
      "type": "Feature",
      "properties": {
        "title": "Ruppin-Grundschule",
        "ref": "07G16",
        "type": "Grundschule ( öffentlich )",
        "street": "Offenbacher Str. 5A",
        "zip": "14197",
        "city": "Berlin",
        "district": "Friedenau",
        "center": [
          13.409779,
          52.520645
        ],
        "additions": []
      },
      "geometry": {
        "type": "Point",
        "coordinates": [
          13.409779,
          52.520645
        ]
      }
    },
    {
      "type": "Feature",
      "properties": {
        "title": "Ruth-Cohn-Schule (OSZ Sozialwesen)",
        "ref": "04B04",
        "type": "Fachschule ( öffentlich )",
        "street": "Bismarckstr. 20",
        "zip": "10625",
        "city": "Berlin",
        "district": "Charlottenburg",
        "center": [
          13.409779,
          52.520645
        ],
        "additions": [
          "Barrierefreie Toilette vorhanden"
        ]
      },
      "geometry": {
        "type": "Point",
        "coordinates": [
          13.409779,
          52.520645
        ]
      }
    },
    {
      "type": "Feature",
      "properties": {
        "title": "Ruth-Cohn-Schule (OSZ Sozialwesen)",
        "ref": "04B04",
        "type": "Berufsfachschule ( öffentlich )",
        "street": "Bismarckstr. 20",
        "zip": "10625",
        "city": "Berlin",
        "district": "Charlottenburg",
        "center": [
          13.409779,
          52.520645
        ],
        "additions": [
          "Barrierefreie Toilette vorhanden"
        ]
      },
      "geometry": {
        "type": "Point",
        "coordinates": [
          13.409779,
          52.520645
        ]
      }
    },
    {
      "type": "Feature",
      "properties": {
        "title": "Ruth-Cohn-Schule (OSZ Sozialwesen)",
        "ref": "04B04",
        "type": "Fachoberschule ( öffentlich )",
        "street": "Bismarckstr. 20",
        "zip": "10625",
        "city": "Berlin",
        "district": "Charlottenburg",
        "center": [
          13.409779,
          52.520645
        ],
        "additions": [
          "Barrierefreie Toilette vorhanden"
        ]
      },
      "geometry": {
        "type": "Point",
        "coordinates": [
          13.409779,
          52.520645
        ]
      }
    },
    {
      "type": "Feature",
      "properties": {
        "title": "Ruth-Cohn-Schule (OSZ Sozialwesen)",
        "ref": "04B04",
        "type": "Berufsschule ( öffentlich )",
        "street": "Bismarckstr. 20",
        "zip": "10625",
        "city": "Berlin",
        "district": "Charlottenburg",
        "center": [
          13.409779,
          52.520645
        ],
        "additions": [
          "Barrierefreie Toilette vorhanden"
        ]
      },
      "geometry": {
        "type": "Point",
        "coordinates": [
          13.409779,
          52.520645
        ]
      }
    },
    {
      "type": "Feature",
      "properties": {
        "title": "S.K.O.U.T. - Fachschule für Sozialpädagogik",
        "ref": "03P38",
        "type": "Fachschule ( privat )",
        "street": "Marienburger Str. 18",
        "zip": "10405",
        "city": "Berlin",
        "district": "Prenzlauer Berg",
        "center": [
          13.409779,
          52.520645
        ],
        "additions": []
      },
      "geometry": {
        "type": "Point",
        "coordinates": [
          13.409779,
          52.520645
        ]
      }
    },
    {
      "type": "Feature",
      "properties": {
        "title": "S4G School for Games GmbH",
        "ref": "02E35",
        "type": "Sonstige Ergänzungsschule ( privat )",
        "street": "Grünberger Str. 54",
        "zip": "10245",
        "city": "Berlin",
        "district": "Friedrichshain",
        "center": [
          13.409779,
          52.520645
        ],
        "additions": []
      },
      "geometry": {
        "type": "Point",
        "coordinates": [
          13.409779,
          52.520645
        ]
      }
    },
    {
      "type": "Feature",
      "properties": {
        "title": "Sabine Roth-Ballettschule",
        "ref": "02E34",
        "type": "Künstlerische Schule ( privat )",
        "street": "Bergmannstr. 5",
        "zip": "10961",
        "city": "Berlin",
        "district": "Kreuzberg",
        "center": [
          13.409779,
          52.520645
        ],
        "additions": [
          "\r\n"
        ]
      },
      "geometry": {
        "type": "Point",
        "coordinates": [
          13.409779,
          52.520645
        ]
      }
    },
    {
      "type": "Feature",
      "properties": {
        "title": "Sabine-Ball-Grundschule",
        "ref": "10P09",
        "type": "Grundschule ( privat )",
        "street": "Lichtenhainer Str. 2",
        "zip": "12627",
        "city": "Berlin",
        "district": "Hellersdorf",
        "center": [
          13.409779,
          52.520645
        ],
        "additions": []
      },
      "geometry": {
        "type": "Point",
        "coordinates": [
          13.409779,
          52.520645
        ]
      }
    },
    {
      "type": "Feature",
      "properties": {
        "title": "Sachsenwald-Grundschule",
        "ref": "06G14",
        "type": "Grundschule ( öffentlich )",
        "street": "Sachsenwaldstr. 20-21",
        "zip": "12157",
        "city": "Berlin",
        "district": "Steglitz",
        "center": [
          13.409779,
          52.520645
        ],
        "additions": [
          "Barrierefreie Toilette vorhanden, Behindertenparkplatz vorhanden, Zugang über Rampe möglich"
        ]
      },
      "geometry": {
        "type": "Point",
        "coordinates": [
          13.409779,
          52.520645
        ]
      }
    },
    {
      "type": "Feature",
      "properties": {
        "title": "SAE Institute Berlin",
        "ref": "12E03",
        "type": "Sonstige Ergänzungsschule ( privat )",
        "street": "Soltauer Str. 18-22",
        "zip": "13509",
        "city": "Berlin",
        "district": "Wittenau",
        "center": [
          13.409779,
          52.520645
        ],
        "additions": []
      },
      "geometry": {
        "type": "Point",
        "coordinates": [
          13.409779,
          52.520645
        ]
      }
    },
    {
      "type": "Feature",
      "properties": {
        "title": "SAfS - Spektrum Akademie für Sozialpädagogik (KEIN Schulbetrieb)",
        "ref": "03P40",
        "type": "Fachschule ( privat )",
        "street": "Tino-Schwierzina-Str. 32",
        "zip": "13089",
        "city": "Berlin",
        "district": "Heinersdorf",
        "center": [
          13.409779,
          52.520645
        ],
        "additions": []
      },
      "geometry": {
        "type": "Point",
        "coordinates": [
          13.409779,
          52.520645
        ]
      }
    },
    {
      "type": "Feature",
      "properties": {
        "title": "Samuel-Hahnemann-Schule",
        "ref": "07E30",
        "type": "Heilpraktikerschule ( privat )",
        "street": "Colditzstraße 34-36",
        "zip": "12099",
        "city": "Berlin",
        "district": "Tempelhof",
        "center": [
          13.409779,
          52.520645
        ],
        "additions": []
      },
      "geometry": {
        "type": "Point",
        "coordinates": [
          13.409779,
          52.520645
        ]
      }
    },
    {
      "type": "Feature",
      "properties": {
        "title": "SANCTA MARIA Schule der hl. Hedwig",
        "ref": "06P08",
        "type": "Förderschwerp. - Lernen ( privat )",
        "street": "Dreilindenstr. 24-26",
        "zip": "14109",
        "city": "Berlin",
        "district": "Nikolassee",
        "center": [
          13.409779,
          52.520645
        ],
        "additions": []
      },
      "geometry": {
        "type": "Point",
        "coordinates": [
          13.409779,
          52.520645
        ]
      }
    },
    {
      "type": "Feature",
      "properties": {
        "title": "SANCTA MARIA Schule der hl. Hedwig",
        "ref": "06P08",
        "type": "Förderschwerp. - Geistige Entwicklung ( privat )",
        "street": "Dreilindenstr. 24-26",
        "zip": "14109",
        "city": "Berlin",
        "district": "Nikolassee",
        "center": [
          13.409779,
          52.520645
        ],
        "additions": []
      },
      "geometry": {
        "type": "Point",
        "coordinates": [
          13.409779,
          52.520645
        ]
      }
    },
    {
      "type": "Feature",
      "properties": {
        "title": "Sartre-Gymnasium",
        "ref": "10Y08",
        "type": "Gymnasien ( öffentlich )",
        "street": "Kyritzer Str. 103",
        "zip": "12629",
        "city": "Berlin",
        "district": "Hellersdorf",
        "center": [
          13.409779,
          52.520645
        ],
        "additions": [
          "Barrierefreie Toilette vorhanden, Behindertenparkplatz vorhanden, Fahrstuhl vorhanden, Zugang über Rampe möglich"
        ]
      },
      "geometry": {
        "type": "Point",
        "coordinates": [
          13.409779,
          52.520645
        ]
      }
    },
    {
      "type": "Feature",
      "properties": {
        "title": "Schadow-Gymnasium",
        "ref": "06Y01",
        "type": "Gymnasien ( öffentlich )",
        "street": "Beuckestr. 27-29",
        "zip": "14163",
        "city": "Berlin",
        "district": "Zehlendorf",
        "center": [
          13.409779,
          52.520645
        ],
        "additions": [
          "Behindertenparkplatz vorhanden"
        ]
      },
      "geometry": {
        "type": "Point",
        "coordinates": [
          13.409779,
          52.520645
        ]
      }
    },
    {
      "type": "Feature",
      "properties": {
        "title": "Scharmützelsee-Grundschule",
        "ref": "07G12",
        "type": "Grundschule ( öffentlich )",
        "street": "Hohenstaufenstr. 49",
        "zip": "10779",
        "city": "Berlin",
        "district": "Schöneberg",
        "center": [
          13.409779,
          52.520645
        ],
        "additions": []
      },
      "geometry": {
        "type": "Point",
        "coordinates": [
          13.409779,
          52.520645
        ]
      }
    },
    {
      "type": "Feature",
      "properties": {
        "title": "Schätzelberg-Grundschule",
        "ref": "07G23",
        "type": "Grundschule ( öffentlich )",
        "street": "Wolfsburger Weg 13-19",
        "zip": "12109",
        "city": "Berlin",
        "district": "Mariendorf",
        "center": [
          13.409779,
          52.520645
        ],
        "additions": []
      },
      "geometry": {
        "type": "Point",
        "coordinates": [
          13.409779,
          52.520645
        ]
      }
    },
    {
      "type": "Feature",
      "properties": {
        "title": "Schauspielschule \"Der Kreis\" (Fritz-Kirchhoff-Schule)",
        "ref": "07E33",
        "type": "Künstlerische Schule ( privat )",
        "street": "Teilestr. 11-16",
        "zip": "12099",
        "city": "Berlin",
        "district": "Tempelhof",
        "center": [
          13.409779,
          52.520645
        ],
        "additions": []
      },
      "geometry": {
        "type": "Point",
        "coordinates": [
          13.409779,
          52.520645
        ]
      }
    },
    {
      "type": "Feature",
      "properties": {
        "title": "Schele-Schule (Gemeinschaftsschule)",
        "ref": "04P02",
        "type": "Gemeinschaftsschule ( privat )",
        "street": "Olympische Str. 23",
        "zip": "14052",
        "city": "Berlin",
        "district": "Westend",
        "center": [
          13.409779,
          52.520645
        ],
        "additions": []
      },
      "geometry": {
        "type": "Point",
        "coordinates": [
          13.409779,
          52.520645
        ]
      }
    },
    {
      "type": "Feature",
      "properties": {
        "title": "Schele-Schule (Gemeinschaftsschule)",
        "ref": "04P02",
        "type": "Grundschule ( privat )",
        "street": "Olympische Str. 23",
        "zip": "14052",
        "city": "Berlin",
        "district": "Westend",
        "center": [
          13.409779,
          52.520645
        ],
        "additions": []
      },
      "geometry": {
        "type": "Point",
        "coordinates": [
          13.409779,
          52.520645
        ]
      }
    },
    {
      "type": "Feature",
      "properties": {
        "title": "Schiller-Gymnasium",
        "ref": "04Y01",
        "type": "Gymnasien ( öffentlich )",
        "street": "Schillerstr. 125-127",
        "zip": "10625",
        "city": "Berlin",
        "district": "Charlottenburg",
        "center": [
          13.409779,
          52.520645
        ],
        "additions": []
      },
      "geometry": {
        "type": "Point",
        "coordinates": [
          13.409779,
          52.520645
        ]
      }
    },
    {
      "type": "Feature",
      "properties": {
        "title": "Schilling-Schule",
        "ref": "08S08",
        "type": "Förderschwerp. - Übrige ( öffentlich )",
        "street": "Paster-Behrens-Str. 81",
        "zip": "12359",
        "city": "Berlin",
        "district": "Britz",
        "center": [
          13.409779,
          52.520645
        ],
        "additions": [
          "Barrierefreie Toilette vorhanden, Behindertenparkplatz vorhanden, Fahrstuhl vorhanden, Zugang über Rampe möglich"
        ]
      },
      "geometry": {
        "type": "Point",
        "coordinates": [
          13.409779,
          52.520645
        ]
      }
    },
    {
      "type": "Feature",
      "properties": {
        "title": "Schilling-Schule",
        "ref": "08S08",
        "type": "Förderschwerp. - Geistige Entwicklung ( öffentlich )",
        "street": "Paster-Behrens-Str. 81",
        "zip": "12359",
        "city": "Berlin",
        "district": "Britz",
        "center": [
          13.409779,
          52.520645
        ],
        "additions": [
          "Barrierefreie Toilette vorhanden, Behindertenparkplatz vorhanden, Fahrstuhl vorhanden, Zugang über Rampe möglich"
        ]
      },
      "geometry": {
        "type": "Point",
        "coordinates": [
          13.409779,
          52.520645
        ]
      }
    },
    {
      "type": "Feature",
      "properties": {
        "title": "Schilling-Schule",
        "ref": "08S08",
        "type": "Integrierte Sekundarschule ( öffentlich )",
        "street": "Paster-Behrens-Str. 81",
        "zip": "12359",
        "city": "Berlin",
        "district": "Britz",
        "center": [
          13.409779,
          52.520645
        ],
        "additions": [
          "Barrierefreie Toilette vorhanden, Behindertenparkplatz vorhanden, Fahrstuhl vorhanden, Zugang über Rampe möglich"
        ]
      },
      "geometry": {
        "type": "Point",
        "coordinates": [
          13.409779,
          52.520645
        ]
      }
    },
    {
      "type": "Feature",
      "properties": {
        "title": "Schinkel-Grundschule",
        "ref": "04G12",
        "type": "Grundschule ( öffentlich )",
        "street": "Nithackstr. 8",
        "zip": "10585",
        "city": "Berlin",
        "district": "Charlottenburg",
        "center": [
          13.409779,
          52.520645
        ],
        "additions": []
      },
      "geometry": {
        "type": "Point",
        "coordinates": [
          13.409779,
          52.520645
        ]
      }
    },
    {
      "type": "Feature",
      "properties": {
        "title": "Schlaufuchs-Grundschule",
        "ref": "11G38",
        "type": "Grundschule ( öffentlich )",
        "street": "Paul-Junius-Str. 69",
        "zip": "10369",
        "city": "Berlin",
        "district": "Fennpfuhl",
        "center": [
          13.409779,
          52.520645
        ],
        "additions": []
      },
      "geometry": {
        "type": "Point",
        "coordinates": [
          13.409779,
          52.520645
        ]
      }
    },
    {
      "type": "Feature",
      "properties": {
        "title": "Schliemann-Grundschule",
        "ref": "08G11",
        "type": "Grundschule ( öffentlich )",
        "street": "Groß-Ziethener Chaussee 81",
        "zip": "12355",
        "city": "Berlin",
        "district": "Rudow",
        "center": [
          13.409779,
          52.520645
        ],
        "additions": [
          "Zugang über Rampe möglich"
        ]
      },
      "geometry": {
        "type": "Point",
        "coordinates": [
          13.409779,
          52.520645
        ]
      }
    },
    {
      "type": "Feature",
      "properties": {
        "title": "Schmetterlings-Grundschule",
        "ref": "11G31",
        "type": "Grundschule ( öffentlich )",
        "street": "Dolgenseestr. 60",
        "zip": "10319",
        "city": "Berlin",
        "district": "Friedrichsfelde",
        "center": [
          13.409779,
          52.520645
        ],
        "additions": [
          "Barrierefreie Toilette vorhanden"
        ]
      },
      "geometry": {
        "type": "Point",
        "coordinates": [
          13.409779,
          52.520645
        ]
      }
    },
    {
      "type": "Feature",
      "properties": {
        "title": "Schmöckwitzer Insel-Schule (Grundschule)",
        "ref": "09G29",
        "type": "Grundschule ( öffentlich )",
        "street": "Adlergestell 776",
        "zip": "12527",
        "city": "Berlin",
        "district": "Schmöckwitz",
        "center": [
          13.409779,
          52.520645
        ],
        "additions": []
      },
      "geometry": {
        "type": "Point",
        "coordinates": [
          13.409779,
          52.520645
        ]
      }
    },
    {
      "type": "Feature",
      "properties": {
        "title": "Schul- und Leistungssportzentrum Berlin (Sportforum)",
        "ref": "11A07",
        "type": "Integrierte Sekundarschule ( öffentlich )",
        "street": "Fritz-Lesch-Str. 35",
        "zip": "13053",
        "city": "Berlin",
        "district": "Alt-Hohenschönhausen",
        "center": [
          13.409779,
          52.520645
        ],
        "additions": [
          "Barrierefreie Toilette vorhanden"
        ]
      },
      "geometry": {
        "type": "Point",
        "coordinates": [
          13.409779,
          52.520645
        ]
      }
    },
    {
      "type": "Feature",
      "properties": {
        "title": "Schul- und Leistungssportzentrum Berlin (Sportforum)",
        "ref": "11A07",
        "type": "Berufsfachschule ( öffentlich )",
        "street": "Fritz-Lesch-Str. 35",
        "zip": "13053",
        "city": "Berlin",
        "district": "Alt-Hohenschönhausen",
        "center": [
          13.409779,
          52.520645
        ],
        "additions": [
          "Barrierefreie Toilette vorhanden"
        ]
      },
      "geometry": {
        "type": "Point",
        "coordinates": [
          13.409779,
          52.520645
        ]
      }
    },
    {
      "type": "Feature",
      "properties": {
        "title": "Schule am Altglienicker Wasserturm (Grundschule)",
        "ref": "09G13",
        "type": "Grundschule ( öffentlich )",
        "street": "Sachsenstr. 22",
        "zip": "12524",
        "city": "Berlin",
        "district": "Altglienicke",
        "center": [
          13.409779,
          52.520645
        ],
        "additions": []
      },
      "geometry": {
        "type": "Point",
        "coordinates": [
          13.409779,
          52.520645
        ]
      }
    },
    {
      "type": "Feature",
      "properties": {
        "title": "Schule am Berg (Grundschule)",
        "ref": "09G10",
        "type": "Grundschule ( öffentlich )",
        "street": "Köpenicker Str. 31",
        "zip": "12524",
        "city": "Berlin",
        "district": "Altglienicke",
        "center": [
          13.409779,
          52.520645
        ],
        "additions": []
      },
      "geometry": {
        "type": "Point",
        "coordinates": [
          13.409779,
          52.520645
        ]
      }
    },
    {
      "type": "Feature",
      "properties": {
        "title": "Schule am Bienwaldring",
        "ref": "08S07",
        "type": "Förderschwerp. - Geistige Entwicklung ( öffentlich )",
        "street": "Breitunger Weg 1",
        "zip": "12349",
        "city": "Berlin",
        "district": "Buckow",
        "center": [
          13.409779,
          52.520645
        ],
        "additions": [
          "Barrierefreie Toilette vorhanden, Behindertenparkplatz vorhanden, Fahrstuhl vorhanden, Zugang über Rampe möglich"
        ]
      },
      "geometry": {
        "type": "Point",
        "coordinates": [
          13.409779,
          52.520645
        ]
      }
    },
    {
      "type": "Feature",
      "properties": {
        "title": "Schule am Birkenhof",
        "ref": "03S06",
        "type": "Förderschwerp. - Lernen ( öffentlich )",
        "street": "Arnouxstr. 18",
        "zip": "13127",
        "city": "Berlin",
        "district": "Französisch Buchholz",
        "center": [
          13.409779,
          52.520645
        ],
        "additions": [
          "Barrierefreie Toilette vorhanden, Behindertenparkplatz vorhanden, Fahrstuhl vorhanden, Zugang über Rampe möglich"
        ]
      },
      "geometry": {
        "type": "Point",
        "coordinates": [
          13.409779,
          52.520645
        ]
      }
    },
    {
      "type": "Feature",
      "properties": {
        "title": "Schule am Birkenhof",
        "ref": "03S06",
        "type": "Förderschwerp. - Übrige ( öffentlich )",
        "street": "Arnouxstr. 18",
        "zip": "13127",
        "city": "Berlin",
        "district": "Französisch Buchholz",
        "center": [
          13.409779,
          52.520645
        ],
        "additions": [
          "Barrierefreie Toilette vorhanden, Behindertenparkplatz vorhanden, Fahrstuhl vorhanden, Zugang über Rampe möglich"
        ]
      },
      "geometry": {
        "type": "Point",
        "coordinates": [
          13.409779,
          52.520645
        ]
      }
    },
    {
      "type": "Feature",
      "properties": {
        "title": "Schule am Birkenhof",
        "ref": "03G40",
        "type": "Grundschule ( öffentlich )",
        "street": "Arnouxstr. 18",
        "zip": "13127",
        "city": "Berlin",
        "district": "Französisch Buchholz",
        "center": [
          13.409779,
          52.520645
        ],
        "additions": [
          "Barrierefreie Toilette vorhanden, Behindertenparkplatz vorhanden, Fahrstuhl vorhanden, Zugang über Rampe möglich"
        ]
      },
      "geometry": {
        "type": "Point",
        "coordinates": [
          13.409779,
          52.520645
        ]
      }
    },
    {
      "type": "Feature",
      "properties": {
        "title": "Schule Am Breiten Luch",
        "ref": "11S08",
        "type": "Förderschwerp. - Lernen ( öffentlich )",
        "street": "Am Breiten Luch 19",
        "zip": "13053",
        "city": "Berlin",
        "district": "Neu-Hohenschönhausen",
        "center": [
          13.409779,
          52.520645
        ],
        "additions": []
      },
      "geometry": {
        "type": "Point",
        "coordinates": [
          13.409779,
          52.520645
        ]
      }
    },
    {
      "type": "Feature",
      "properties": {
        "title": "Schule Am Breiten Luch",
        "ref": "11S08",
        "type": "Grundschule ( öffentlich )",
        "street": "Am Breiten Luch 19",
        "zip": "13053",
        "city": "Berlin",
        "district": "Neu-Hohenschönhausen",
        "center": [
          13.409779,
          52.520645
        ],
        "additions": []
      },
      "geometry": {
        "type": "Point",
        "coordinates": [
          13.409779,
          52.520645
        ]
      }
    },
    {
      "type": "Feature",
      "properties": {
        "title": "Schule Am Breiten Luch",
        "ref": "11S08",
        "type": "Förderschwerp. - Übrige ( öffentlich )",
        "street": "Am Breiten Luch 19",
        "zip": "13053",
        "city": "Berlin",
        "district": "Neu-Hohenschönhausen",
        "center": [
          13.409779,
          52.520645
        ],
        "additions": []
      },
      "geometry": {
        "type": "Point",
        "coordinates": [
          13.409779,
          52.520645
        ]
      }
    },
    {
      "type": "Feature",
      "properties": {
        "title": "Schule am Buntzelberg (Grundschule)",
        "ref": "09G14",
        "type": "Grundschule ( öffentlich )",
        "street": "Schulzendorfer Str. 112",
        "zip": "12526",
        "city": "Berlin",
        "district": "Bohnsdorf",
        "center": [
          13.409779,
          52.520645
        ],
        "additions": [
          "Behindertenparkplatz vorhanden"
        ]
      },
      "geometry": {
        "type": "Point",
        "coordinates": [
          13.409779,
          52.520645
        ]
      }
    },
    {
      "type": "Feature",
      "properties": {
        "title": "Schule am Falkplatz (Grundschule)",
        "ref": "03G11",
        "type": "Grundschule ( öffentlich )",
        "street": "Gleimstr. 49",
        "zip": "10437",
        "city": "Berlin",
        "district": "Prenzlauer Berg",
        "center": [
          13.409779,
          52.520645
        ],
        "additions": []
      },
      "geometry": {
        "type": "Point",
        "coordinates": [
          13.409779,
          52.520645
        ]
      }
    },
    {
      "type": "Feature",
      "properties": {
        "title": "Schule Am Faulen See (Grundschule)",
        "ref": "11G21",
        "type": "Grundschule ( öffentlich )",
        "street": "Degnerstr. 71",
        "zip": "13053",
        "city": "Berlin",
        "district": "Alt-Hohenschönhausen",
        "center": [
          13.409779,
          52.520645
        ],
        "additions": []
      },
      "geometry": {
        "type": "Point",
        "coordinates": [
          13.409779,
          52.520645
        ]
      }
    },
    {
      "type": "Feature",
      "properties": {
        "title": "Schule am Fennpfuhl",
        "ref": "11S02",
        "type": "Förderschwerp. - Lernen ( öffentlich )",
        "street": "Alfred-Jung-Str. 19",
        "zip": "10369",
        "city": "Berlin",
        "district": "Fennpfuhl",
        "center": [
          13.409779,
          52.520645
        ],
        "additions": [
          "Barrierefreie Toilette vorhanden"
        ]
      },
      "geometry": {
        "type": "Point",
        "coordinates": [
          13.409779,
          52.520645
        ]
      }
    },
    {
      "type": "Feature",
      "properties": {
        "title": "Schule am Fennpfuhl",
        "ref": "11S02",
        "type": "Förderschwerp. - Übrige ( öffentlich )",
        "street": "Alfred-Jung-Str. 19",
        "zip": "10369",
        "city": "Berlin",
        "district": "Fennpfuhl",
        "center": [
          13.409779,
          52.520645
        ],
        "additions": [
          "Barrierefreie Toilette vorhanden"
        ]
      },
      "geometry": {
        "type": "Point",
        "coordinates": [
          13.409779,
          52.520645
        ]
      }
    },
    {
      "type": "Feature",
      "properties": {
        "title": "Schule am Fliederbusch (Grundschule)",
        "ref": "08G33",
        "type": "Grundschule ( öffentlich )",
        "street": "Kornradenstr. 2",
        "zip": "12357",
        "city": "Berlin",
        "district": "Rudow",
        "center": [
          13.409779,
          52.520645
        ],
        "additions": [
          "Barrierefreie Toilette vorhanden, Behindertenparkplatz vorhanden, Zugang über Rampe möglich"
        ]
      },
      "geometry": {
        "type": "Point",
        "coordinates": [
          13.409779,
          52.520645
        ]
      }
    },
    {
      "type": "Feature",
      "properties": {
        "title": "Schule am Fliederbusch (Grundschule)",
        "ref": "08G33",
        "type": "Förderschwerp. - Übrige ( öffentlich )",
        "street": "Kornradenstr. 2",
        "zip": "12357",
        "city": "Berlin",
        "district": "Rudow",
        "center": [
          13.409779,
          52.520645
        ],
        "additions": [
          "Barrierefreie Toilette vorhanden, Behindertenparkplatz vorhanden, Zugang über Rampe möglich"
        ]
      },
      "geometry": {
        "type": "Point",
        "coordinates": [
          13.409779,
          52.520645
        ]
      }
    },
    {
      "type": "Feature",
      "properties": {
        "title": "Schule am Gartenfeld",
        "ref": "05S03",
        "type": "Förderschwerp. - Geistige Entwicklung ( öffentlich )",
        "street": "Seecktstr. 2",
        "zip": "13581",
        "city": "Berlin",
        "district": "Wilhelmstadt",
        "center": [
          13.409779,
          52.520645
        ],
        "additions": [
          "Barrierefreie Toilette vorhanden, Behindertenparkplatz vorhanden, Fahrstuhl vorhanden, Zugang über Rampe möglich"
        ]
      },
      "geometry": {
        "type": "Point",
        "coordinates": [
          13.409779,
          52.520645
        ]
      }
    },
    {
      "type": "Feature",
      "properties": {
        "title": "Schule am Ginkobaum (Grundschule)",
        "ref": "09G05",
        "type": "Grundschule ( öffentlich )",
        "street": "Springbornstr. 250",
        "zip": "12487",
        "city": "Berlin",
        "district": "Johannisthal",
        "center": [
          13.409779,
          52.520645
        ],
        "additions": []
      },
      "geometry": {
        "type": "Point",
        "coordinates": [
          13.409779,
          52.520645
        ]
      }
    },
    {
      "type": "Feature",
      "properties": {
        "title": "Schule am grünen Grund",
        "ref": "11S05",
        "type": "Förderschwerp. - Übrige ( öffentlich )",
        "street": "Herzbergstr. 79",
        "zip": "10365",
        "city": "Berlin",
        "district": "Lichtenberg",
        "center": [
          13.409779,
          52.520645
        ],
        "additions": []
      },
      "geometry": {
        "type": "Point",
        "coordinates": [
          13.409779,
          52.520645
        ]
      }
    },
    {
      "type": "Feature",
      "properties": {
        "title": "Schule am grünen Grund",
        "ref": "11S05",
        "type": "Grundschule ( öffentlich )",
        "street": "Herzbergstr. 79",
        "zip": "10365",
        "city": "Berlin",
        "district": "Lichtenberg",
        "center": [
          13.409779,
          52.520645
        ],
        "additions": []
      },
      "geometry": {
        "type": "Point",
        "coordinates": [
          13.409779,
          52.520645
        ]
      }
    },
    {
      "type": "Feature",
      "properties": {
        "title": "Schule am grünen Grund",
        "ref": "11S05",
        "type": "Integrierte Sekundarschule ( öffentlich )",
        "street": "Herzbergstr. 79",
        "zip": "10365",
        "city": "Berlin",
        "district": "Lichtenberg",
        "center": [
          13.409779,
          52.520645
        ],
        "additions": []
      },
      "geometry": {
        "type": "Point",
        "coordinates": [
          13.409779,
          52.520645
        ]
      }
    },
    {
      "type": "Feature",
      "properties": {
        "title": "Schule am grünen Stadtrand (Grundschule)",
        "ref": "10G34",
        "type": "Grundschule ( öffentlich )",
        "street": "Geraer Ring 54",
        "zip": "12689",
        "city": "Berlin",
        "district": "Marzahn",
        "center": [
          13.409779,
          52.520645
        ],
        "additions": []
      },
      "geometry": {
        "type": "Point",
        "coordinates": [
          13.409779,
          52.520645
        ]
      }
    },
    {
      "type": "Feature",
      "properties": {
        "title": "Schule am grünen Stadtrand (Grundschule)",
        "ref": "10G34",
        "type": "Förderschwerp. - Geistige Entwicklung ( öffentlich )",
        "street": "Geraer Ring 54",
        "zip": "12689",
        "city": "Berlin",
        "district": "Marzahn",
        "center": [
          13.409779,
          52.520645
        ],
        "additions": []
      },
      "geometry": {
        "type": "Point",
        "coordinates": [
          13.409779,
          52.520645
        ]
      }
    },
    {
      "type": "Feature",
      "properties": {
        "title": "Schule am Grüngürtel",
        "ref": "05S01",
        "type": "Förderschwerp. - Lernen ( öffentlich )",
        "street": "Askanierring 42",
        "zip": "13585",
        "city": "Berlin",
        "district": "Spandau",
        "center": [
          13.409779,
          52.520645
        ],
        "additions": []
      },
      "geometry": {
        "type": "Point",
        "coordinates": [
          13.409779,
          52.520645
        ]
      }
    },
    {
      "type": "Feature",
      "properties": {
        "title": "Schule am Grüngürtel",
        "ref": "05S01",
        "type": "Grundschule ( öffentlich )",
        "street": "Askanierring 42",
        "zip": "13585",
        "city": "Berlin",
        "district": "Spandau",
        "center": [
          13.409779,
          52.520645
        ],
        "additions": []
      },
      "geometry": {
        "type": "Point",
        "coordinates": [
          13.409779,
          52.520645
        ]
      }
    },
    {
      "type": "Feature",
      "properties": {
        "title": "Schule am Grüngürtel",
        "ref": "05S01",
        "type": "Förderschwerp. - Übrige ( öffentlich )",
        "street": "Askanierring 42",
        "zip": "13585",
        "city": "Berlin",
        "district": "Spandau",
        "center": [
          13.409779,
          52.520645
        ],
        "additions": []
      },
      "geometry": {
        "type": "Point",
        "coordinates": [
          13.409779,
          52.520645
        ]
      }
    },
    {
      "type": "Feature",
      "properties": {
        "title": "Schule am Grüngürtel",
        "ref": "05S01",
        "type": "Integrierte Sekundarschule ( öffentlich )",
        "street": "Askanierring 42",
        "zip": "13585",
        "city": "Berlin",
        "district": "Spandau",
        "center": [
          13.409779,
          52.520645
        ],
        "additions": []
      },
      "geometry": {
        "type": "Point",
        "coordinates": [
          13.409779,
          52.520645
        ]
      }
    },
    {
      "type": "Feature",
      "properties": {
        "title": "Schule am Hamburger Platz (Grundschule)",
        "ref": "03G01",
        "type": "Grundschule ( öffentlich )",
        "street": "Gustav-Adolf-Str. 21",
        "zip": "13086",
        "city": "Berlin",
        "district": "Weißensee",
        "center": [
          13.409779,
          52.520645
        ],
        "additions": [
          "Behindertenparkplatz vorhanden"
        ]
      },
      "geometry": {
        "type": "Point",
        "coordinates": [
          13.409779,
          52.520645
        ]
      }
    },
    {
      "type": "Feature",
      "properties": {
        "title": "Schule am Hasenhegerweg",
        "ref": "08S05",
        "type": "Förderschwerp. - Lernen ( öffentlich )",
        "street": "Hasenhegerweg 12",
        "zip": "12353",
        "city": "Berlin",
        "district": "Buckow",
        "center": [
          13.409779,
          52.520645
        ],
        "additions": [
          "Zugang über Rampe möglich"
        ]
      },
      "geometry": {
        "type": "Point",
        "coordinates": [
          13.409779,
          52.520645
        ]
      }
    },
    {
      "type": "Feature",
      "properties": {
        "title": "Schule am Hasenhegerweg",
        "ref": "08S05",
        "type": "Förderschwerp. - Übrige ( öffentlich )",
        "street": "Hasenhegerweg 12",
        "zip": "12353",
        "city": "Berlin",
        "district": "Buckow",
        "center": [
          13.409779,
          52.520645
        ],
        "additions": [
          "Zugang über Rampe möglich"
        ]
      },
      "geometry": {
        "type": "Point",
        "coordinates": [
          13.409779,
          52.520645
        ]
      }
    },
    {
      "type": "Feature",
      "properties": {
        "title": "Schule am Hasenhegerweg",
        "ref": "08S05",
        "type": "Förderschwerp. - Geistige Entwicklung ( öffentlich )",
        "street": "Hasenhegerweg 12",
        "zip": "12353",
        "city": "Berlin",
        "district": "Buckow",
        "center": [
          13.409779,
          52.520645
        ],
        "additions": [
          "Zugang über Rampe möglich"
        ]
      },
      "geometry": {
        "type": "Point",
        "coordinates": [
          13.409779,
          52.520645
        ]
      }
    },
    {
      "type": "Feature",
      "properties": {
        "title": "Schule am Heidekampgraben (Grundschule)",
        "ref": "09G03",
        "type": "Grundschule ( öffentlich )",
        "street": "Hänselstr. 14",
        "zip": "12437",
        "city": "Berlin",
        "district": "Baumschulenweg",
        "center": [
          13.409779,
          52.520645
        ],
        "additions": []
      },
      "geometry": {
        "type": "Point",
        "coordinates": [
          13.409779,
          52.520645
        ]
      }
    },
    {
      "type": "Feature",
      "properties": {
        "title": "Schule am Königstor (Integrierte Sekundarschule)",
        "ref": "02K05",
        "type": "Integrierte Sekundarschule ( öffentlich )",
        "street": "Weinstr. 3",
        "zip": "10249",
        "city": "Berlin",
        "district": "Friedrichshain",
        "center": [
          13.409779,
          52.520645
        ],
        "additions": [
          "Barrierefreie Toilette vorhanden, Zugang über Rampe möglich"
        ]
      },
      "geometry": {
        "type": "Point",
        "coordinates": [
          13.409779,
          52.520645
        ]
      }
    },
    {
      "type": "Feature",
      "properties": {
        "title": "Schule am Mohnweg (Grundschule)",
        "ref": "09G15",
        "type": "Grundschule ( öffentlich )",
        "street": "Mohnweg 20",
        "zip": "12524",
        "city": "Berlin",
        "district": "Altglienicke",
        "center": [
          13.409779,
          52.520645
        ],
        "additions": [
          "Barrierefreie Toilette vorhanden, Fahrstuhl vorhanden"
        ]
      },
      "geometry": {
        "type": "Point",
        "coordinates": [
          13.409779,
          52.520645
        ]
      }
    },
    {
      "type": "Feature",
      "properties": {
        "title": "Schule am Mummelsoll",
        "ref": "10S08",
        "type": "Förderschwerp. - Geistige Entwicklung ( öffentlich )",
        "street": "Eilenburger Str. 4",
        "zip": "12627",
        "city": "Berlin",
        "district": "Hellersdorf",
        "center": [
          13.409779,
          52.520645
        ],
        "additions": [
          "Eingang über Gohliser Str. 51, Barrierefreie Toilette vorhanden, Fahrstuhl vorhanden, Zugang über Rampe möglich"
        ]
      },
      "geometry": {
        "type": "Point",
        "coordinates": [
          13.409779,
          52.520645
        ]
      }
    },
    {
      "type": "Feature",
      "properties": {
        "title": "Schule am Pappelhof",
        "ref": "10S04",
        "type": "Förderschwerp. - Geistige Entwicklung ( öffentlich )",
        "street": "Ketschendorfer Weg 21",
        "zip": "12683",
        "city": "Berlin",
        "district": "Biesdorf",
        "center": [
          13.409779,
          52.520645
        ],
        "additions": [
          "Barrierefreie Toilette vorhanden, Fahrstuhl vorhanden, Zugang über Rampe möglich"
        ]
      },
      "geometry": {
        "type": "Point",
        "coordinates": [
          13.409779,
          52.520645
        ]
      }
    },
    {
      "type": "Feature",
      "properties": {
        "title": "Schule am Park",
        "ref": "12S04",
        "type": "Förderschwerp. - Geistige Entwicklung ( öffentlich )",
        "street": "Eichborndamm 276-284",
        "zip": "13437",
        "city": "Berlin",
        "district": "Wittenau",
        "center": [
          13.409779,
          52.520645
        ],
        "additions": [
          "Barrierefreie Toilette vorhanden, Behindertenparkplatz vorhanden, Fahrstuhl vorhanden, Zugang über Rampe möglich"
        ]
      },
      "geometry": {
        "type": "Point",
        "coordinates": [
          13.409779,
          52.520645
        ]
      }
    },
    {
      "type": "Feature",
      "properties": {
        "title": "Schule am Pegasuseck (Grundschule)",
        "ref": "09G11",
        "type": "Grundschule ( öffentlich )",
        "street": "Pegasuseck 5",
        "zip": "12524",
        "city": "Berlin",
        "district": "Altglienicke",
        "center": [
          13.409779,
          52.520645
        ],
        "additions": []
      },
      "geometry": {
        "type": "Point",
        "coordinates": [
          13.409779,
          52.520645
        ]
      }
    },
    {
      "type": "Feature",
      "properties": {
        "title": "Schule am Rathaus",
        "ref": "11K06",
        "type": "Integrierte Sekundarschule ( öffentlich )",
        "street": "Rathausstr. 8",
        "zip": "10367",
        "city": "Berlin",
        "district": "Lichtenberg",
        "center": [
          13.409779,
          52.520645
        ],
        "additions": [
          "Barrierefreie Toilette vorhanden"
        ]
      },
      "geometry": {
        "type": "Point",
        "coordinates": [
          13.409779,
          52.520645
        ]
      }
    },
    {
      "type": "Feature",
      "properties": {
        "title": "Schule am Rathaus",
        "ref": "11K06",
        "type": "Zweiter Bildungsweg ( öffentlich )",
        "street": "Rathausstr. 8",
        "zip": "10367",
        "city": "Berlin",
        "district": "Lichtenberg",
        "center": [
          13.409779,
          52.520645
        ],
        "additions": [
          "Barrierefreie Toilette vorhanden"
        ]
      },
      "geometry": {
        "type": "Point",
        "coordinates": [
          13.409779,
          52.520645
        ]
      }
    },
    {
      "type": "Feature",
      "properties": {
        "title": "Schule am Regenweiher (Grundschule)",
        "ref": "08G22",
        "type": "Grundschule ( öffentlich )",
        "street": "Johannisthaler Chaussee 328",
        "zip": "12351",
        "city": "Berlin",
        "district": "Gropiusstadt",
        "center": [
          13.409779,
          52.520645
        ],
        "additions": [
          "Zugang über Rampe möglich"
        ]
      },
      "geometry": {
        "type": "Point",
        "coordinates": [
          13.409779,
          52.520645
        ]
      }
    },
    {
      "type": "Feature",
      "properties": {
        "title": "Schule am Roederplatz (Grundschule)",
        "ref": "11G02",
        "type": "Grundschule ( öffentlich )",
        "street": "Bernhard-Bästlein-Str. 22",
        "zip": "10367",
        "city": "Berlin",
        "district": "Fennpfuhl",
        "center": [
          13.409779,
          52.520645
        ],
        "additions": [
          "Barrierefreie Toilette vorhanden"
        ]
      },
      "geometry": {
        "type": "Point",
        "coordinates": [
          13.409779,
          52.520645
        ]
      }
    },
    {
      "type": "Feature",
      "properties": {
        "title": "Schule am Rosenhain",
        "ref": "10S07",
        "type": "Förderschwerp. - Lernen ( öffentlich )",
        "street": "Klingenthaler Str. 32",
        "zip": "12627",
        "city": "Berlin",
        "district": "Hellersdorf",
        "center": [
          13.409779,
          52.520645
        ],
        "additions": [
          "Barrierefreie Toilette vorhanden, Behindertenparkplatz vorhanden, Fahrstuhl vorhanden, Zugang über Rampe möglich"
        ]
      },
      "geometry": {
        "type": "Point",
        "coordinates": [
          13.409779,
          52.520645
        ]
      }
    },
    {
      "type": "Feature",
      "properties": {
        "title": "Schule am Rosenhain",
        "ref": "10S07",
        "type": "Integrierte Sekundarschule ( öffentlich )",
        "street": "Klingenthaler Str. 32",
        "zip": "12627",
        "city": "Berlin",
        "district": "Hellersdorf",
        "center": [
          13.409779,
          52.520645
        ],
        "additions": [
          "Barrierefreie Toilette vorhanden, Behindertenparkplatz vorhanden, Fahrstuhl vorhanden, Zugang über Rampe möglich"
        ]
      },
      "geometry": {
        "type": "Point",
        "coordinates": [
          13.409779,
          52.520645
        ]
      }
    },
    {
      "type": "Feature",
      "properties": {
        "title": "Schule am Rosenhain",
        "ref": "10S07",
        "type": "Förderschwerp. - Übrige ( öffentlich )",
        "street": "Klingenthaler Str. 32",
        "zip": "12627",
        "city": "Berlin",
        "district": "Hellersdorf",
        "center": [
          13.409779,
          52.520645
        ],
        "additions": [
          "Barrierefreie Toilette vorhanden, Behindertenparkplatz vorhanden, Fahrstuhl vorhanden, Zugang über Rampe möglich"
        ]
      },
      "geometry": {
        "type": "Point",
        "coordinates": [
          13.409779,
          52.520645
        ]
      }
    },
    {
      "type": "Feature",
      "properties": {
        "title": "Schule am Sandsteinweg (Grundschule)",
        "ref": "08G30",
        "type": "Grundschule ( öffentlich )",
        "street": "Hornblendeweg 2",
        "zip": "12349",
        "city": "Berlin",
        "district": "Buckow",
        "center": [
          13.409779,
          52.520645
        ],
        "additions": []
      },
      "geometry": {
        "type": "Point",
        "coordinates": [
          13.409779,
          52.520645
        ]
      }
    },
    {
      "type": "Feature",
      "properties": {
        "title": "Schule am Schillerpark (Integrierte Sekundarschule)",
        "ref": "01K08",
        "type": "Integrierte Sekundarschule ( öffentlich )",
        "street": "Ofener Str. 6",
        "zip": "13349",
        "city": "Berlin",
        "district": "Wedding",
        "center": [
          13.409779,
          52.520645
        ],
        "additions": []
      },
      "geometry": {
        "type": "Point",
        "coordinates": [
          13.409779,
          52.520645
        ]
      }
    },
    {
      "type": "Feature",
      "properties": {
        "title": "Schule am Schillerpark (Integrierte Sekundarschule)",
        "ref": "01K08",
        "type": "Zweiter Bildungsweg ( öffentlich )",
        "street": "Ofener Str. 6",
        "zip": "13349",
        "city": "Berlin",
        "district": "Wedding",
        "center": [
          13.409779,
          52.520645
        ],
        "additions": []
      },
      "geometry": {
        "type": "Point",
        "coordinates": [
          13.409779,
          52.520645
        ]
      }
    },
    {
      "type": "Feature",
      "properties": {
        "title": "Schule am Schloss (Integrierte Sekundarschule)",
        "ref": "04K06",
        "type": "Integrierte Sekundarschule ( öffentlich )",
        "street": "Schloßstr. 55A",
        "zip": "14059",
        "city": "Berlin",
        "district": "Charlottenburg",
        "center": [
          13.409779,
          52.520645
        ],
        "additions": []
      },
      "geometry": {
        "type": "Point",
        "coordinates": [
          13.409779,
          52.520645
        ]
      }
    },
    {
      "type": "Feature",
      "properties": {
        "title": "Schule am Senefelderplatz",
        "ref": "03G15",
        "type": "Grundschule ( öffentlich )",
        "street": "Schönhauser Allee 165",
        "zip": "10435",
        "city": "Berlin",
        "district": "Prenzlauer Berg",
        "center": [
          13.409779,
          52.520645
        ],
        "additions": [
          "Barrierefreie Toilette vorhanden, Zugang über Rampe möglich"
        ]
      },
      "geometry": {
        "type": "Point",
        "coordinates": [
          13.409779,
          52.520645
        ]
      }
    },
    {
      "type": "Feature",
      "properties": {
        "title": "Schule am Staakener Kleeblatt (Integrierte Sekundarschule)",
        "ref": "05K09",
        "type": "Integrierte Sekundarschule ( öffentlich )",
        "street": "Brunsbütteler Damm 431-437",
        "zip": "13591",
        "city": "Berlin",
        "district": "Staaken",
        "center": [
          13.409779,
          52.520645
        ],
        "additions": [
          "Barrierefreie Toilette vorhanden, Fahrstuhl vorhanden, Zugang über Rampe möglich"
        ]
      },
      "geometry": {
        "type": "Point",
        "coordinates": [
          13.409779,
          52.520645
        ]
      }
    },
    {
      "type": "Feature",
      "properties": {
        "title": "Schule am Stadtrand",
        "ref": "05S04",
        "type": "Förderschwerp. - Übrige ( öffentlich )",
        "street": "Pionierstr. 197",
        "zip": "13589",
        "city": "Berlin",
        "district": "Falkenhagener Feld",
        "center": [
          13.409779,
          52.520645
        ],
        "additions": [
          "Barrierefreie Toilette vorhanden, Behindertenparkplatz vorhanden, Fahrstuhl vorhanden, Zugang über Rampe möglich"
        ]
      },
      "geometry": {
        "type": "Point",
        "coordinates": [
          13.409779,
          52.520645
        ]
      }
    },
    {
      "type": "Feature",
      "properties": {
        "title": "Schule am Stadtrand",
        "ref": "05S04",
        "type": "Förderschwerp. - Geistige Entwicklung ( öffentlich )",
        "street": "Pionierstr. 197",
        "zip": "13589",
        "city": "Berlin",
        "district": "Falkenhagener Feld",
        "center": [
          13.409779,
          52.520645
        ],
        "additions": [
          "Barrierefreie Toilette vorhanden, Behindertenparkplatz vorhanden, Fahrstuhl vorhanden, Zugang über Rampe möglich"
        ]
      },
      "geometry": {
        "type": "Point",
        "coordinates": [
          13.409779,
          52.520645
        ]
      }
    },
    {
      "type": "Feature",
      "properties": {
        "title": "Schule am Tegeler Forst",
        "ref": "12S02",
        "type": "Förderschwerp. - Geistige Entwicklung ( öffentlich )",
        "street": "Frohnauer Str. 74-80",
        "zip": "13467",
        "city": "Berlin",
        "district": "Hermsdorf",
        "center": [
          13.409779,
          52.520645
        ],
        "additions": [
          "Barrierefreie Toilette vorhanden, Behindertenparkplatz vorhanden, Fahrstuhl vorhanden, Zugang über Rampe möglich"
        ]
      },
      "geometry": {
        "type": "Point",
        "coordinates": [
          13.409779,
          52.520645
        ]
      }
    },
    {
      "type": "Feature",
      "properties": {
        "title": "Schule am Teltowkanal (Grundschule)",
        "ref": "08G24",
        "type": "Grundschule ( öffentlich )",
        "street": "Rungiusstr. 46",
        "zip": "12347",
        "city": "Berlin",
        "district": "Britz",
        "center": [
          13.409779,
          52.520645
        ],
        "additions": []
      },
      "geometry": {
        "type": "Point",
        "coordinates": [
          13.409779,
          52.520645
        ]
      }
    },
    {
      "type": "Feature",
      "properties": {
        "title": "Schule am Wäldchen (Grundschule)",
        "ref": "11G25",
        "type": "Grundschule ( öffentlich )",
        "street": "Wustrower Str. 28",
        "zip": "13051",
        "city": "Berlin",
        "district": "Neu-Hohenschönhausen",
        "center": [
          13.409779,
          52.520645
        ],
        "additions": []
      },
      "geometry": {
        "type": "Point",
        "coordinates": [
          13.409779,
          52.520645
        ]
      }
    },
    {
      "type": "Feature",
      "properties": {
        "title": "Schule am Westend",
        "ref": "04P27",
        "type": "Förderschwerp. - Übrige ( privat )",
        "street": "Spandauer Damm 130",
        "zip": "14050",
        "city": "Berlin",
        "district": "Westend",
        "center": [
          13.409779,
          52.520645
        ],
        "additions": [
          "Filiale: Schönwalder Allee 26, 13587 Berlin"
        ]
      },
      "geometry": {
        "type": "Point",
        "coordinates": [
          13.409779,
          52.520645
        ]
      }
    },
    {
      "type": "Feature",
      "properties": {
        "title": "Schule am Wildgarten",
        "ref": "09S06",
        "type": "Förderschwerp. - Lernen ( öffentlich )",
        "street": "Köpenicker Landstr. 185A",
        "zip": "12437",
        "city": "Berlin",
        "district": "Baumschulenweg",
        "center": [
          13.409779,
          52.520645
        ],
        "additions": []
      },
      "geometry": {
        "type": "Point",
        "coordinates": [
          13.409779,
          52.520645
        ]
      }
    },
    {
      "type": "Feature",
      "properties": {
        "title": "Schule am Wildgarten",
        "ref": "09S06",
        "type": "Förderschwerp. - Geistige Entwicklung ( öffentlich )",
        "street": "Köpenicker Landstr. 185A",
        "zip": "12437",
        "city": "Berlin",
        "district": "Baumschulenweg",
        "center": [
          13.409779,
          52.520645
        ],
        "additions": []
      },
      "geometry": {
        "type": "Point",
        "coordinates": [
          13.409779,
          52.520645
        ]
      }
    },
    {
      "type": "Feature",
      "properties": {
        "title": "Schule am Wilhelmsberg (Grundschule)",
        "ref": "11G18",
        "type": "Grundschule ( öffentlich )",
        "street": "Sandinostr. 8",
        "zip": "13055",
        "city": "Berlin",
        "district": "Alt-Hohenschönhausen",
        "center": [
          13.409779,
          52.520645
        ],
        "additions": [
          "Barrierefreie Toilette vorhanden, Behindertenparkplatz vorhanden"
        ]
      },
      "geometry": {
        "type": "Point",
        "coordinates": [
          13.409779,
          52.520645
        ]
      }
    },
    {
      "type": "Feature",
      "properties": {
        "title": "Schule am Zille-Park",
        "ref": "01S01",
        "type": "Förderschwerp. - Lernen ( öffentlich )",
        "street": "Ravenéstr. 10-12",
        "zip": "13347",
        "city": "Berlin",
        "district": "Gesundbrunnen",
        "center": [
          13.409779,
          52.520645
        ],
        "additions": []
      },
      "geometry": {
        "type": "Point",
        "coordinates": [
          13.409779,
          52.520645
        ]
      }
    },
    {
      "type": "Feature",
      "properties": {
        "title": "Schule am Zille-Park",
        "ref": "01S01",
        "type": "Integrierte Sekundarschule ( öffentlich )",
        "street": "Ravenéstr. 10-12",
        "zip": "13347",
        "city": "Berlin",
        "district": "Gesundbrunnen",
        "center": [
          13.409779,
          52.520645
        ],
        "additions": []
      },
      "geometry": {
        "type": "Point",
        "coordinates": [
          13.409779,
          52.520645
        ]
      }
    },
    {
      "type": "Feature",
      "properties": {
        "title": "Schule am Zille-Park",
        "ref": "01S01",
        "type": "Förderschwerp. - Geistige Entwicklung ( öffentlich )",
        "street": "Ravenéstr. 10-12",
        "zip": "13347",
        "city": "Berlin",
        "district": "Gesundbrunnen",
        "center": [
          13.409779,
          52.520645
        ],
        "additions": []
      },
      "geometry": {
        "type": "Point",
        "coordinates": [
          13.409779,
          52.520645
        ]
      }
    },
    {
      "type": "Feature",
      "properties": {
        "title": "Schule am Zille-Park",
        "ref": "01S01",
        "type": "Förderschwerp. - Übrige ( öffentlich )",
        "street": "Ravenéstr. 10-12",
        "zip": "13347",
        "city": "Berlin",
        "district": "Gesundbrunnen",
        "center": [
          13.409779,
          52.520645
        ],
        "additions": []
      },
      "geometry": {
        "type": "Point",
        "coordinates": [
          13.409779,
          52.520645
        ]
      }
    },
    {
      "type": "Feature",
      "properties": {
        "title": "Schule am Zwickauer Damm",
        "ref": "08S04",
        "type": "Förderschwerp. - Lernen ( öffentlich )",
        "street": "Zwickauer Damm 17-22",
        "zip": "12353",
        "city": "Berlin",
        "district": "Rudow",
        "center": [
          13.409779,
          52.520645
        ],
        "additions": []
      },
      "geometry": {
        "type": "Point",
        "coordinates": [
          13.409779,
          52.520645
        ]
      }
    },
    {
      "type": "Feature",
      "properties": {
        "title": "Schule am Zwickauer Damm",
        "ref": "08S04",
        "type": "Integrierte Sekundarschule ( öffentlich )",
        "street": "Zwickauer Damm 17-22",
        "zip": "12353",
        "city": "Berlin",
        "district": "Rudow",
        "center": [
          13.409779,
          52.520645
        ],
        "additions": []
      },
      "geometry": {
        "type": "Point",
        "coordinates": [
          13.409779,
          52.520645
        ]
      }
    },
    {
      "type": "Feature",
      "properties": {
        "title": "Schule am Zwickauer Damm",
        "ref": "08S04",
        "type": "Förderschwerp. - Übrige ( öffentlich )",
        "street": "Zwickauer Damm 17-22",
        "zip": "12353",
        "city": "Berlin",
        "district": "Rudow",
        "center": [
          13.409779,
          52.520645
        ],
        "additions": []
      },
      "geometry": {
        "type": "Point",
        "coordinates": [
          13.409779,
          52.520645
        ]
      }
    },
    {
      "type": "Feature",
      "properties": {
        "title": "Schule am Zwickauer Damm",
        "ref": "08S04",
        "type": "Förderschwerp. - Geistige Entwicklung ( öffentlich )",
        "street": "Zwickauer Damm 17-22",
        "zip": "12353",
        "city": "Berlin",
        "district": "Rudow",
        "center": [
          13.409779,
          52.520645
        ],
        "additions": []
      },
      "geometry": {
        "type": "Point",
        "coordinates": [
          13.409779,
          52.520645
        ]
      }
    },
    {
      "type": "Feature",
      "properties": {
        "title": "Schule an den Püttbergen (Grundschule)",
        "ref": "09G26",
        "type": "Grundschule ( öffentlich )",
        "street": "Fürstenwalder Allee 182",
        "zip": "12589",
        "city": "Berlin",
        "district": "Rahnsdorf",
        "center": [
          13.409779,
          52.520645
        ],
        "additions": []
      },
      "geometry": {
        "type": "Point",
        "coordinates": [
          13.409779,
          52.520645
        ]
      }
    },
    {
      "type": "Feature",
      "properties": {
        "title": "Schule an der alten Feuerwache (Grundschule)",
        "ref": "09G07",
        "type": "Grundschule ( öffentlich )",
        "street": "Schnellerstr. 31",
        "zip": "12439",
        "city": "Berlin",
        "district": "Niederschöneweide",
        "center": [
          13.409779,
          52.520645
        ],
        "additions": []
      },
      "geometry": {
        "type": "Point",
        "coordinates": [
          13.409779,
          52.520645
        ]
      }
    },
    {
      "type": "Feature",
      "properties": {
        "title": "Schule an der Dahme (Integrierte Sekundarschule)",
        "ref": "09K08",
        "type": "Integrierte Sekundarschule ( öffentlich )",
        "street": "Glienicker Str. 24-30",
        "zip": "12557",
        "city": "Berlin",
        "district": "Köpenick",
        "center": [
          13.409779,
          52.520645
        ],
        "additions": []
      },
      "geometry": {
        "type": "Point",
        "coordinates": [
          13.409779,
          52.520645
        ]
      }
    },
    {
      "type": "Feature",
      "properties": {
        "title": "Schule an der Haveldüne (Integrierte Sekundarschule)",
        "ref": "05K08",
        "type": "Integrierte Sekundarschule ( öffentlich )",
        "street": "Jaczostr. 53-67",
        "zip": "13595",
        "city": "Berlin",
        "district": "Wilhelmstadt",
        "center": [
          13.409779,
          52.520645
        ],
        "additions": [
          "Barrierefreie Toilette vorhanden, Behindertenparkplatz vorhanden, Zugang über Rampe möglich"
        ]
      },
      "geometry": {
        "type": "Point",
        "coordinates": [
          13.409779,
          52.520645
        ]
      }
    },
    {
      "type": "Feature",
      "properties": {
        "title": "Schule an der Jungfernheide (Integrierte Sekundarschule)",
        "ref": "05K07",
        "type": "Integrierte Sekundarschule ( öffentlich )",
        "street": "Lenther Steig 1-3",
        "zip": "13629",
        "city": "Berlin",
        "district": "Siemensstadt",
        "center": [
          13.409779,
          52.520645
        ],
        "additions": [
          "Barrierefreie Toilette vorhanden, Fahrstuhl vorhanden, Zugang über Rampe möglich"
        ]
      },
      "geometry": {
        "type": "Point",
        "coordinates": [
          13.409779,
          52.520645
        ]
      }
    },
    {
      "type": "Feature",
      "properties": {
        "title": "Schule an der Strauchwiese",
        "ref": "03S09",
        "type": "Förderschwerp. - Übrige ( öffentlich )",
        "street": "Mendelstr. 54",
        "zip": "13187",
        "city": "Berlin",
        "district": "Pankow",
        "center": [
          13.409779,
          52.520645
        ],
        "additions": [
          "Barrierefreie Toilette vorhanden, Fahrstuhl vorhanden"
        ]
      },
      "geometry": {
        "type": "Point",
        "coordinates": [
          13.409779,
          52.520645
        ]
      }
    },
    {
      "type": "Feature",
      "properties": {
        "title": "Schule an der Victoriastadt (Grundschule)",
        "ref": "11G16",
        "type": "Grundschule ( öffentlich )",
        "street": "Nöldnerstr. 44",
        "zip": "10317",
        "city": "Berlin",
        "district": "Rummelsburg",
        "center": [
          13.409779,
          52.520645
        ],
        "additions": []
      },
      "geometry": {
        "type": "Point",
        "coordinates": [
          13.409779,
          52.520645
        ]
      }
    },
    {
      "type": "Feature",
      "properties": {
        "title": "Schule an der Windmühle",
        "ref": "08S09",
        "type": "Förderschwerp. - Übrige ( öffentlich )",
        "street": "Buckower Damm 176",
        "zip": "12349",
        "city": "Berlin",
        "district": "Buckow",
        "center": [
          13.409779,
          52.520645
        ],
        "additions": [
          "Behindertenparkplatz vorhanden, Zugang über Rampe möglich"
        ]
      },
      "geometry": {
        "type": "Point",
        "coordinates": [
          13.409779,
          52.520645
        ]
      }
    },
    {
      "type": "Feature",
      "properties": {
        "title": "Schule an der Windmühle",
        "ref": "08S09",
        "type": "Integrierte Sekundarschule ( öffentlich )",
        "street": "Buckower Damm 176",
        "zip": "12349",
        "city": "Berlin",
        "district": "Buckow",
        "center": [
          13.409779,
          52.520645
        ],
        "additions": [
          "Behindertenparkplatz vorhanden, Zugang über Rampe möglich"
        ]
      },
      "geometry": {
        "type": "Point",
        "coordinates": [
          13.409779,
          52.520645
        ]
      }
    },
    {
      "type": "Feature",
      "properties": {
        "title": "Schule an der Wuhlheide (Grundschule)",
        "ref": "09G22",
        "type": "Grundschule ( öffentlich )",
        "street": "Kottmeierstr. 2",
        "zip": "12459",
        "city": "Berlin",
        "district": "Oberschöneweide",
        "center": [
          13.409779,
          52.520645
        ],
        "additions": [
          "Behindertenparkplatz vorhanden"
        ]
      },
      "geometry": {
        "type": "Point",
        "coordinates": [
          13.409779,
          52.520645
        ]
      }
    },
    {
      "type": "Feature",
      "properties": {
        "title": "Schule auf dem lichten Berg (Grundschule)",
        "ref": "11G05",
        "type": "Grundschule ( öffentlich )",
        "street": "Atzpodienstr. 19",
        "zip": "10365",
        "city": "Berlin",
        "district": "Lichtenberg",
        "center": [
          13.409779,
          52.520645
        ],
        "additions": [
          "Barrierefreie Toilette vorhanden"
        ]
      },
      "geometry": {
        "type": "Point",
        "coordinates": [
          13.409779,
          52.520645
        ]
      }
    },
    {
      "type": "Feature",
      "properties": {
        "title": "Schule für Bildende Kunst und Gestaltung, Andrei Krioukov GmbH",
        "ref": "03E17",
        "type": "Künstlerische Schule ( privat )",
        "street": "Immanuelkirchstr. 4",
        "zip": "10405",
        "city": "Berlin",
        "district": "Prenzlauer Berg",
        "center": [
          13.409779,
          52.520645
        ],
        "additions": []
      },
      "geometry": {
        "type": "Point",
        "coordinates": [
          13.409779,
          52.520645
        ]
      }
    },
    {
      "type": "Feature",
      "properties": {
        "title": "Schule für Eurythmische Art und Kunst",
        "ref": "06E01",
        "type": "Künstlerische Schule ( privat )",
        "street": "Argentinische Allee 23",
        "zip": "14163",
        "city": "Berlin",
        "district": "Zehlendorf",
        "center": [
          13.409779,
          52.520645
        ],
        "additions": []
      },
      "geometry": {
        "type": "Point",
        "coordinates": [
          13.409779,
          52.520645
        ]
      }
    },
    {
      "type": "Feature",
      "properties": {
        "title": "Schule für F.M. Alexander-Technik",
        "ref": "02E18",
        "type": "Sonstige Ergänzungsschule ( privat )",
        "street": "Mehringdamm 33",
        "zip": "10961",
        "city": "Berlin",
        "district": "Kreuzberg",
        "center": [
          13.409779,
          52.520645
        ],
        "additions": []
      },
      "geometry": {
        "type": "Point",
        "coordinates": [
          13.409779,
          52.520645
        ]
      }
    },
    {
      "type": "Feature",
      "properties": {
        "title": "Schule im Gutspark (Grundschule)",
        "ref": "11G03",
        "type": "Grundschule ( öffentlich )",
        "street": "Josef-Orlopp-Str. 20",
        "zip": "10367",
        "city": "Berlin",
        "district": "Lichtenberg",
        "center": [
          13.409779,
          52.520645
        ],
        "additions": [
          "Barrierefreie Toilette vorhanden, Behindertenparkplatz vorhanden"
        ]
      },
      "geometry": {
        "type": "Point",
        "coordinates": [
          13.409779,
          52.520645
        ]
      }
    },
    {
      "type": "Feature",
      "properties": {
        "title": "Schule im Ostseekarree (Grundschule)",
        "ref": "11G10",
        "type": "Grundschule ( öffentlich )",
        "street": "Barther Str. 27",
        "zip": "13051",
        "city": "Berlin",
        "district": "Neu-Hohenschönhausen",
        "center": [
          13.409779,
          52.520645
        ],
        "additions": [
          "Barrierefreie Toilette vorhanden, Fahrstuhl vorhanden"
        ]
      },
      "geometry": {
        "type": "Point",
        "coordinates": [
          13.409779,
          52.520645
        ]
      }
    },
    {
      "type": "Feature",
      "properties": {
        "title": "Schule in der Charité",
        "ref": "01S05",
        "type": "Förderschwerp. - Übrige ( öffentlich )",
        "street": "Augustenburger Platz 1",
        "zip": "13353",
        "city": "Berlin",
        "district": "Wedding",
        "center": [
          13.409779,
          52.520645
        ],
        "additions": [
          "Filiale: Landsberger Allee 49, 10249 Berlin; Zadekstr. 46, 12351 Berlin und Wüsthoffstr. 15, 12101 Berlin, Barrierefreie Toilette vorhanden, Fahrstuhl vorhanden, Zugang über Rampe möglich"
        ]
      },
      "geometry": {
        "type": "Point",
        "coordinates": [
          13.409779,
          52.520645
        ]
      }
    },
    {
      "type": "Feature",
      "properties": {
        "title": "Schule in der Köllnischen Heide (Grundschule)",
        "ref": "08G35",
        "type": "Grundschule ( öffentlich )",
        "street": "Hänselstr. 6",
        "zip": "12057",
        "city": "Berlin",
        "district": "Neukölln",
        "center": [
          13.409779,
          52.520645
        ],
        "additions": [
          "Barrierefreie Toilette vorhanden, Fahrstuhl vorhanden"
        ]
      },
      "geometry": {
        "type": "Point",
        "coordinates": [
          13.409779,
          52.520645
        ]
      }
    },
    {
      "type": "Feature",
      "properties": {
        "title": "Schule in der Köllnischen Vorstadt (Grundschule)",
        "ref": "09G18",
        "type": "Grundschule ( öffentlich )",
        "street": "Rudower Str. 201",
        "zip": "12557",
        "city": "Berlin",
        "district": "Köpenick",
        "center": [
          13.409779,
          52.520645
        ],
        "additions": []
      },
      "geometry": {
        "type": "Point",
        "coordinates": [
          13.409779,
          52.520645
        ]
      }
    },
    {
      "type": "Feature",
      "properties": {
        "title": "Schule-am-Tierpark (Integrierte Sekundarschule)",
        "ref": "11K08",
        "type": "Integrierte Sekundarschule ( öffentlich )",
        "street": "Sewanstr. 223",
        "zip": "10319",
        "city": "Berlin",
        "district": "Friedrichsfelde",
        "center": [
          13.409779,
          52.520645
        ],
        "additions": []
      },
      "geometry": {
        "type": "Point",
        "coordinates": [
          13.409779,
          52.520645
        ]
      }
    },
    {
      "type": "Feature",
      "properties": {
        "title": "SchuleEins (Gemeinschaftsschule)",
        "ref": "03P20",
        "type": "Gemeinschaftsschule ( privat )",
        "street": "Berliner Str. 120-121",
        "zip": "13187",
        "city": "Berlin",
        "district": "Pankow",
        "center": [
          13.409779,
          52.520645
        ],
        "additions": [
          "Filialen: Schillerstr. 49, 13158 Berlin; Granitzstr. 38A, 13189 Berlin; Hadlichstr. 44, 13187 Berlin, Barrierefreie Toilette vorhanden, Behindertenparkplatz vorhanden, Fahrstuhl vorhanden, Zugang über Rampe möglich"
        ]
      },
      "geometry": {
        "type": "Point",
        "coordinates": [
          13.409779,
          52.520645
        ]
      }
    },
    {
      "type": "Feature",
      "properties": {
        "title": "SchuleEins (Gemeinschaftsschule)",
        "ref": "03P20",
        "type": "Grundschule ( privat )",
        "street": "Berliner Str. 120-121",
        "zip": "13187",
        "city": "Berlin",
        "district": "Pankow",
        "center": [
          13.409779,
          52.520645
        ],
        "additions": [
          "Filialen: Schillerstr. 49, 13158 Berlin; Granitzstr. 38A, 13189 Berlin; Hadlichstr. 44, 13187 Berlin, Barrierefreie Toilette vorhanden, Behindertenparkplatz vorhanden, Fahrstuhl vorhanden, Zugang über Rampe möglich"
        ]
      },
      "geometry": {
        "type": "Point",
        "coordinates": [
          13.409779,
          52.520645
        ]
      }
    },
    {
      "type": "Feature",
      "properties": {
        "title": "Schulen Christburg Campus Prenzlauer Berg",
        "ref": "03P03",
        "type": "Integrierte Sekundarschule ( privat )",
        "street": "Christburger Str. 14",
        "zip": "10405",
        "city": "Berlin",
        "district": "Prenzlauer Berg",
        "center": [
          13.409779,
          52.520645
        ],
        "additions": []
      },
      "geometry": {
        "type": "Point",
        "coordinates": [
          13.409779,
          52.520645
        ]
      }
    },
    {
      "type": "Feature",
      "properties": {
        "title": "Schulen Christburg Campus Prenzlauer Berg",
        "ref": "03P03",
        "type": "Grundschule ( privat )",
        "street": "Christburger Str. 14",
        "zip": "10405",
        "city": "Berlin",
        "district": "Prenzlauer Berg",
        "center": [
          13.409779,
          52.520645
        ],
        "additions": []
      },
      "geometry": {
        "type": "Point",
        "coordinates": [
          13.409779,
          52.520645
        ]
      }
    },
    {
      "type": "Feature",
      "properties": {
        "title": "Schulen der ASIG Stiftung e.V.",
        "ref": "01P52",
        "type": "Berufsfachschule ( privat )",
        "street": "Kaiserin-Augusta-Allee 14",
        "zip": "10553",
        "city": "Berlin",
        "district": "Moabit",
        "center": [
          13.409779,
          52.520645
        ],
        "additions": []
      },
      "geometry": {
        "type": "Point",
        "coordinates": [
          13.409779,
          52.520645
        ]
      }
    },
    {
      "type": "Feature",
      "properties": {
        "title": "Schulen der ASIG Stiftung e.V.",
        "ref": "01P52",
        "type": "Fachschule ( privat )",
        "street": "Kaiserin-Augusta-Allee 14",
        "zip": "10553",
        "city": "Berlin",
        "district": "Moabit",
        "center": [
          13.409779,
          52.520645
        ],
        "additions": []
      },
      "geometry": {
        "type": "Point",
        "coordinates": [
          13.409779,
          52.520645
        ]
      }
    },
    {
      "type": "Feature",
      "properties": {
        "title": "Schulen der BAWI gGmbH",
        "ref": "11P14",
        "type": "Fachschule ( privat )",
        "street": "Franz-Jacob-Str. 2",
        "zip": "10369",
        "city": "Berlin",
        "district": "Fennpfuhl",
        "center": [
          13.409779,
          52.520645
        ],
        "additions": []
      },
      "geometry": {
        "type": "Point",
        "coordinates": [
          13.409779,
          52.520645
        ]
      }
    },
    {
      "type": "Feature",
      "properties": {
        "title": "Schulfarm Insel Scharfenberg",
        "ref": "12Y06",
        "type": "Gymnasien ( öffentlich )",
        "street": "Schwarzer Weg 101-105",
        "zip": "13505",
        "city": "Berlin",
        "district": "Tegel",
        "center": [
          13.409779,
          52.520645
        ],
        "additions": [
          "Barrierefreie Toilette vorhanden"
        ]
      },
      "geometry": {
        "type": "Point",
        "coordinates": [
          13.409779,
          52.520645
        ]
      }
    },
    {
      "type": "Feature",
      "properties": {
        "title": "Schweizerhof-Grundschule",
        "ref": "06G08",
        "type": "Grundschule ( öffentlich )",
        "street": "Leo-Baeck-Str. 28-30",
        "zip": "14167",
        "city": "Berlin",
        "district": "Zehlendorf",
        "center": [
          13.409779,
          52.520645
        ],
        "additions": [
          "Barrierefreie Toilette vorhanden"
        ]
      },
      "geometry": {
        "type": "Point",
        "coordinates": [
          13.409779,
          52.520645
        ]
      }
    },
    {
      "type": "Feature",
      "properties": {
        "title": "Seepark-Grundschule",
        "ref": "11G37",
        "type": "Grundschule ( öffentlich )",
        "street": "Blockdammweg 60",
        "zip": "10318",
        "city": "Berlin",
        "district": "Karlshorst",
        "center": [
          13.409779,
          52.520645
        ],
        "additions": []
      },
      "geometry": {
        "type": "Point",
        "coordinates": [
          13.409779,
          52.520645
        ]
      }
    },
    {
      "type": "Feature",
      "properties": {
        "title": "Seepark-Grundschule",
        "ref": "11G37",
        "type": "Förderschwerp. - Geistige Entwicklung ( öffentlich )",
        "street": "Blockdammweg 60",
        "zip": "10318",
        "city": "Berlin",
        "district": "Karlshorst",
        "center": [
          13.409779,
          52.520645
        ],
        "additions": []
      },
      "geometry": {
        "type": "Point",
        "coordinates": [
          13.409779,
          52.520645
        ]
      }
    },
    {
      "type": "Feature",
      "properties": {
        "title": "Selma-Lagerlöf-Grundschule",
        "ref": "10G03",
        "type": "Grundschule ( öffentlich )",
        "street": "Wörlitzer Str. 31",
        "zip": "12689",
        "city": "Berlin",
        "district": "Marzahn",
        "center": [
          13.409779,
          52.520645
        ],
        "additions": []
      },
      "geometry": {
        "type": "Point",
        "coordinates": [
          13.409779,
          52.520645
        ]
      }
    },
    {
      "type": "Feature",
      "properties": {
        "title": "Selma-Lagerlöf-Schule",
        "ref": "11S06",
        "type": "Förderschwerp. - Übrige ( öffentlich )",
        "street": "Rüdigerstr. 76",
        "zip": "10365",
        "city": "Berlin",
        "district": "Lichtenberg",
        "center": [
          13.409779,
          52.520645
        ],
        "additions": [
          "Barrierefreie Toilette vorhanden"
        ]
      },
      "geometry": {
        "type": "Point",
        "coordinates": [
          13.409779,
          52.520645
        ]
      }
    },
    {
      "type": "Feature",
      "properties": {
        "title": "Seminar für Waldorfpädagogik Berlin e.V.",
        "ref": "01E13",
        "type": "Sonstige Ergänzungsschule ( privat )",
        "street": "Weinmeisterstr. 16",
        "zip": "10178",
        "city": "Berlin",
        "district": "Mitte",
        "center": [
          13.409779,
          52.520645
        ],
        "additions": []
      },
      "geometry": {
        "type": "Point",
        "coordinates": [
          13.409779,
          52.520645
        ]
      }
    },
    {
      "type": "Feature",
      "properties": {
        "title": "Semper Schulen Berlin gGmbH",
        "ref": "11P19",
        "type": "Fachschule ( privat )",
        "street": "Möllendorffstr. 45-52",
        "zip": "10367",
        "city": "Berlin",
        "district": "Fennpfuhl",
        "center": [
          13.409779,
          52.520645
        ],
        "additions": []
      },
      "geometry": {
        "type": "Point",
        "coordinates": [
          13.409779,
          52.520645
        ]
      }
    },
    {
      "type": "Feature",
      "properties": {
        "title": "Semper Schulen Berlin gGmbH",
        "ref": "11P19",
        "type": "Berufsfachschule ( privat )",
        "street": "Möllendorffstr. 45-52",
        "zip": "10367",
        "city": "Berlin",
        "district": "Fennpfuhl",
        "center": [
          13.409779,
          52.520645
        ],
        "additions": []
      },
      "geometry": {
        "type": "Point",
        "coordinates": [
          13.409779,
          52.520645
        ]
      }
    },
    {
      "type": "Feature",
      "properties": {
        "title": "Semper Schulen Berlin gGmbH",
        "ref": "10P21",
        "type": "Berufsfachschule ( privat )",
        "street": "Leunaer Str. 7",
        "zip": "12681",
        "city": "Berlin",
        "district": "Marzahn",
        "center": [
          13.409779,
          52.520645
        ],
        "additions": [
          "Barrierefreie Toilette vorhanden, Fahrstuhl vorhanden, Zugang über Rampe möglich"
        ]
      },
      "geometry": {
        "type": "Point",
        "coordinates": [
          13.409779,
          52.520645
        ]
      }
    },
    {
      "type": "Feature",
      "properties": {
        "title": "Semper Schulen Berlin gGmbH",
        "ref": "10P21",
        "type": "Berufsschule ( privat )",
        "street": "Leunaer Str. 7",
        "zip": "12681",
        "city": "Berlin",
        "district": "Marzahn",
        "center": [
          13.409779,
          52.520645
        ],
        "additions": [
          "Barrierefreie Toilette vorhanden, Fahrstuhl vorhanden, Zugang über Rampe möglich"
        ]
      },
      "geometry": {
        "type": "Point",
        "coordinates": [
          13.409779,
          52.520645
        ]
      }
    },
    {
      "type": "Feature",
      "properties": {
        "title": "Semper Schulen Berlin gGmbH",
        "ref": "10P21",
        "type": "Fachschule ( privat )",
        "street": "Leunaer Str. 7",
        "zip": "12681",
        "city": "Berlin",
        "district": "Marzahn",
        "center": [
          13.409779,
          52.520645
        ],
        "additions": [
          "Barrierefreie Toilette vorhanden, Fahrstuhl vorhanden, Zugang über Rampe möglich"
        ]
      },
      "geometry": {
        "type": "Point",
        "coordinates": [
          13.409779,
          52.520645
        ]
      }
    },
    {
      "type": "Feature",
      "properties": {
        "title": "sfe Schule für Erwachsenenbildung e.V.",
        "ref": "02P32",
        "type": "Zweiter Bildungsweg ( privat )",
        "street": "Gneisenaustr. 2A",
        "zip": "10961",
        "city": "Berlin",
        "district": "Kreuzberg",
        "center": [
          13.409779,
          52.520645
        ],
        "additions": []
      },
      "geometry": {
        "type": "Point",
        "coordinates": [
          13.409779,
          52.520645
        ]
      }
    },
    {
      "type": "Feature",
      "properties": {
        "title": "SFT-Schule für Wirtschaft und Tourismus Berlin GmbH",
        "ref": "01E37",
        "type": "Sonstige Ergänzungsschule ( privat )",
        "street": "Lehrter Str. 12",
        "zip": "10557",
        "city": "Berlin",
        "district": "Moabit",
        "center": [
          13.409779,
          52.520645
        ],
        "additions": []
      },
      "geometry": {
        "type": "Point",
        "coordinates": [
          13.409779,
          52.520645
        ]
      }
    },
    {
      "type": "Feature",
      "properties": {
        "title": "Shou Zhong Schule für Traditionelle Chinesische Medizin",
        "ref": "07E19",
        "type": "Heilpraktikerschule ( privat )",
        "street": "Belziger Str. 69-71",
        "zip": "10823",
        "city": "Berlin",
        "district": "Schöneberg",
        "center": [
          13.409779,
          52.520645
        ],
        "additions": []
      },
      "geometry": {
        "type": "Point",
        "coordinates": [
          13.409779,
          52.520645
        ]
      }
    },
    {
      "type": "Feature",
      "properties": {
        "title": "Siegerland-Grundschule",
        "ref": "05G06",
        "type": "Grundschule ( öffentlich )",
        "street": "Hermann-Schmidt-Weg 4",
        "zip": "13589",
        "city": "Berlin",
        "district": "Falkenhagener Feld",
        "center": [
          13.409779,
          52.520645
        ],
        "additions": [
          "Barrierefreie Toilette vorhanden, Behindertenparkplatz vorhanden, Fahrstuhl vorhanden, Zugang über Rampe möglich"
        ]
      },
      "geometry": {
        "type": "Point",
        "coordinates": [
          13.409779,
          52.520645
        ]
      }
    },
    {
      "type": "Feature",
      "properties": {
        "title": "Silberstein-Schule (Grundschule)",
        "ref": "08G21",
        "type": "Grundschule ( öffentlich )",
        "street": "Silbersteinstr. 42",
        "zip": "12051",
        "city": "Berlin",
        "district": "Neukölln",
        "center": [
          13.409779,
          52.520645
        ],
        "additions": []
      },
      "geometry": {
        "type": "Point",
        "coordinates": [
          13.409779,
          52.520645
        ]
      }
    },
    {
      "type": "Feature",
      "properties": {
        "title": "SiliconStudioAcademy Berlin",
        "ref": "01E10",
        "type": "Sonstige Ergänzungsschule ( privat )",
        "street": "Groninger Str. 25",
        "zip": "13347",
        "city": "Berlin",
        "district": "Wedding",
        "center": [
          13.409779,
          52.520645
        ],
        "additions": []
      },
      "geometry": {
        "type": "Point",
        "coordinates": [
          13.409779,
          52.520645
        ]
      }
    },
    {
      "type": "Feature",
      "properties": {
        "title": "SIS Swiss International School Berlin",
        "ref": "05P19",
        "type": "Integrierte Sekundarschule ( privat )",
        "street": "Heerstr. 463 ",
        "zip": "13593",
        "city": "Berlin",
        "district": "Staaken",
        "center": [
          13.409779,
          52.520645
        ],
        "additions": [
          "Eingang über Reimerweg 11"
        ]
      },
      "geometry": {
        "type": "Point",
        "coordinates": [
          13.409779,
          52.520645
        ]
      }
    },
    {
      "type": "Feature",
      "properties": {
        "title": "SIS Swiss International School Berlin",
        "ref": "05P19",
        "type": "Grundschule ( privat )",
        "street": "Heerstr. 463 ",
        "zip": "13593",
        "city": "Berlin",
        "district": "Staaken",
        "center": [
          13.409779,
          52.520645
        ],
        "additions": [
          "Eingang über Reimerweg 11"
        ]
      },
      "geometry": {
        "type": "Point",
        "coordinates": [
          13.409779,
          52.520645
        ]
      }
    },
    {
      "type": "Feature",
      "properties": {
        "title": "Solling-Schule",
        "ref": "07K05",
        "type": "Integrierte Sekundarschule ( öffentlich )",
        "street": "Alt-Marienfelde 52",
        "zip": "12277",
        "city": "Berlin",
        "district": "Marienfelde",
        "center": [
          13.409779,
          52.520645
        ],
        "additions": [
          "Behindertenparkplatz vorhanden, Zugang über Rampe möglich"
        ]
      },
      "geometry": {
        "type": "Point",
        "coordinates": [
          13.409779,
          52.520645
        ]
      }
    },
    {
      "type": "Feature",
      "properties": {
        "title": "Sonnenblumen-Schule (Grundschule)",
        "ref": "09G04",
        "type": "Grundschule ( öffentlich )",
        "street": "Radenzer Str. 16",
        "zip": "12437",
        "city": "Berlin",
        "district": "Baumschulenweg",
        "center": [
          13.409779,
          52.520645
        ],
        "additions": []
      },
      "geometry": {
        "type": "Point",
        "coordinates": [
          13.409779,
          52.520645
        ]
      }
    },
    {
      "type": "Feature",
      "properties": {
        "title": "Sonnen-Schule (Grundschule)",
        "ref": "08G20",
        "type": "Grundschule ( öffentlich )",
        "street": "Dammweg 228",
        "zip": "12057",
        "city": "Berlin",
        "district": "Neukölln",
        "center": [
          13.409779,
          52.520645
        ],
        "additions": [
          "Barrierefreie Toilette vorhanden, Behindertenparkplatz vorhanden, Zugang über Rampe möglich"
        ]
      },
      "geometry": {
        "type": "Point",
        "coordinates": [
          13.409779,
          52.520645
        ]
      }
    },
    {
      "type": "Feature",
      "properties": {
        "title": "Sonnenuhr-Schule (Grundschule)",
        "ref": "11G01",
        "type": "Grundschule ( öffentlich )",
        "street": "Franz-Jacob-Str. 33",
        "zip": "10369",
        "city": "Berlin",
        "district": "Fennpfuhl",
        "center": [
          13.409779,
          52.520645
        ],
        "additions": [
          "Barrierefreie Toilette vorhanden"
        ]
      },
      "geometry": {
        "type": "Point",
        "coordinates": [
          13.409779,
          52.520645
        ]
      }
    },
    {
      "type": "Feature",
      "properties": {
        "title": "Sophie-Brahe-Gemeinschaftsschule",
        "ref": "09K07",
        "type": "Gemeinschaftsschule ( öffentlich )",
        "street": "Am Plänterwald 17-23",
        "zip": "12435",
        "city": "Berlin",
        "district": "Plänterwald",
        "center": [
          13.409779,
          52.520645
        ],
        "additions": []
      },
      "geometry": {
        "type": "Point",
        "coordinates": [
          13.409779,
          52.520645
        ]
      }
    },
    {
      "type": "Feature",
      "properties": {
        "title": "Sophie-Charlotte-Gymnasium",
        "ref": "04Y03",
        "type": "Gymnasien ( öffentlich )",
        "street": "Sybelstr. 2",
        "zip": "10629",
        "city": "Berlin",
        "district": "Charlottenburg",
        "center": [
          13.409779,
          52.520645
        ],
        "additions": []
      },
      "geometry": {
        "type": "Point",
        "coordinates": [
          13.409779,
          52.520645
        ]
      }
    },
    {
      "type": "Feature",
      "properties": {
        "title": "Sophie-Scholl-Schule",
        "ref": "07K01",
        "type": "Integrierte Sekundarschule ( öffentlich )",
        "street": "Elßholzstr. 34-37",
        "zip": "10781",
        "city": "Berlin",
        "district": "Schöneberg",
        "center": [
          13.409779,
          52.520645
        ],
        "additions": [
          "Barrierefreie Toilette vorhanden, Fahrstuhl vorhanden"
        ]
      },
      "geometry": {
        "type": "Point",
        "coordinates": [
          13.409779,
          52.520645
        ]
      }
    },
    {
      "type": "Feature",
      "properties": {
        "title": "Sophie-Scholl-Schule",
        "ref": "07K01",
        "type": "Förderschwerp. - Geistige Entwicklung ( öffentlich )",
        "street": "Elßholzstr. 34-37",
        "zip": "10781",
        "city": "Berlin",
        "district": "Schöneberg",
        "center": [
          13.409779,
          52.520645
        ],
        "additions": [
          "Barrierefreie Toilette vorhanden, Fahrstuhl vorhanden"
        ]
      },
      "geometry": {
        "type": "Point",
        "coordinates": [
          13.409779,
          52.520645
        ]
      }
    },
    {
      "type": "Feature",
      "properties": {
        "title": "Soziale Fachschulen Johannesstift Diakonie gGmbH",
        "ref": "05P10",
        "type": "Fachschule ( privat )",
        "street": "Schönwalder Allee 26",
        "zip": "13587",
        "city": "Berlin",
        "district": "Hakenfelde",
        "center": [
          13.409779,
          52.520645
        ],
        "additions": []
      },
      "geometry": {
        "type": "Point",
        "coordinates": [
          13.409779,
          52.520645
        ]
      }
    },
    {
      "type": "Feature",
      "properties": {
        "title": "Soziale Fachschulen Johannesstift Diakonie gGmbH",
        "ref": "05P10",
        "type": "Berufsfachschule ( privat )",
        "street": "Schönwalder Allee 26",
        "zip": "13587",
        "city": "Berlin",
        "district": "Hakenfelde",
        "center": [
          13.409779,
          52.520645
        ],
        "additions": []
      },
      "geometry": {
        "type": "Point",
        "coordinates": [
          13.409779,
          52.520645
        ]
      }
    },
    {
      "type": "Feature",
      "properties": {
        "title": "Sozialpädagogisches Institut Berlin „Walter May“ - Stiftung SPI",
        "ref": "02P05",
        "type": "Fachschule ( privat )",
        "street": "Hallesches Ufer 32-38",
        "zip": "10963",
        "city": "Berlin",
        "district": "Kreuzberg",
        "center": [
          13.409779,
          52.520645
        ],
        "additions": [
          "Barrierefreie Toilette vorhanden, Behindertenparkplatz vorhanden, Fahrstuhl vorhanden, Zugang über Rampe möglich"
        ]
      },
      "geometry": {
        "type": "Point",
        "coordinates": [
          13.409779,
          52.520645
        ]
      }
    },
    {
      "type": "Feature",
      "properties": {
        "title": "Spartacus-Grundschule",
        "ref": "02G01",
        "type": "Grundschule ( öffentlich )",
        "street": "Friedenstr. 40-45",
        "zip": "10249",
        "city": "Berlin",
        "district": "Friedrichshain",
        "center": [
          13.409779,
          52.520645
        ],
        "additions": []
      },
      "geometry": {
        "type": "Point",
        "coordinates": [
          13.409779,
          52.520645
        ]
      }
    },
    {
      "type": "Feature",
      "properties": {
        "title": "SPI Fachschule für Sozialpädagogik",
        "ref": "07P12",
        "type": "Fachschule ( privat )",
        "street": "Priesterweg 4",
        "zip": "10829",
        "city": "Berlin",
        "district": "Schöneberg",
        "center": [
          13.409779,
          52.520645
        ],
        "additions": []
      },
      "geometry": {
        "type": "Point",
        "coordinates": [
          13.409779,
          52.520645
        ]
      }
    },
    {
      "type": "Feature",
      "properties": {
        "title": "Sportschule des Landessportbundes Berlin e.V.",
        "ref": "07E11",
        "type": "Sonstige Ergänzungsschule ( privat )",
        "street": "Priesterweg 4",
        "zip": "10829",
        "city": "Berlin",
        "district": "Schöneberg",
        "center": [
          13.409779,
          52.520645
        ],
        "additions": []
      },
      "geometry": {
        "type": "Point",
        "coordinates": [
          13.409779,
          52.520645
        ]
      }
    },
    {
      "type": "Feature",
      "properties": {
        "title": "Sportschule im Olympiapark - Poelchau-Schule",
        "ref": "04A08",
        "type": "Integrierte Sekundarschule ( öffentlich )",
        "street": "Prinz-Friedrich-Karl-Weg 1",
        "zip": "14053",
        "city": "Berlin",
        "district": "Westend",
        "center": [
          13.409779,
          52.520645
        ],
        "additions": [
          "Barrierefreie Toilette vorhanden, Fahrstuhl vorhanden"
        ]
      },
      "geometry": {
        "type": "Point",
        "coordinates": [
          13.409779,
          52.520645
        ]
      }
    },
    {
      "type": "Feature",
      "properties": {
        "title": "Spreewald-Grundschule",
        "ref": "07G01",
        "type": "Grundschule ( öffentlich )",
        "street": "Pallasstr. 15",
        "zip": "10781",
        "city": "Berlin",
        "district": "Schöneberg",
        "center": [
          13.409779,
          52.520645
        ],
        "additions": [
          "Barrierefreie Toilette vorhanden, Fahrstuhl vorhanden, Zugang über Rampe möglich"
        ]
      },
      "geometry": {
        "type": "Point",
        "coordinates": [
          13.409779,
          52.520645
        ]
      }
    },
    {
      "type": "Feature",
      "properties": {
        "title": "SPS BLiQ 01 / 1. SPS (ISS/GY)",
        "ref": "11A08",
        "type": "Schulpraktisches Seminar ( öffentlich )",
        "street": "Alt-Friedrichsfelde 60",
        "zip": "10315",
        "city": "Berlin",
        "district": "Friedrichsfelde",
        "center": [
          13.409779,
          52.520645
        ],
        "additions": []
      },
      "geometry": {
        "type": "Point",
        "coordinates": [
          13.409779,
          52.520645
        ]
      }
    },
    {
      "type": "Feature",
      "properties": {
        "title": "SPS BLiQ 01 / 10. SPS (ISS/GY)",
        "ref": "10A06",
        "type": "Schulpraktisches Seminar ( öffentlich )",
        "street": "Kyritzer Str. 51",
        "zip": "12629",
        "city": "Berlin",
        "district": "Hellersdorf",
        "center": [
          13.409779,
          52.520645
        ],
        "additions": []
      },
      "geometry": {
        "type": "Point",
        "coordinates": [
          13.409779,
          52.520645
        ]
      }
    },
    {
      "type": "Feature",
      "properties": {
        "title": "SPS BLiQ 01 / 11. SPS (GS)",
        "ref": "10A07",
        "type": "Schulpraktisches Seminar ( öffentlich )",
        "street": "Kyritzer Str. 51",
        "zip": "12629",
        "city": "Berlin",
        "district": "Hellersdorf",
        "center": [
          13.409779,
          52.520645
        ],
        "additions": []
      },
      "geometry": {
        "type": "Point",
        "coordinates": [
          13.409779,
          52.520645
        ]
      }
    },
    {
      "type": "Feature",
      "properties": {
        "title": "SPS BLiQ 01 / 12. SPS (ISS/GY)",
        "ref": "10A08",
        "type": "Schulpraktisches Seminar ( öffentlich )",
        "street": "Kyritzer Str. 51",
        "zip": "12629",
        "city": "Berlin",
        "district": "Hellersdorf",
        "center": [
          13.409779,
          52.520645
        ],
        "additions": []
      },
      "geometry": {
        "type": "Point",
        "coordinates": [
          13.409779,
          52.520645
        ]
      }
    },
    {
      "type": "Feature",
      "properties": {
        "title": "SPS BLiQ 01 / 13. SPS (ISS/GY)",
        "ref": "10A09",
        "type": "Schulpraktisches Seminar ( öffentlich )",
        "street": "Kyritzer Str. 51",
        "zip": "12629",
        "city": "Berlin",
        "district": "Hellersdorf",
        "center": [
          13.409779,
          52.520645
        ],
        "additions": []
      },
      "geometry": {
        "type": "Point",
        "coordinates": [
          13.409779,
          52.520645
        ]
      }
    },
    {
      "type": "Feature",
      "properties": {
        "title": "SPS BLiQ 01 / 14. SPS (GS)",
        "ref": "10A10",
        "type": "Schulpraktisches Seminar ( öffentlich )",
        "street": "Kyritzer Str. 51",
        "zip": "12629",
        "city": "Berlin",
        "district": "Hellersdorf",
        "center": [
          13.409779,
          52.520645
        ],
        "additions": []
      },
      "geometry": {
        "type": "Point",
        "coordinates": [
          13.409779,
          52.520645
        ]
      }
    },
    {
      "type": "Feature",
      "properties": {
        "title": "SPS BLiQ 01 / 2. SPS (ISS/GY)",
        "ref": "11A02",
        "type": "Schulpraktisches Seminar ( öffentlich )",
        "street": "Alt-Friedrichsfelde 60",
        "zip": "10315",
        "city": "Berlin",
        "district": "Friedrichsfelde",
        "center": [
          13.409779,
          52.520645
        ],
        "additions": []
      },
      "geometry": {
        "type": "Point",
        "coordinates": [
          13.409779,
          52.520645
        ]
      }
    },
    {
      "type": "Feature",
      "properties": {
        "title": "SPS BLiQ 01 / 3. SPS (GS)",
        "ref": "11A06",
        "type": "Schulpraktisches Seminar ( öffentlich )",
        "street": "Alt-Friedrichsfelde 60",
        "zip": "10315",
        "city": "Berlin",
        "district": "Friedrichsfelde",
        "center": [
          13.409779,
          52.520645
        ],
        "additions": []
      },
      "geometry": {
        "type": "Point",
        "coordinates": [
          13.409779,
          52.520645
        ]
      }
    },
    {
      "type": "Feature",
      "properties": {
        "title": "SPS BLiQ 01 / 4. SPS (ISS/GY)",
        "ref": "11A09",
        "type": "Schulpraktisches Seminar ( öffentlich )",
        "street": "Alt-Friedrichsfelde 60",
        "zip": "10315",
        "city": "Berlin",
        "district": "Friedrichsfelde",
        "center": [
          13.409779,
          52.520645
        ],
        "additions": []
      },
      "geometry": {
        "type": "Point",
        "coordinates": [
          13.409779,
          52.520645
        ]
      }
    },
    {
      "type": "Feature",
      "properties": {
        "title": "SPS BLiQ 01 / 5. SPS (GS)",
        "ref": "11A12",
        "type": "Schulpraktisches Seminar ( öffentlich )",
        "street": "Alt-Friedrichsfelde 60",
        "zip": "10315",
        "city": "Berlin",
        "district": "Friedrichsfelde",
        "center": [
          13.409779,
          52.520645
        ],
        "additions": []
      },
      "geometry": {
        "type": "Point",
        "coordinates": [
          13.409779,
          52.520645
        ]
      }
    },
    {
      "type": "Feature",
      "properties": {
        "title": "SPS BLiQ 01 / 6. SPS (ISS/GY)",
        "ref": "11A13",
        "type": "Schulpraktisches Seminar ( öffentlich )",
        "street": "Alt-Friedrichsfelde 60",
        "zip": "10315",
        "city": "Berlin",
        "district": "Friedrichsfelde",
        "center": [
          13.409779,
          52.520645
        ],
        "additions": []
      },
      "geometry": {
        "type": "Point",
        "coordinates": [
          13.409779,
          52.520645
        ]
      }
    },
    {
      "type": "Feature",
      "properties": {
        "title": "SPS BLiQ 01 / 7. SPS (ISS/GY)",
        "ref": "11A14",
        "type": "Schulpraktisches Seminar ( öffentlich )",
        "street": "Alt-Friedrichsfelde 60",
        "zip": "10315",
        "city": "Berlin",
        "district": "Friedrichsfelde",
        "center": [
          13.409779,
          52.520645
        ],
        "additions": []
      },
      "geometry": {
        "type": "Point",
        "coordinates": [
          13.409779,
          52.520645
        ]
      }
    },
    {
      "type": "Feature",
      "properties": {
        "title": "SPS BLiQ 01 / 8. SPS (GS)",
        "ref": "11A15",
        "type": "Schulpraktisches Seminar ( öffentlich )",
        "street": "Alt-Friedrichsfelde 60",
        "zip": "10315",
        "city": "Berlin",
        "district": "Friedrichsfelde",
        "center": [
          13.409779,
          52.520645
        ],
        "additions": []
      },
      "geometry": {
        "type": "Point",
        "coordinates": [
          13.409779,
          52.520645
        ]
      }
    },
    {
      "type": "Feature",
      "properties": {
        "title": "SPS BLiQ 02 / 1. SPS (ISS/GY)",
        "ref": "07A01",
        "type": "Schulpraktisches Seminar ( öffentlich )",
        "street": "Sachsendamm 2-7",
        "zip": "10829",
        "city": "Berlin",
        "district": "Schöneberg",
        "center": [
          13.409779,
          52.520645
        ],
        "additions": []
      },
      "geometry": {
        "type": "Point",
        "coordinates": [
          13.409779,
          52.520645
        ]
      }
    },
    {
      "type": "Feature",
      "properties": {
        "title": "SPS BLiQ 02 / 10. SPS (GS)",
        "ref": "07A15",
        "type": "Schulpraktisches Seminar ( öffentlich )",
        "street": "Sachsendamm 2-7",
        "zip": "10829",
        "city": "Berlin",
        "district": "Schöneberg",
        "center": [
          13.409779,
          52.520645
        ],
        "additions": []
      },
      "geometry": {
        "type": "Point",
        "coordinates": [
          13.409779,
          52.520645
        ]
      }
    },
    {
      "type": "Feature",
      "properties": {
        "title": "SPS BLiQ 02 / 11. SPS (ISS/GY)",
        "ref": "07A16",
        "type": "Schulpraktisches Seminar ( öffentlich )",
        "street": "Sachsendamm 2-7",
        "zip": "10829",
        "city": "Berlin",
        "district": "Schöneberg",
        "center": [
          13.409779,
          52.520645
        ],
        "additions": []
      },
      "geometry": {
        "type": "Point",
        "coordinates": [
          13.409779,
          52.520645
        ]
      }
    },
    {
      "type": "Feature",
      "properties": {
        "title": "SPS BLiQ 02 / 12. SPS (ISS/GY)",
        "ref": "07A17",
        "type": "Schulpraktisches Seminar ( öffentlich )",
        "street": "Sachsendamm 2-7",
        "zip": "10829",
        "city": "Berlin",
        "district": "Schöneberg",
        "center": [
          13.409779,
          52.520645
        ],
        "additions": []
      },
      "geometry": {
        "type": "Point",
        "coordinates": [
          13.409779,
          52.520645
        ]
      }
    },
    {
      "type": "Feature",
      "properties": {
        "title": "SPS BLiQ 02 / 13. SPS (ISS/GY)",
        "ref": "07A18",
        "type": "Schulpraktisches Seminar ( öffentlich )",
        "street": "Sachsendamm 2-7",
        "zip": "10829",
        "city": "Berlin",
        "district": "Schöneberg",
        "center": [
          13.409779,
          52.520645
        ],
        "additions": []
      },
      "geometry": {
        "type": "Point",
        "coordinates": [
          13.409779,
          52.520645
        ]
      }
    },
    {
      "type": "Feature",
      "properties": {
        "title": "SPS BLiQ 02 / 14. SPS (ISS/GY)",
        "ref": "07A19",
        "type": "Schulpraktisches Seminar ( öffentlich )",
        "street": "Sachsendamm 2-7",
        "zip": "10829",
        "city": "Berlin",
        "district": "Schöneberg",
        "center": [
          13.409779,
          52.520645
        ],
        "additions": []
      },
      "geometry": {
        "type": "Point",
        "coordinates": [
          13.409779,
          52.520645
        ]
      }
    },
    {
      "type": "Feature",
      "properties": {
        "title": "SPS BLiQ 02 / 15. SPS (ISS/GY)",
        "ref": "07A20",
        "type": "Schulpraktisches Seminar ( öffentlich )",
        "street": "Sachsendamm 2-7",
        "zip": "10829",
        "city": "Berlin",
        "district": "Schöneberg",
        "center": [
          13.409779,
          52.520645
        ],
        "additions": []
      },
      "geometry": {
        "type": "Point",
        "coordinates": [
          13.409779,
          52.520645
        ]
      }
    },
    {
      "type": "Feature",
      "properties": {
        "title": "SPS BLiQ 02 / 2. SPS (ISS/GY)",
        "ref": "07A02",
        "type": "Schulpraktisches Seminar ( öffentlich )",
        "street": "Sachsendamm 2-7",
        "zip": "10829",
        "city": "Berlin",
        "district": "Schöneberg",
        "center": [
          13.409779,
          52.520645
        ],
        "additions": []
      },
      "geometry": {
        "type": "Point",
        "coordinates": [
          13.409779,
          52.520645
        ]
      }
    },
    {
      "type": "Feature",
      "properties": {
        "title": "SPS BLiQ 02 / 3. SPS (GS)",
        "ref": "07A07",
        "type": "Schulpraktisches Seminar ( öffentlich )",
        "street": "Sachsendamm 2-7",
        "zip": "10829",
        "city": "Berlin",
        "district": "Schöneberg",
        "center": [
          13.409779,
          52.520645
        ],
        "additions": []
      },
      "geometry": {
        "type": "Point",
        "coordinates": [
          13.409779,
          52.520645
        ]
      }
    },
    {
      "type": "Feature",
      "properties": {
        "title": "SPS BLiQ 02 / 4. SPS (GS)",
        "ref": "07A09",
        "type": "Schulpraktisches Seminar ( öffentlich )",
        "street": "Sachsendamm 2-7",
        "zip": "10829",
        "city": "Berlin",
        "district": "Schöneberg",
        "center": [
          13.409779,
          52.520645
        ],
        "additions": []
      },
      "geometry": {
        "type": "Point",
        "coordinates": [
          13.409779,
          52.520645
        ]
      }
    },
    {
      "type": "Feature",
      "properties": {
        "title": "SPS BLiQ 02 / 5. SPS (GS)",
        "ref": "07A10",
        "type": "Schulpraktisches Seminar ( öffentlich )",
        "street": "Sachsendamm 2-7",
        "zip": "10829",
        "city": "Berlin",
        "district": "Schöneberg",
        "center": [
          13.409779,
          52.520645
        ],
        "additions": []
      },
      "geometry": {
        "type": "Point",
        "coordinates": [
          13.409779,
          52.520645
        ]
      }
    },
    {
      "type": "Feature",
      "properties": {
        "title": "SPS BLiQ 02 / 6. SPS (ISS/GY)",
        "ref": "07A11",
        "type": "Schulpraktisches Seminar ( öffentlich )",
        "street": "Sachsendamm 2-7",
        "zip": "10829",
        "city": "Berlin",
        "district": "Schöneberg",
        "center": [
          13.409779,
          52.520645
        ],
        "additions": []
      },
      "geometry": {
        "type": "Point",
        "coordinates": [
          13.409779,
          52.520645
        ]
      }
    },
    {
      "type": "Feature",
      "properties": {
        "title": "SPS BLiQ 02 / 7. SPS (ISS/GY)",
        "ref": "07A12",
        "type": "Schulpraktisches Seminar ( öffentlich )",
        "street": "Sachsendamm 2-7",
        "zip": "10829",
        "city": "Berlin",
        "district": "Schöneberg",
        "center": [
          13.409779,
          52.520645
        ],
        "additions": []
      },
      "geometry": {
        "type": "Point",
        "coordinates": [
          13.409779,
          52.520645
        ]
      }
    },
    {
      "type": "Feature",
      "properties": {
        "title": "SPS BLiQ 02 / 8. SPS (ISS/GY)",
        "ref": "07A13",
        "type": "Schulpraktisches Seminar ( öffentlich )",
        "street": "Sachsendamm 2-7",
        "zip": "10829",
        "city": "Berlin",
        "district": "Schöneberg",
        "center": [
          13.409779,
          52.520645
        ],
        "additions": []
      },
      "geometry": {
        "type": "Point",
        "coordinates": [
          13.409779,
          52.520645
        ]
      }
    },
    {
      "type": "Feature",
      "properties": {
        "title": "SPS BLiQ 02 / 9. SPS (GS)",
        "ref": "07A14",
        "type": "Schulpraktisches Seminar ( öffentlich )",
        "street": "Sachsendamm 2-7",
        "zip": "10829",
        "city": "Berlin",
        "district": "Schöneberg",
        "center": [
          13.409779,
          52.520645
        ],
        "additions": []
      },
      "geometry": {
        "type": "Point",
        "coordinates": [
          13.409779,
          52.520645
        ]
      }
    },
    {
      "type": "Feature",
      "properties": {
        "title": "SPS BLiQ 03 / 1. SPS (ISS/GY)",
        "ref": "04A01",
        "type": "Schulpraktisches Seminar ( öffentlich )",
        "street": "Fürstenbrunner Weg 22-30",
        "zip": "14059",
        "city": "Berlin",
        "district": "Westend",
        "center": [
          13.409779,
          52.520645
        ],
        "additions": []
      },
      "geometry": {
        "type": "Point",
        "coordinates": [
          13.409779,
          52.520645
        ]
      }
    },
    {
      "type": "Feature",
      "properties": {
        "title": "SPS BLiQ 03 / 15. SPS (ISS/GY)",
        "ref": "04A31",
        "type": "Schulpraktisches Seminar ( öffentlich )",
        "street": "Fürstenbrunner Weg 22-30",
        "zip": "14059",
        "city": "Berlin",
        "district": "Westend",
        "center": [
          13.409779,
          52.520645
        ],
        "additions": []
      },
      "geometry": {
        "type": "Point",
        "coordinates": [
          13.409779,
          52.520645
        ]
      }
    },
    {
      "type": "Feature",
      "properties": {
        "title": "SPS BLiQ 03 / 16. SPS (ISS/GY)",
        "ref": "04A32",
        "type": "Schulpraktisches Seminar ( öffentlich )",
        "street": "Fürstenbrunner Weg 22-30",
        "zip": "14059",
        "city": "Berlin",
        "district": "Westend",
        "center": [
          13.409779,
          52.520645
        ],
        "additions": []
      },
      "geometry": {
        "type": "Point",
        "coordinates": [
          13.409779,
          52.520645
        ]
      }
    },
    {
      "type": "Feature",
      "properties": {
        "title": "SPS BLiQ 03 / 17. SPS (GS)",
        "ref": "04A33",
        "type": "Schulpraktisches Seminar ( öffentlich )",
        "street": "Fürstenbrunner Weg 22-30",
        "zip": "14059",
        "city": "Berlin",
        "district": "Westend",
        "center": [
          13.409779,
          52.520645
        ],
        "additions": []
      },
      "geometry": {
        "type": "Point",
        "coordinates": [
          13.409779,
          52.520645
        ]
      }
    },
    {
      "type": "Feature",
      "properties": {
        "title": "SPS BLiQ 03 / 18. SPS (ISS/GY)",
        "ref": "05A01",
        "type": "Schulpraktisches Seminar ( öffentlich )",
        "street": "Blumenstr. 13",
        "zip": "13585",
        "city": "Berlin",
        "district": "Spandau",
        "center": [
          13.409779,
          52.520645
        ],
        "additions": []
      },
      "geometry": {
        "type": "Point",
        "coordinates": [
          13.409779,
          52.520645
        ]
      }
    },
    {
      "type": "Feature",
      "properties": {
        "title": "SPS BLiQ 03 / 19. SPS (GS)",
        "ref": "05A02",
        "type": "Schulpraktisches Seminar ( öffentlich )",
        "street": "Blumenstr. 13",
        "zip": "13585",
        "city": "Berlin",
        "district": "Spandau",
        "center": [
          13.409779,
          52.520645
        ],
        "additions": []
      },
      "geometry": {
        "type": "Point",
        "coordinates": [
          13.409779,
          52.520645
        ]
      }
    },
    {
      "type": "Feature",
      "properties": {
        "title": "SPS BLiQ 03 / 2. SPS (GS)",
        "ref": "04A02",
        "type": "Schulpraktisches Seminar ( öffentlich )",
        "street": "Fürstenbrunner Weg 20-30",
        "zip": "14059",
        "city": "Berlin",
        "district": "Westend",
        "center": [
          13.409779,
          52.520645
        ],
        "additions": []
      },
      "geometry": {
        "type": "Point",
        "coordinates": [
          13.409779,
          52.520645
        ]
      }
    },
    {
      "type": "Feature",
      "properties": {
        "title": "SPS BLiQ 03 / 20. SPS (ISS/GY)",
        "ref": "05A04",
        "type": "Schulpraktisches Seminar ( öffentlich )",
        "street": "Blumenstr. 13",
        "zip": "13585",
        "city": "Berlin",
        "district": "Spandau",
        "center": [
          13.409779,
          52.520645
        ],
        "additions": []
      },
      "geometry": {
        "type": "Point",
        "coordinates": [
          13.409779,
          52.520645
        ]
      }
    },
    {
      "type": "Feature",
      "properties": {
        "title": "SPS BLiQ 03 / 21. SPS (ISS/GY)",
        "ref": "05A05",
        "type": "Schulpraktisches Seminar ( öffentlich )",
        "street": "Blumenstr. 13",
        "zip": "13585",
        "city": "Berlin",
        "district": "Spandau",
        "center": [
          13.409779,
          52.520645
        ],
        "additions": []
      },
      "geometry": {
        "type": "Point",
        "coordinates": [
          13.409779,
          52.520645
        ]
      }
    },
    {
      "type": "Feature",
      "properties": {
        "title": "SPS BLiQ 03 / 22. SPS (GS)",
        "ref": "05A06",
        "type": "Schulpraktisches Seminar ( öffentlich )",
        "street": "Blumenstr. 13",
        "zip": "13585",
        "city": "Berlin",
        "district": "Spandau",
        "center": [
          13.409779,
          52.520645
        ],
        "additions": []
      },
      "geometry": {
        "type": "Point",
        "coordinates": [
          13.409779,
          52.520645
        ]
      }
    },
    {
      "type": "Feature",
      "properties": {
        "title": "SPS BLiQ 03 / 3. SPS (ISS/GY)",
        "ref": "04A07",
        "type": "Schulpraktisches Seminar ( öffentlich )",
        "street": "Fürstenbrunner Weg 20-30",
        "zip": "14059",
        "city": "Berlin",
        "district": "Westend",
        "center": [
          13.409779,
          52.520645
        ],
        "additions": []
      },
      "geometry": {
        "type": "Point",
        "coordinates": [
          13.409779,
          52.520645
        ]
      }
    },
    {
      "type": "Feature",
      "properties": {
        "title": "SPS BLiQ 03 / 4. SPS (GS)",
        "ref": "04A11",
        "type": "Schulpraktisches Seminar ( öffentlich )",
        "street": "Fürstenbrunner Weg 22-30",
        "zip": "14059",
        "city": "Berlin",
        "district": "Westend",
        "center": [
          13.409779,
          52.520645
        ],
        "additions": []
      },
      "geometry": {
        "type": "Point",
        "coordinates": [
          13.409779,
          52.520645
        ]
      }
    },
    {
      "type": "Feature",
      "properties": {
        "title": "SPS BLiQ 03 / 41. SPS (Gemischt)",
        "ref": "04A24",
        "type": "Schulpraktisches Seminar ( öffentlich )",
        "street": "Fürstenbrunner Weg 22-30",
        "zip": "14059",
        "city": "Berlin",
        "district": "Westend",
        "center": [
          13.409779,
          52.520645
        ],
        "additions": []
      },
      "geometry": {
        "type": "Point",
        "coordinates": [
          13.409779,
          52.520645
        ]
      }
    },
    {
      "type": "Feature",
      "properties": {
        "title": "SPS BLiQ 03 / 42. SPS (Gemischt)",
        "ref": "04A21",
        "type": "Schulpraktisches Seminar ( öffentlich )",
        "street": "Fürstenbrunner Weg 22-30",
        "zip": "14059",
        "city": "Berlin",
        "district": "Westend",
        "center": [
          13.409779,
          52.520645
        ],
        "additions": []
      },
      "geometry": {
        "type": "Point",
        "coordinates": [
          13.409779,
          52.520645
        ]
      }
    },
    {
      "type": "Feature",
      "properties": {
        "title": "SPS BLiQ 03 / 43. SPS (Gemischt)",
        "ref": "04A22",
        "type": "Schulpraktisches Seminar ( öffentlich )",
        "street": "Fürstenbrunner Weg 22-30",
        "zip": "14059",
        "city": "Berlin",
        "district": "Westend",
        "center": [
          13.409779,
          52.520645
        ],
        "additions": []
      },
      "geometry": {
        "type": "Point",
        "coordinates": [
          13.409779,
          52.520645
        ]
      }
    },
    {
      "type": "Feature",
      "properties": {
        "title": "SPS BLiQ 03 / 44. SPS (Gemischt)",
        "ref": "04A23",
        "type": "Schulpraktisches Seminar ( öffentlich )",
        "street": "Fürstenbrunner Weg 22-30",
        "zip": "14059",
        "city": "Berlin",
        "district": "Westend",
        "center": [
          13.409779,
          52.520645
        ],
        "additions": []
      },
      "geometry": {
        "type": "Point",
        "coordinates": [
          13.409779,
          52.520645
        ]
      }
    },
    {
      "type": "Feature",
      "properties": {
        "title": "SPS BLiQ 03 / 45. SPS (Gemischt)",
        "ref": "04A20",
        "type": "Schulpraktisches Seminar ( öffentlich )",
        "street": "Fürstenbrunner Weg 22-30",
        "zip": "14059",
        "city": "Berlin",
        "district": "Westend",
        "center": [
          13.409779,
          52.520645
        ],
        "additions": []
      },
      "geometry": {
        "type": "Point",
        "coordinates": [
          13.409779,
          52.520645
        ]
      }
    },
    {
      "type": "Feature",
      "properties": {
        "title": "SPS BLiQ 03 / 46. SPS (Gemischt)",
        "ref": "04A25",
        "type": "Schulpraktisches Seminar ( öffentlich )",
        "street": "Fürstenbrunner Weg 22-30",
        "zip": "14059",
        "city": "Berlin",
        "district": "Westend",
        "center": [
          13.409779,
          52.520645
        ],
        "additions": []
      },
      "geometry": {
        "type": "Point",
        "coordinates": [
          13.409779,
          52.520645
        ]
      }
    },
    {
      "type": "Feature",
      "properties": {
        "title": "SPS BLiQ 03 / 47. SPS (Gemischt)",
        "ref": "04A26",
        "type": "Schulpraktisches Seminar ( öffentlich )",
        "street": "Fürstenbrunner Weg 22-30",
        "zip": "14059",
        "city": "Berlin",
        "district": "Westend",
        "center": [
          13.409779,
          52.520645
        ],
        "additions": []
      },
      "geometry": {
        "type": "Point",
        "coordinates": [
          13.409779,
          52.520645
        ]
      }
    },
    {
      "type": "Feature",
      "properties": {
        "title": "SPS BLiQ 03 / 48. SPS (Gemischt)",
        "ref": "04A27",
        "type": "Schulpraktisches Seminar ( öffentlich )",
        "street": "Fürstenbrunner Weg 22-30",
        "zip": "14059",
        "city": "Berlin",
        "district": "Westend",
        "center": [
          13.409779,
          52.520645
        ],
        "additions": []
      },
      "geometry": {
        "type": "Point",
        "coordinates": [
          13.409779,
          52.520645
        ]
      }
    },
    {
      "type": "Feature",
      "properties": {
        "title": "SPS BLiQ 03 / 5. SPS (ISS/GY)",
        "ref": "04A10",
        "type": "Schulpraktisches Seminar ( öffentlich )",
        "street": "Fürstenbrunner Weg 22-30",
        "zip": "14059",
        "city": "Berlin",
        "district": "Westend",
        "center": [
          13.409779,
          52.520645
        ],
        "additions": []
      },
      "geometry": {
        "type": "Point",
        "coordinates": [
          13.409779,
          52.520645
        ]
      }
    },
    {
      "type": "Feature",
      "properties": {
        "title": "SPS BLiQ 03 / 6. SPS (ISS/GY)",
        "ref": "04A03",
        "type": "Schulpraktisches Seminar ( öffentlich )",
        "street": "Fürstenbrunner Weg 20-30",
        "zip": "14059",
        "city": "Berlin",
        "district": "Westend",
        "center": [
          13.409779,
          52.520645
        ],
        "additions": []
      },
      "geometry": {
        "type": "Point",
        "coordinates": [
          13.409779,
          52.520645
        ]
      }
    },
    {
      "type": "Feature",
      "properties": {
        "title": "SPS BLiQ 03 / 71. SPS (BS)",
        "ref": "06A02",
        "type": "Schulpraktisches Seminar ( öffentlich )",
        "street": "Immenweg 8",
        "zip": "12169",
        "city": "Berlin",
        "district": "Steglitz",
        "center": [
          13.409779,
          52.520645
        ],
        "additions": []
      },
      "geometry": {
        "type": "Point",
        "coordinates": [
          13.409779,
          52.520645
        ]
      }
    },
    {
      "type": "Feature",
      "properties": {
        "title": "SPS BLiQ 03 / 72. SPS (BS)",
        "ref": "06A06",
        "type": "Schulpraktisches Seminar ( öffentlich )",
        "street": "Immenweg 8",
        "zip": "12169",
        "city": "Berlin",
        "district": "Steglitz",
        "center": [
          13.409779,
          52.520645
        ],
        "additions": []
      },
      "geometry": {
        "type": "Point",
        "coordinates": [
          13.409779,
          52.520645
        ]
      }
    },
    {
      "type": "Feature",
      "properties": {
        "title": "SPS BLiQ 03 / 73. SPS (BS)",
        "ref": "06A07",
        "type": "Schulpraktisches Seminar ( öffentlich )",
        "street": "Immenweg 8",
        "zip": "12169",
        "city": "Berlin",
        "district": "Steglitz",
        "center": [
          13.409779,
          52.520645
        ],
        "additions": []
      },
      "geometry": {
        "type": "Point",
        "coordinates": [
          13.409779,
          52.520645
        ]
      }
    },
    {
      "type": "Feature",
      "properties": {
        "title": "SPS BLiQ 04 / 1. SPS (ISS/GY)",
        "ref": "12A04",
        "type": "Schulpraktisches Seminar ( öffentlich )",
        "street": "Wilhelmsruher Damm 142E",
        "zip": "13439",
        "city": "Berlin",
        "district": "Märkisches Viertel",
        "center": [
          13.409779,
          52.520645
        ],
        "additions": []
      },
      "geometry": {
        "type": "Point",
        "coordinates": [
          13.409779,
          52.520645
        ]
      }
    },
    {
      "type": "Feature",
      "properties": {
        "title": "SPS BLiQ 04 / 10. SPS (ISS/GY)",
        "ref": "04A12",
        "type": "Schulpraktisches Seminar ( öffentlich )",
        "street": "Fürstenbrunner Weg 22-30",
        "zip": "14059",
        "city": "Berlin",
        "district": "Westend",
        "center": [
          13.409779,
          52.520645
        ],
        "additions": []
      },
      "geometry": {
        "type": "Point",
        "coordinates": [
          13.409779,
          52.520645
        ]
      }
    },
    {
      "type": "Feature",
      "properties": {
        "title": "SPS BLiQ 04 / 11. SPS (ISS/GY)",
        "ref": "04A13",
        "type": "Schulpraktisches Seminar ( öffentlich )",
        "street": "Fürstenbrunner Weg 22-30",
        "zip": "14059",
        "city": "Berlin",
        "district": "Westend",
        "center": [
          13.409779,
          52.520645
        ],
        "additions": []
      },
      "geometry": {
        "type": "Point",
        "coordinates": [
          13.409779,
          52.520645
        ]
      }
    },
    {
      "type": "Feature",
      "properties": {
        "title": "SPS BLiQ 04 / 12. SPS (GS)",
        "ref": "04A14",
        "type": "Schulpraktisches Seminar ( öffentlich )",
        "street": "Fürstenbrunner Weg 22-30",
        "zip": "14059",
        "city": "Berlin",
        "district": "Westend",
        "center": [
          13.409779,
          52.520645
        ],
        "additions": []
      },
      "geometry": {
        "type": "Point",
        "coordinates": [
          13.409779,
          52.520645
        ]
      }
    },
    {
      "type": "Feature",
      "properties": {
        "title": "SPS BLiQ 04 / 13. SPS (ISS/GY)",
        "ref": "04A15",
        "type": "Schulpraktisches Seminar ( öffentlich )",
        "street": "Fürstenbrunner Weg 22-30",
        "zip": "14059",
        "city": "Berlin",
        "district": "Westend",
        "center": [
          13.409779,
          52.520645
        ],
        "additions": []
      },
      "geometry": {
        "type": "Point",
        "coordinates": [
          13.409779,
          52.520645
        ]
      }
    },
    {
      "type": "Feature",
      "properties": {
        "title": "SPS BLiQ 04 / 14. SPS (ISS/GY)",
        "ref": "04A16",
        "type": "Schulpraktisches Seminar ( öffentlich )",
        "street": "Fürstenbrunner Weg 22-30",
        "zip": "14059",
        "city": "Berlin",
        "district": "Westend",
        "center": [
          13.409779,
          52.520645
        ],
        "additions": []
      },
      "geometry": {
        "type": "Point",
        "coordinates": [
          13.409779,
          52.520645
        ]
      }
    },
    {
      "type": "Feature",
      "properties": {
        "title": "SPS BLiQ 04 / 16. SPS (GS)",
        "ref": "04A18",
        "type": "Schulpraktisches Seminar ( öffentlich )",
        "street": "Fürstenbrunner Weg 22-30",
        "zip": "14059",
        "city": "Berlin",
        "district": "Westend",
        "center": [
          13.409779,
          52.520645
        ],
        "additions": []
      },
      "geometry": {
        "type": "Point",
        "coordinates": [
          13.409779,
          52.520645
        ]
      }
    },
    {
      "type": "Feature",
      "properties": {
        "title": "SPS BLiQ 04 / 17. SPS (GS)",
        "ref": "04A19",
        "type": "Schulpraktisches Seminar ( öffentlich )",
        "street": "Fürstenbrunner Weg 22-30",
        "zip": "14059",
        "city": "Berlin",
        "district": "Westend",
        "center": [
          13.409779,
          52.520645
        ],
        "additions": []
      },
      "geometry": {
        "type": "Point",
        "coordinates": [
          13.409779,
          52.520645
        ]
      }
    },
    {
      "type": "Feature",
      "properties": {
        "title": "SPS BLiQ 04 / 2. SPS (ISS/GY)",
        "ref": "12A02",
        "type": "Schulpraktisches Seminar ( öffentlich )",
        "street": "Wilhelmsruher Damm 142E",
        "zip": "13439",
        "city": "Berlin",
        "district": "Märkisches Viertel",
        "center": [
          13.409779,
          52.520645
        ],
        "additions": []
      },
      "geometry": {
        "type": "Point",
        "coordinates": [
          13.409779,
          52.520645
        ]
      }
    },
    {
      "type": "Feature",
      "properties": {
        "title": "SPS BLiQ 04 / 3. SPS (ISS/GY)",
        "ref": "12A03",
        "type": "Schulpraktisches Seminar ( öffentlich )",
        "street": "Wilhelmsruher Damm 142E",
        "zip": "13439",
        "city": "Berlin",
        "district": "Märkisches Viertel",
        "center": [
          13.409779,
          52.520645
        ],
        "additions": []
      },
      "geometry": {
        "type": "Point",
        "coordinates": [
          13.409779,
          52.520645
        ]
      }
    },
    {
      "type": "Feature",
      "properties": {
        "title": "SPS BLiQ 04 / 4. SPS (GS)",
        "ref": "12A07",
        "type": "Schulpraktisches Seminar ( öffentlich )",
        "street": "Wilhelmsruher Damm 142E",
        "zip": "13439",
        "city": "Berlin",
        "district": "Märkisches Viertel",
        "center": [
          13.409779,
          52.520645
        ],
        "additions": []
      },
      "geometry": {
        "type": "Point",
        "coordinates": [
          13.409779,
          52.520645
        ]
      }
    },
    {
      "type": "Feature",
      "properties": {
        "title": "SPS BLiQ 04 / 5. SPS (GS)",
        "ref": "12A05",
        "type": "Schulpraktisches Seminar ( öffentlich )",
        "street": "Wilhelmsruher Damm 142E",
        "zip": "13439",
        "city": "Berlin",
        "district": "Märkisches Viertel",
        "center": [
          13.409779,
          52.520645
        ],
        "additions": []
      },
      "geometry": {
        "type": "Point",
        "coordinates": [
          13.409779,
          52.520645
        ]
      }
    },
    {
      "type": "Feature",
      "properties": {
        "title": "SPS BLiQ 04 / 6. SPS (ISS/GY)",
        "ref": "12A06",
        "type": "Schulpraktisches Seminar ( öffentlich )",
        "street": "Wilhelmsruher Damm 142E",
        "zip": "13439",
        "city": "Berlin",
        "district": "Märkisches Viertel",
        "center": [
          13.409779,
          52.520645
        ],
        "additions": []
      },
      "geometry": {
        "type": "Point",
        "coordinates": [
          13.409779,
          52.520645
        ]
      }
    },
    {
      "type": "Feature",
      "properties": {
        "title": "SPS BLiQ 04 / 7. SPS (ISS/GY)",
        "ref": "12A10",
        "type": "Schulpraktisches Seminar ( öffentlich )",
        "street": "Wilhelmsruher Damm 142E",
        "zip": "13439",
        "city": "Berlin",
        "district": "Märkisches Viertel",
        "center": [
          13.409779,
          52.520645
        ],
        "additions": []
      },
      "geometry": {
        "type": "Point",
        "coordinates": [
          13.409779,
          52.520645
        ]
      }
    },
    {
      "type": "Feature",
      "properties": {
        "title": "SPS BLiQ 04 / 8. SPS (GS)",
        "ref": "12A08",
        "type": "Schulpraktisches Seminar ( öffentlich )",
        "street": "Wilhelmsruher Damm 142E",
        "zip": "13439",
        "city": "Berlin",
        "district": "Märkisches Viertel",
        "center": [
          13.409779,
          52.520645
        ],
        "additions": []
      },
      "geometry": {
        "type": "Point",
        "coordinates": [
          13.409779,
          52.520645
        ]
      }
    },
    {
      "type": "Feature",
      "properties": {
        "title": "SPS BLiQ 04 / 9. SPS (ISS/GY)",
        "ref": "12A11",
        "type": "Schulpraktisches Seminar ( öffentlich )",
        "street": "Wilhelmsruher Damm 142E",
        "zip": "13439",
        "city": "Berlin",
        "district": "Märkisches Viertel",
        "center": [
          13.409779,
          52.520645
        ],
        "additions": []
      },
      "geometry": {
        "type": "Point",
        "coordinates": [
          13.409779,
          52.520645
        ]
      }
    },
    {
      "type": "Feature",
      "properties": {
        "title": "SSB Schwedische Schule in Berlin",
        "ref": "04E33",
        "type": "Ausländische Schule ( privat )",
        "street": "Landhausstr. 26-28",
        "zip": "10717",
        "city": "Berlin",
        "district": "Wilmersdorf",
        "center": [
          13.409779,
          52.520645
        ],
        "additions": []
      },
      "geometry": {
        "type": "Point",
        "coordinates": [
          13.409779,
          52.520645
        ]
      }
    },
    {
      "type": "Feature",
      "properties": {
        "title": "Staatliche Ballett- und Artistikschule Berlin",
        "ref": "03B08",
        "type": "Berufsfachschule ( öffentlich )",
        "street": "Erich-Weinert-Str. 103",
        "zip": "10409",
        "city": "Berlin",
        "district": "Prenzlauer Berg",
        "center": [
          13.409779,
          52.520645
        ],
        "additions": [
          "Barrierefreie Toilette vorhanden"
        ]
      },
      "geometry": {
        "type": "Point",
        "coordinates": [
          13.409779,
          52.520645
        ]
      }
    },
    {
      "type": "Feature",
      "properties": {
        "title": "Staatliche Ballett- und Artistikschule Berlin",
        "ref": "03B08",
        "type": "Berufliches Gymnasium ( öffentlich )",
        "street": "Erich-Weinert-Str. 103",
        "zip": "10409",
        "city": "Berlin",
        "district": "Prenzlauer Berg",
        "center": [
          13.409779,
          52.520645
        ],
        "additions": [
          "Barrierefreie Toilette vorhanden"
        ]
      },
      "geometry": {
        "type": "Point",
        "coordinates": [
          13.409779,
          52.520645
        ]
      }
    },
    {
      "type": "Feature",
      "properties": {
        "title": "Staatliche Ballett- und Artistikschule Berlin",
        "ref": "03B08",
        "type": "Integrierte Sekundarschule ( öffentlich )",
        "street": "Erich-Weinert-Str. 103",
        "zip": "10409",
        "city": "Berlin",
        "district": "Prenzlauer Berg",
        "center": [
          13.409779,
          52.520645
        ],
        "additions": [
          "Barrierefreie Toilette vorhanden"
        ]
      },
      "geometry": {
        "type": "Point",
        "coordinates": [
          13.409779,
          52.520645
        ]
      }
    },
    {
      "type": "Feature",
      "properties": {
        "title": "Staatliche Technikerschule Berlin",
        "ref": "01B02",
        "type": "Fachschule ( öffentlich )",
        "street": "Bochumer Str. 8B",
        "zip": "10555",
        "city": "Berlin",
        "district": "Moabit",
        "center": [
          13.409779,
          52.520645
        ],
        "additions": [
          "Barrierefreie Toilette vorhanden, Behindertenparkplatz vorhanden, Fahrstuhl vorhanden, Zugang über Rampe möglich"
        ]
      },
      "geometry": {
        "type": "Point",
        "coordinates": [
          13.409779,
          52.520645
        ]
      }
    },
    {
      "type": "Feature",
      "properties": {
        "title": "Staatliche Technikerschule Berlin",
        "ref": "01B02",
        "type": "Fachoberschule ( öffentlich )",
        "street": "Bochumer Str. 8B",
        "zip": "10555",
        "city": "Berlin",
        "district": "Moabit",
        "center": [
          13.409779,
          52.520645
        ],
        "additions": [
          "Barrierefreie Toilette vorhanden, Behindertenparkplatz vorhanden, Fahrstuhl vorhanden, Zugang über Rampe möglich"
        ]
      },
      "geometry": {
        "type": "Point",
        "coordinates": [
          13.409779,
          52.520645
        ]
      }
    },
    {
      "type": "Feature",
      "properties": {
        "title": "STARTER - Berliner Schauspielschule für Film und Fernsehen",
        "ref": "03E18",
        "type": "Künstlerische Schule ( privat )",
        "street": "Oderberger Str. 22",
        "zip": "10435",
        "city": "Berlin",
        "district": "Prenzlauer Berg",
        "center": [
          13.409779,
          52.520645
        ],
        "additions": []
      },
      "geometry": {
        "type": "Point",
        "coordinates": [
          13.409779,
          52.520645
        ]
      }
    },
    {
      "type": "Feature",
      "properties": {
        "title": "Stechlinsee-Grundschule",
        "ref": "07G17",
        "type": "Grundschule ( öffentlich )",
        "street": "Rheingaustr. 7",
        "zip": "12161",
        "city": "Berlin",
        "district": "Friedenau",
        "center": [
          13.409779,
          52.520645
        ],
        "additions": []
      },
      "geometry": {
        "type": "Point",
        "coordinates": [
          13.409779,
          52.520645
        ]
      }
    },
    {
      "type": "Feature",
      "properties": {
        "title": "Steinwald-Schule",
        "ref": "07S03",
        "type": "Förderschwerp. - Geistige Entwicklung ( öffentlich )",
        "street": "Hanielweg 7-9",
        "zip": "12277",
        "city": "Berlin",
        "district": "Marienfelde",
        "center": [
          13.409779,
          52.520645
        ],
        "additions": [
          "Barrierefreie Toilette vorhanden, Zugang über Rampe möglich"
        ]
      },
      "geometry": {
        "type": "Point",
        "coordinates": [
          13.409779,
          52.520645
        ]
      }
    },
    {
      "type": "Feature",
      "properties": {
        "title": "Stephanus-Grundschule",
        "ref": "03P39",
        "type": "Grundschule ( privat )",
        "street": "Parkstr. 22",
        "zip": "13086",
        "city": "Berlin",
        "district": "Weißensee",
        "center": [
          13.409779,
          52.520645
        ],
        "additions": []
      },
      "geometry": {
        "type": "Point",
        "coordinates": [
          13.409779,
          52.520645
        ]
      }
    },
    {
      "type": "Feature",
      "properties": {
        "title": "Stephanus-Schule",
        "ref": "03P11",
        "type": "Förderschwerp. - Geistige Entwicklung ( privat )",
        "street": "Albertinenstr. 20",
        "zip": "13086",
        "city": "Berlin",
        "district": "Weißensee",
        "center": [
          13.409779,
          52.520645
        ],
        "additions": [
          "Barrierefreie Toilette vorhanden, Behindertenparkplatz vorhanden, Fahrstuhl vorhanden, Zugang über Rampe möglich"
        ]
      },
      "geometry": {
        "type": "Point",
        "coordinates": [
          13.409779,
          52.520645
        ]
      }
    },
    {
      "type": "Feature",
      "properties": {
        "title": "Sternberg-Grundschule",
        "ref": "07G06",
        "type": "Grundschule ( öffentlich )",
        "street": "Mettestr. 8",
        "zip": "10825",
        "city": "Berlin",
        "district": "Schöneberg",
        "center": [
          13.409779,
          52.520645
        ],
        "additions": []
      },
      "geometry": {
        "type": "Point",
        "coordinates": [
          13.409779,
          52.520645
        ]
      }
    },
    {
      "type": "Feature",
      "properties": {
        "title": "Sternberg-Grundschule",
        "ref": "07G06",
        "type": "Förderschwerp. - Geistige Entwicklung ( öffentlich )",
        "street": "Mettestr. 8",
        "zip": "10825",
        "city": "Berlin",
        "district": "Schöneberg",
        "center": [
          13.409779,
          52.520645
        ],
        "additions": []
      },
      "geometry": {
        "type": "Point",
        "coordinates": [
          13.409779,
          52.520645
        ]
      }
    },
    {
      "type": "Feature",
      "properties": {
        "title": "Stötzner-Schule",
        "ref": "12S01",
        "type": "Förderschwerp. - Lernen ( öffentlich )",
        "street": "Tietzstr. 26-28",
        "zip": "13509",
        "city": "Berlin",
        "district": "Wittenau",
        "center": [
          13.409779,
          52.520645
        ],
        "additions": []
      },
      "geometry": {
        "type": "Point",
        "coordinates": [
          13.409779,
          52.520645
        ]
      }
    },
    {
      "type": "Feature",
      "properties": {
        "title": "Stötzner-Schule",
        "ref": "12S01",
        "type": "Förderschwerp. - Übrige ( öffentlich )",
        "street": "Tietzstr. 26-28",
        "zip": "13509",
        "city": "Berlin",
        "district": "Wittenau",
        "center": [
          13.409779,
          52.520645
        ],
        "additions": []
      },
      "geometry": {
        "type": "Point",
        "coordinates": [
          13.409779,
          52.520645
        ]
      }
    },
    {
      "type": "Feature",
      "properties": {
        "title": "Süd-Grundschule",
        "ref": "06G02",
        "type": "Grundschule ( öffentlich )",
        "street": "Claszeile 56",
        "zip": "14165",
        "city": "Berlin",
        "district": "Zehlendorf",
        "center": [
          13.409779,
          52.520645
        ],
        "additions": []
      },
      "geometry": {
        "type": "Point",
        "coordinates": [
          13.409779,
          52.520645
        ]
      }
    },
    {
      "type": "Feature",
      "properties": {
        "title": "Tagore-Gymnasium",
        "ref": "10Y01",
        "type": "Gymnasien ( öffentlich )",
        "street": "Sella-Hasse-Str. 25",
        "zip": "12687",
        "city": "Berlin",
        "district": "Marzahn",
        "center": [
          13.409779,
          52.520645
        ],
        "additions": []
      },
      "geometry": {
        "type": "Point",
        "coordinates": [
          13.409779,
          52.520645
        ]
      }
    },
    {
      "type": "Feature",
      "properties": {
        "title": "Tanzakademie balance 1",
        "ref": "07E15",
        "type": "Künstlerische Schule ( privat )",
        "street": "Colditzstr. 23",
        "zip": "12099",
        "city": "Berlin",
        "district": "Tempelhof",
        "center": [
          13.409779,
          52.520645
        ],
        "additions": []
      },
      "geometry": {
        "type": "Point",
        "coordinates": [
          13.409779,
          52.520645
        ]
      }
    },
    {
      "type": "Feature",
      "properties": {
        "title": "tanzloft berlin",
        "ref": "04E42",
        "type": "Künstlerische Schule ( privat )",
        "street": "Leibnizstr. 33",
        "zip": "10625",
        "city": "Berlin",
        "district": "Charlottenburg",
        "center": [
          13.409779,
          52.520645
        ],
        "additions": []
      },
      "geometry": {
        "type": "Point",
        "coordinates": [
          13.409779,
          52.520645
        ]
      }
    },
    {
      "type": "Feature",
      "properties": {
        "title": "Technische Jugendfreizeit- und Bildungsgesellschaft (tjfbg) gGmbH",
        "ref": "09P23",
        "type": "Fachschule ( privat )",
        "street": "Am Treptower Park 28-30",
        "zip": "12435",
        "city": "Berlin",
        "district": "Plänterwald",
        "center": [
          13.409779,
          52.520645
        ],
        "additions": []
      },
      "geometry": {
        "type": "Point",
        "coordinates": [
          13.409779,
          52.520645
        ]
      }
    },
    {
      "type": "Feature",
      "properties": {
        "title": "Technische Jugendfreizeit- und Bildungsgesellschaft (tjfbg) gGmbH",
        "ref": "09P23",
        "type": "Berufsfachschule ( privat )",
        "street": "Am Treptower Park 28-30",
        "zip": "12435",
        "city": "Berlin",
        "district": "Plänterwald",
        "center": [
          13.409779,
          52.520645
        ],
        "additions": []
      },
      "geometry": {
        "type": "Point",
        "coordinates": [
          13.409779,
          52.520645
        ]
      }
    },
    {
      "type": "Feature",
      "properties": {
        "title": "Teltow-Grundschule",
        "ref": "07G10",
        "type": "Grundschule ( öffentlich )",
        "street": "Feurigstr. 57",
        "zip": "10827",
        "city": "Berlin",
        "district": "Schöneberg",
        "center": [
          13.409779,
          52.520645
        ],
        "additions": []
      },
      "geometry": {
        "type": "Point",
        "coordinates": [
          13.409779,
          52.520645
        ]
      }
    },
    {
      "type": "Feature",
      "properties": {
        "title": "Tempelherren-Grundschule",
        "ref": "07G24",
        "type": "Grundschule ( öffentlich )",
        "street": "Boelckestr. 60",
        "zip": "12101",
        "city": "Berlin",
        "district": "Tempelhof",
        "center": [
          13.409779,
          52.520645
        ],
        "additions": []
      },
      "geometry": {
        "type": "Point",
        "coordinates": [
          13.409779,
          52.520645
        ]
      }
    },
    {
      "type": "Feature",
      "properties": {
        "title": "Temple-Grandin-Schule (Gemeinschaftsschule)",
        "ref": "02K11",
        "type": "Gemeinschaftsschule ( öffentlich )",
        "street": "Lasdehner Str. 19",
        "zip": "10243",
        "city": "Berlin",
        "district": "Friedrichshain",
        "center": [
          13.409779,
          52.520645
        ],
        "additions": [
          "Inklusive Schwerpunktschule und Auftragsschule für den Förderschwerpunkt Autismus und Lernen"
        ]
      },
      "geometry": {
        "type": "Point",
        "coordinates": [
          13.409779,
          52.520645
        ]
      }
    },
    {
      "type": "Feature",
      "properties": {
        "title": "Temple-Grandin-Schule (Gemeinschaftsschule)",
        "ref": "02K11",
        "type": "Förderschwerp. - Übrige ( öffentlich )",
        "street": "Lasdehner Str. 19",
        "zip": "10243",
        "city": "Berlin",
        "district": "Friedrichshain",
        "center": [
          13.409779,
          52.520645
        ],
        "additions": [
          "Inklusive Schwerpunktschule und Auftragsschule für den Förderschwerpunkt Autismus und Lernen"
        ]
      },
      "geometry": {
        "type": "Point",
        "coordinates": [
          13.409779,
          52.520645
        ]
      }
    },
    {
      "type": "Feature",
      "properties": {
        "title": "Temple-Grandin-Schule (Gemeinschaftsschule)",
        "ref": "02K11",
        "type": "Berufsschule mit sonderpäd. Aufgaben ( öffentlich )",
        "street": "Lasdehner Str. 19",
        "zip": "10243",
        "city": "Berlin",
        "district": "Friedrichshain",
        "center": [
          13.409779,
          52.520645
        ],
        "additions": [
          "Inklusive Schwerpunktschule und Auftragsschule für den Förderschwerpunkt Autismus und Lernen"
        ]
      },
      "geometry": {
        "type": "Point",
        "coordinates": [
          13.409779,
          52.520645
        ]
      }
    },
    {
      "type": "Feature",
      "properties": {
        "title": "Tesla-Schule (Gemeinschaftsschule)",
        "ref": "03K07",
        "type": "Gemeinschaftsschule ( öffentlich )",
        "street": "Rudi-Arndt-Str. 18",
        "zip": "10407",
        "city": "Berlin",
        "district": "Prenzlauer Berg",
        "center": [
          13.409779,
          52.520645
        ],
        "additions": []
      },
      "geometry": {
        "type": "Point",
        "coordinates": [
          13.409779,
          52.520645
        ]
      }
    },
    {
      "type": "Feature",
      "properties": {
        "title": "Thalia-Grundschule",
        "ref": "02G11",
        "type": "Grundschule ( öffentlich )",
        "street": "Alt-Stralau 34",
        "zip": "10245",
        "city": "Berlin",
        "district": "Friedrichshain",
        "center": [
          13.409779,
          52.520645
        ],
        "additions": [
          "Barrierefreie Toilette vorhanden, Behindertenparkplatz vorhanden, Fahrstuhl vorhanden, Zugang über Rampe möglich"
        ]
      },
      "geometry": {
        "type": "Point",
        "coordinates": [
          13.409779,
          52.520645
        ]
      }
    },
    {
      "type": "Feature",
      "properties": {
        "title": "The NextLevel GmbH",
        "ref": "07E27",
        "type": "Sonstige Ergänzungsschule ( privat )",
        "street": "Bundesallee 86",
        "zip": "12161",
        "city": "Berlin",
        "district": "Friedenau",
        "center": [
          13.409779,
          52.520645
        ],
        "additions": []
      },
      "geometry": {
        "type": "Point",
        "coordinates": [
          13.409779,
          52.520645
        ]
      }
    },
    {
      "type": "Feature",
      "properties": {
        "title": "Theaterstudio e.V. Berlin-Brandenburg",
        "ref": "03E07",
        "type": "Künstlerische Schule ( privat )",
        "street": "Schönhauser Allee 73",
        "zip": "10437",
        "city": "Berlin",
        "district": "Prenzlauer Berg",
        "center": [
          13.409779,
          52.520645
        ],
        "additions": []
      },
      "geometry": {
        "type": "Point",
        "coordinates": [
          13.409779,
          52.520645
        ]
      }
    },
    {
      "type": "Feature",
      "properties": {
        "title": "Theodor-Haubach-Schule",
        "ref": "07K04",
        "type": "Integrierte Sekundarschule ( öffentlich )",
        "street": "Grimmstr. 9-11",
        "zip": "12305",
        "city": "Berlin",
        "district": "Lichtenrade",
        "center": [
          13.409779,
          52.520645
        ],
        "additions": [
          "Behindertenparkplatz vorhanden"
        ]
      },
      "geometry": {
        "type": "Point",
        "coordinates": [
          13.409779,
          52.520645
        ]
      }
    },
    {
      "type": "Feature",
      "properties": {
        "title": "Theodor-Heuss-Gemeinschaftsschule",
        "ref": "01K10",
        "type": "Gemeinschaftsschule ( öffentlich )",
        "street": "Quitzowstr. 141",
        "zip": "10559",
        "city": "Berlin",
        "district": "Moabit",
        "center": [
          13.409779,
          52.520645
        ],
        "additions": []
      },
      "geometry": {
        "type": "Point",
        "coordinates": [
          13.409779,
          52.520645
        ]
      }
    },
    {
      "type": "Feature",
      "properties": {
        "title": "Theodor-Storm-Schule (Grundschule)",
        "ref": "08G02",
        "type": "Grundschule ( öffentlich )",
        "street": "Hobrechtstr. 76",
        "zip": "12043",
        "city": "Berlin",
        "district": "Neukölln",
        "center": [
          13.409779,
          52.520645
        ],
        "additions": []
      },
      "geometry": {
        "type": "Point",
        "coordinates": [
          13.409779,
          52.520645
        ]
      }
    },
    {
      "type": "Feature",
      "properties": {
        "title": "Thomas-Mann-Grundschule",
        "ref": "03G09",
        "type": "Grundschule ( öffentlich )",
        "street": "Greifenhagener Str. 58",
        "zip": "10437",
        "city": "Berlin",
        "district": "Prenzlauer Berg",
        "center": [
          13.409779,
          52.520645
        ],
        "additions": []
      },
      "geometry": {
        "type": "Point",
        "coordinates": [
          13.409779,
          52.520645
        ]
      }
    },
    {
      "type": "Feature",
      "properties": {
        "title": "Thomas-Mann-Gymnasium",
        "ref": "12Y08",
        "type": "Gymnasien ( öffentlich )",
        "street": "Königshorster Str. 10",
        "zip": "13439",
        "city": "Berlin",
        "district": "Märkisches Viertel",
        "center": [
          13.409779,
          52.520645
        ],
        "additions": [
          "Barrierefreie Toilette vorhanden, Fahrstuhl vorhanden"
        ]
      },
      "geometry": {
        "type": "Point",
        "coordinates": [
          13.409779,
          52.520645
        ]
      }
    },
    {
      "type": "Feature",
      "properties": {
        "title": "Till-Eulenspiegel-Grundschule",
        "ref": "12G04",
        "type": "Grundschule ( öffentlich )",
        "street": "Humboldtstr. 8-13",
        "zip": "13407",
        "city": "Berlin",
        "district": "Reinickendorf",
        "center": [
          13.409779,
          52.520645
        ],
        "additions": []
      },
      "geometry": {
        "type": "Point",
        "coordinates": [
          13.409779,
          52.520645
        ]
      }
    },
    {
      "type": "Feature",
      "properties": {
        "title": "Ting-Schule (Integrierte Sekundarschule)",
        "ref": "03P24",
        "type": "Integrierte Sekundarschule ( privat )",
        "street": "Berliner Str. 21",
        "zip": "13189",
        "city": "Berlin",
        "district": "Pankow",
        "center": [
          13.409779,
          52.520645
        ],
        "additions": []
      },
      "geometry": {
        "type": "Point",
        "coordinates": [
          13.409779,
          52.520645
        ]
      }
    },
    {
      "type": "Feature",
      "properties": {
        "title": "Ting-Schule (Integrierte Sekundarschule)",
        "ref": "03P24",
        "type": "Grundschule ( privat )",
        "street": "Berliner Str. 21",
        "zip": "13189",
        "city": "Berlin",
        "district": "Pankow",
        "center": [
          13.409779,
          52.520645
        ],
        "additions": []
      },
      "geometry": {
        "type": "Point",
        "coordinates": [
          13.409779,
          52.520645
        ]
      }
    },
    {
      "type": "Feature",
      "properties": {
        "title": "Toulouse-Lautrec-Schule",
        "ref": "12S06",
        "type": "Berufsschule mit sonderpäd. Aufgaben ( öffentlich )",
        "street": "Miraustraße 126",
        "zip": "13509",
        "city": "Berlin",
        "district": "Borsigwalde",
        "center": [
          13.409779,
          52.520645
        ],
        "additions": [
          "Barrierefreie Toilette vorhanden, Behindertenparkplatz vorhanden, Fahrstuhl vorhanden, Zugang über Rampe möglich"
        ]
      },
      "geometry": {
        "type": "Point",
        "coordinates": [
          13.409779,
          52.520645
        ]
      }
    },
    {
      "type": "Feature",
      "properties": {
        "title": "Toulouse-Lautrec-Schule",
        "ref": "12S06",
        "type": "Förderschwerp. - Übrige ( öffentlich )",
        "street": "Miraustraße 126",
        "zip": "13509",
        "city": "Berlin",
        "district": "Borsigwalde",
        "center": [
          13.409779,
          52.520645
        ],
        "additions": [
          "Barrierefreie Toilette vorhanden, Behindertenparkplatz vorhanden, Fahrstuhl vorhanden, Zugang über Rampe möglich"
        ]
      },
      "geometry": {
        "type": "Point",
        "coordinates": [
          13.409779,
          52.520645
        ]
      }
    },
    {
      "type": "Feature",
      "properties": {
        "title": "TRANSform Schauspielschule",
        "ref": "04E27",
        "type": "Künstlerische Schule ( privat )",
        "street": "Franklinstr. 28/29",
        "zip": "10587",
        "city": "Berlin",
        "district": "Charlottenburg",
        "center": [
          13.409779,
          52.520645
        ],
        "additions": []
      },
      "geometry": {
        "type": "Point",
        "coordinates": [
          13.409779,
          52.520645
        ]
      }
    },
    {
      "type": "Feature",
      "properties": {
        "title": "Trelleborg-Schule (Grundschule)",
        "ref": "03G41",
        "type": "Grundschule ( öffentlich )",
        "street": "Eschengraben 40",
        "zip": "13189",
        "city": "Berlin",
        "district": "Pankow",
        "center": [
          13.409779,
          52.520645
        ],
        "additions": []
      },
      "geometry": {
        "type": "Point",
        "coordinates": [
          13.409779,
          52.520645
        ]
      }
    },
    {
      "type": "Feature",
      "properties": {
        "title": "TREND-Schule",
        "ref": "02E15",
        "type": "Sonstige Ergänzungsschule ( privat )",
        "street": "Mariannenstr. 9-10",
        "zip": "10999",
        "city": "Berlin",
        "district": "Kreuzberg",
        "center": [
          13.409779,
          52.520645
        ],
        "additions": []
      },
      "geometry": {
        "type": "Point",
        "coordinates": [
          13.409779,
          52.520645
        ]
      }
    },
    {
      "type": "Feature",
      "properties": {
        "title": "Uhlenhorst-Grundschule",
        "ref": "09G17",
        "type": "Grundschule ( öffentlich )",
        "street": "Wongrowitzer Steig 37",
        "zip": "12555",
        "city": "Berlin",
        "district": "Köpenick",
        "center": [
          13.409779,
          52.520645
        ],
        "additions": [
          "Barrierefreie Toilette vorhanden"
        ]
      },
      "geometry": {
        "type": "Point",
        "coordinates": [
          13.409779,
          52.520645
        ]
      }
    },
    {
      "type": "Feature",
      "properties": {
        "title": "Ulmen-Grundschule",
        "ref": "10G33",
        "type": "Grundschule ( öffentlich )",
        "street": "Ulmenstr. 79-85",
        "zip": "12621",
        "city": "Berlin",
        "district": "Kaulsdorf",
        "center": [
          13.409779,
          52.520645
        ],
        "additions": []
      },
      "geometry": {
        "type": "Point",
        "coordinates": [
          13.409779,
          52.520645
        ]
      }
    },
    {
      "type": "Feature",
      "properties": {
        "title": "Ulrich-von-Hutten-Gymnasium",
        "ref": "07Y08",
        "type": "Gymnasien ( öffentlich )",
        "street": "Rehagener Str. 35-37",
        "zip": "12307",
        "city": "Berlin",
        "district": "Lichtenrade",
        "center": [
          13.409779,
          52.520645
        ],
        "additions": [
          "Barrierefreie Toilette vorhanden, Fahrstuhl vorhanden, Zugang über Rampe möglich"
        ]
      },
      "geometry": {
        "type": "Point",
        "coordinates": [
          13.409779,
          52.520645
        ]
      }
    },
    {
      "type": "Feature",
      "properties": {
        "title": "Verein zur Förderung des modernen Tanzes e.V.",
        "ref": "04E22",
        "type": "Künstlerische Schule ( privat )",
        "street": "Hubertusallee 73",
        "zip": "14193",
        "city": "Berlin",
        "district": "Grunewald",
        "center": [
          13.409779,
          52.520645
        ],
        "additions": []
      },
      "geometry": {
        "type": "Point",
        "coordinates": [
          13.409779,
          52.520645
        ]
      }
    },
    {
      "type": "Feature",
      "properties": {
        "title": "VHS Neukölln - Otto-Suhr / Tannenhofschule",
        "ref": "08A10",
        "type": "Zweiter Bildungsweg ( öffentlich )",
        "street": "Kühleweinstr. 5",
        "zip": "13409",
        "city": "Berlin",
        "district": "Reinickendorf",
        "center": [
          13.409779,
          52.520645
        ],
        "additions": []
      },
      "geometry": {
        "type": "Point",
        "coordinates": [
          13.409779,
          52.520645
        ]
      }
    },
    {
      "type": "Feature",
      "properties": {
        "title": "VHS Spandau - Harri-Reinert",
        "ref": "05A03",
        "type": "Zweiter Bildungsweg ( öffentlich )",
        "street": "Carl-Schurz-Str. 59",
        "zip": "13597",
        "city": "Berlin",
        "district": "Spandau",
        "center": [
          13.409779,
          52.520645
        ],
        "additions": []
      },
      "geometry": {
        "type": "Point",
        "coordinates": [
          13.409779,
          52.520645
        ]
      }
    },
    {
      "type": "Feature",
      "properties": {
        "title": "VHS Tempelhof-Schöneberg",
        "ref": "07A06",
        "type": "Zweiter Bildungsweg ( öffentlich )",
        "street": "Ella-Barowsky-Str. 62",
        "zip": "10829",
        "city": "Berlin",
        "district": "Schöneberg",
        "center": [
          13.409779,
          52.520645
        ],
        "additions": [
          "Barrierefreie Toilette vorhanden, Behindertenparkplatz vorhanden, Fahrstuhl vorhanden, Zugang über Rampe möglich"
        ]
      },
      "geometry": {
        "type": "Point",
        "coordinates": [
          13.409779,
          52.520645
        ]
      }
    },
    {
      "type": "Feature",
      "properties": {
        "title": "VHS Treptow-Köpenick",
        "ref": "09A06",
        "type": "Zweiter Bildungsweg ( öffentlich )",
        "street": "Zeppelinstr. 76-80",
        "zip": "12459",
        "city": "Berlin",
        "district": "Oberschöneweide",
        "center": [
          13.409779,
          52.520645
        ],
        "additions": []
      },
      "geometry": {
        "type": "Point",
        "coordinates": [
          13.409779,
          52.520645
        ]
      }
    },
    {
      "type": "Feature",
      "properties": {
        "title": "Victor-Gollancz-Grundschule",
        "ref": "12G23",
        "type": "Grundschule ( öffentlich )",
        "street": "Gollanczstr. 18-24",
        "zip": "13465",
        "city": "Berlin",
        "district": "Frohnau",
        "center": [
          13.409779,
          52.520645
        ],
        "additions": [
          "Zugang über Rampe möglich"
        ]
      },
      "geometry": {
        "type": "Point",
        "coordinates": [
          13.409779,
          52.520645
        ]
      }
    },
    {
      "type": "Feature",
      "properties": {
        "title": "Victor-Klemperer-Kolleg",
        "ref": "10A04",
        "type": "Zweiter Bildungsweg ( öffentlich )",
        "street": "Martha-Arendsee-Str. 15",
        "zip": "12681",
        "city": "Berlin",
        "district": "Marzahn",
        "center": [
          13.409779,
          52.520645
        ],
        "additions": [
          "Barrierefreie Toilette vorhanden, Behindertenparkplatz vorhanden, Fahrstuhl vorhanden, Zugang über Rampe möglich"
        ]
      },
      "geometry": {
        "type": "Point",
        "coordinates": [
          13.409779,
          52.520645
        ]
      }
    },
    {
      "type": "Feature",
      "properties": {
        "title": "Vincent-van-Gogh-Schule (Integrierte Sekundarschule)",
        "ref": "11K07",
        "type": "Integrierte Sekundarschule ( öffentlich )",
        "street": "Wustrower Str. 26",
        "zip": "13051",
        "city": "Berlin",
        "district": "Neu-Hohenschönhausen",
        "center": [
          13.409779,
          52.520645
        ],
        "additions": []
      },
      "geometry": {
        "type": "Point",
        "coordinates": [
          13.409779,
          52.520645
        ]
      }
    },
    {
      "type": "Feature",
      "properties": {
        "title": "Vineta-Grundschule",
        "ref": "01G39",
        "type": "Grundschule ( öffentlich )",
        "street": "Demminer Str. 27",
        "zip": "13355",
        "city": "Berlin",
        "district": "Gesundbrunnen",
        "center": [
          13.409779,
          52.520645
        ],
        "additions": []
      },
      "geometry": {
        "type": "Point",
        "coordinates": [
          13.409779,
          52.520645
        ]
      }
    },
    {
      "type": "Feature",
      "properties": {
        "title": "VISAGIO College",
        "ref": "03E10",
        "type": "Kosmetikschule ( privat )",
        "street": "Röbellweg 97",
        "zip": "13125",
        "city": "Berlin",
        "district": "Buch",
        "center": [
          13.409779,
          52.520645
        ],
        "additions": []
      },
      "geometry": {
        "type": "Point",
        "coordinates": [
          13.409779,
          52.520645
        ]
      }
    },
    {
      "type": "Feature",
      "properties": {
        "title": "Vital Kosmetikakademie GmbH",
        "ref": "07E02",
        "type": "Kosmetikschule ( privat )",
        "street": "Keithstr. 6",
        "zip": "10787",
        "city": "Berlin",
        "district": "Schöneberg",
        "center": [
          13.409779,
          52.520645
        ],
        "additions": []
      },
      "geometry": {
        "type": "Point",
        "coordinates": [
          13.409779,
          52.520645
        ]
      }
    },
    {
      "type": "Feature",
      "properties": {
        "title": "Wald-Grundschule",
        "ref": "04G06",
        "type": "Grundschule ( öffentlich )",
        "street": "Waldschulallee 83-93",
        "zip": "14055",
        "city": "Berlin",
        "district": "Westend",
        "center": [
          13.409779,
          52.520645
        ],
        "additions": []
      },
      "geometry": {
        "type": "Point",
        "coordinates": [
          13.409779,
          52.520645
        ]
      }
    },
    {
      "type": "Feature",
      "properties": {
        "title": "Wald-Gymnasium",
        "ref": "04Y02",
        "type": "Gymnasien ( öffentlich )",
        "street": "Waldschulallee 95",
        "zip": "14055",
        "city": "Berlin",
        "district": "Westend",
        "center": [
          13.409779,
          52.520645
        ],
        "additions": []
      },
      "geometry": {
        "type": "Point",
        "coordinates": [
          13.409779,
          52.520645
        ]
      }
    },
    {
      "type": "Feature",
      "properties": {
        "title": "Waldorfschule Märkisches Viertel Berlin",
        "ref": "12P02",
        "type": "Freie Waldorfschule ( privat )",
        "street": "Treuenbrietzener Str. 28",
        "zip": "13439",
        "city": "Berlin",
        "district": "Märkisches Viertel",
        "center": [
          13.409779,
          52.520645
        ],
        "additions": [
          "Barrierefreie Toilette vorhanden, Behindertenparkplatz vorhanden, Zugang über Rampe möglich"
        ]
      },
      "geometry": {
        "type": "Point",
        "coordinates": [
          13.409779,
          52.520645
        ]
      }
    },
    {
      "type": "Feature",
      "properties": {
        "title": "Waldseeschule",
        "ref": "12S05",
        "type": "Förderschwerp. - Übrige ( öffentlich )",
        "street": "Olafstr. 32-34",
        "zip": "13467",
        "city": "Berlin",
        "district": "Hermsdorf",
        "center": [
          13.409779,
          52.520645
        ],
        "additions": [
          "Barrierefreie Toilette vorhanden, Behindertenparkplatz vorhanden, Fahrstuhl vorhanden, Zugang über Rampe möglich"
        ]
      },
      "geometry": {
        "type": "Point",
        "coordinates": [
          13.409779,
          52.520645
        ]
      }
    },
    {
      "type": "Feature",
      "properties": {
        "title": "Waldseeschule",
        "ref": "12S05",
        "type": "Integrierte Sekundarschule ( öffentlich )",
        "street": "Olafstr. 32-34",
        "zip": "13467",
        "city": "Berlin",
        "district": "Hermsdorf",
        "center": [
          13.409779,
          52.520645
        ],
        "additions": [
          "Barrierefreie Toilette vorhanden, Behindertenparkplatz vorhanden, Fahrstuhl vorhanden, Zugang über Rampe möglich"
        ]
      },
      "geometry": {
        "type": "Point",
        "coordinates": [
          13.409779,
          52.520645
        ]
      }
    },
    {
      "type": "Feature",
      "properties": {
        "title": "Walter-Gropius-Schule (Gemeinschaftsschule)",
        "ref": "08K01",
        "type": "Gemeinschaftsschule ( öffentlich )",
        "street": "Fritz-Erler-Allee 86",
        "zip": "12351",
        "city": "Berlin",
        "district": "Gropiusstadt",
        "center": [
          13.409779,
          52.520645
        ],
        "additions": []
      },
      "geometry": {
        "type": "Point",
        "coordinates": [
          13.409779,
          52.520645
        ]
      }
    },
    {
      "type": "Feature",
      "properties": {
        "title": "Walther-Rathenau-Gymnasium",
        "ref": "04Y09",
        "type": "Gymnasien ( öffentlich )",
        "street": "Herbertstr. 2-6",
        "zip": "14193",
        "city": "Berlin",
        "district": "Grunewald",
        "center": [
          13.409779,
          52.520645
        ],
        "additions": []
      },
      "geometry": {
        "type": "Point",
        "coordinates": [
          13.409779,
          52.520645
        ]
      }
    },
    {
      "type": "Feature",
      "properties": {
        "title": "Wangari-Maathai-Internationale-Schule",
        "ref": "04K10",
        "type": "Integrierte Sekundarschule ( öffentlich )",
        "street": "Babelsberger Str. 24",
        "zip": "10715",
        "city": "Berlin",
        "district": "Wilmersdorf",
        "center": [
          13.409779,
          52.520645
        ],
        "additions": []
      },
      "geometry": {
        "type": "Point",
        "coordinates": [
          13.409779,
          52.520645
        ]
      }
    },
    {
      "type": "Feature",
      "properties": {
        "title": "WAVE AKADEMIE für Digitale Medien GmbH",
        "ref": "01E32",
        "type": "Sonstige Ergänzungsschule ( privat )",
        "street": "Strelitzer Str. 60",
        "zip": "10115",
        "city": "Berlin",
        "district": "Mitte",
        "center": [
          13.409779,
          52.520645
        ],
        "additions": []
      },
      "geometry": {
        "type": "Point",
        "coordinates": [
          13.409779,
          52.520645
        ]
      }
    },
    {
      "type": "Feature",
      "properties": {
        "title": "WBS Training Schulen gGmbH",
        "ref": "07P22",
        "type": "Berufsfachschule ( privat )",
        "street": "Lorenzweg 5",
        "zip": "12099",
        "city": "Berlin",
        "district": "Tempelhof",
        "center": [
          13.409779,
          52.520645
        ],
        "additions": []
      },
      "geometry": {
        "type": "Point",
        "coordinates": [
          13.409779,
          52.520645
        ]
      }
    },
    {
      "type": "Feature",
      "properties": {
        "title": "WBS Training Schulen gGmbH",
        "ref": "07P22",
        "type": "Fachschule ( privat )",
        "street": "Lorenzweg 5",
        "zip": "12099",
        "city": "Berlin",
        "district": "Tempelhof",
        "center": [
          13.409779,
          52.520645
        ],
        "additions": []
      },
      "geometry": {
        "type": "Point",
        "coordinates": [
          13.409779,
          52.520645
        ]
      }
    },
    {
      "type": "Feature",
      "properties": {
        "title": "Wedding-Grundschule",
        "ref": "01G31",
        "type": "Grundschule ( öffentlich )",
        "street": "Antonstr. 10",
        "zip": "13347",
        "city": "Berlin",
        "district": "Wedding",
        "center": [
          13.409779,
          52.520645
        ],
        "additions": [
          "Barrierefreie Toilette vorhanden, Fahrstuhl vorhanden, Zugang über Rampe möglich"
        ]
      },
      "geometry": {
        "type": "Point",
        "coordinates": [
          13.409779,
          52.520645
        ]
      }
    },
    {
      "type": "Feature",
      "properties": {
        "title": "Wedding-Grundschule",
        "ref": "01G31",
        "type": "Förderschwerp. - Geistige Entwicklung ( öffentlich )",
        "street": "Antonstr. 10",
        "zip": "13347",
        "city": "Berlin",
        "district": "Wedding",
        "center": [
          13.409779,
          52.520645
        ],
        "additions": [
          "Barrierefreie Toilette vorhanden, Fahrstuhl vorhanden, Zugang über Rampe möglich"
        ]
      },
      "geometry": {
        "type": "Point",
        "coordinates": [
          13.409779,
          52.520645
        ]
      }
    },
    {
      "type": "Feature",
      "properties": {
        "title": "Weiterdenker-Fachschule für Sozialpädagogik",
        "ref": "02P34",
        "type": "Fachschule ( privat )",
        "street": "Axel-Springer-Str. 42",
        "zip": "10969",
        "city": "Berlin",
        "district": "Kreuzberg",
        "center": [
          13.409779,
          52.520645
        ],
        "additions": []
      },
      "geometry": {
        "type": "Point",
        "coordinates": [
          13.409779,
          52.520645
        ]
      }
    },
    {
      "type": "Feature",
      "properties": {
        "title": "Wendenschloß-Schule (Grundschule)",
        "ref": "09G16",
        "type": "Grundschule ( öffentlich )",
        "street": "Köpenzeile 123",
        "zip": "12557",
        "city": "Berlin",
        "district": "Köpenick",
        "center": [
          13.409779,
          52.520645
        ],
        "additions": []
      },
      "geometry": {
        "type": "Point",
        "coordinates": [
          13.409779,
          52.520645
        ]
      }
    },
    {
      "type": "Feature",
      "properties": {
        "title": "Werbellinsee-Grundschule",
        "ref": "07G03",
        "type": "Grundschule ( öffentlich )",
        "street": "Luitpoldstr. 38",
        "zip": "10781",
        "city": "Berlin",
        "district": "Schöneberg",
        "center": [
          13.409779,
          52.520645
        ],
        "additions": [
          "Barrierefreie Toilette vorhanden, Fahrstuhl vorhanden, Zugang über Rampe möglich"
        ]
      },
      "geometry": {
        "type": "Point",
        "coordinates": [
          13.409779,
          52.520645
        ]
      }
    },
    {
      "type": "Feature",
      "properties": {
        "title": "Werbellinsee-Grundschule",
        "ref": "07G03",
        "type": "Förderschwerp. - Geistige Entwicklung ( öffentlich )",
        "street": "Luitpoldstr. 38",
        "zip": "10781",
        "city": "Berlin",
        "district": "Schöneberg",
        "center": [
          13.409779,
          52.520645
        ],
        "additions": [
          "Barrierefreie Toilette vorhanden, Fahrstuhl vorhanden, Zugang über Rampe möglich"
        ]
      },
      "geometry": {
        "type": "Point",
        "coordinates": [
          13.409779,
          52.520645
        ]
      }
    },
    {
      "type": "Feature",
      "properties": {
        "title": "Werner-von-Siemens-Gymnasium",
        "ref": "06Y05",
        "type": "Gymnasien ( öffentlich )",
        "street": "Beskidenstr. 3",
        "zip": "14129",
        "city": "Berlin",
        "district": "Nikolassee",
        "center": [
          13.409779,
          52.520645
        ],
        "additions": []
      },
      "geometry": {
        "type": "Point",
        "coordinates": [
          13.409779,
          52.520645
        ]
      }
    },
    {
      "type": "Feature",
      "properties": {
        "title": "Werner-von-Siemens-Werkberufsschule der Siemens AG",
        "ref": "05P06",
        "type": "Berufsschule ( privat )",
        "street": "Nonnendammallee 104",
        "zip": "13629",
        "city": "Berlin",
        "district": "Siemensstadt",
        "center": [
          13.409779,
          52.520645
        ],
        "additions": [
          "Barrierefreie Toilette vorhanden, Fahrstuhl vorhanden, Zugang über Rampe möglich"
        ]
      },
      "geometry": {
        "type": "Point",
        "coordinates": [
          13.409779,
          52.520645
        ]
      }
    },
    {
      "type": "Feature",
      "properties": {
        "title": "WETEK - Fachschule für Sozialpädagogik",
        "ref": "03P36",
        "type": "Fachschule ( privat )",
        "street": "Christinenstr. 18-19",
        "zip": "10119",
        "city": "Berlin",
        "district": "Prenzlauer Berg",
        "center": [
          13.409779,
          52.520645
        ],
        "additions": []
      },
      "geometry": {
        "type": "Point",
        "coordinates": [
          13.409779,
          52.520645
        ]
      }
    },
    {
      "type": "Feature",
      "properties": {
        "title": "Wetzlar-Schule (Grundschule)",
        "ref": "08G29",
        "type": "Grundschule ( öffentlich )",
        "street": "Tischlerzeile 34",
        "zip": "12351",
        "city": "Berlin",
        "district": "Britz",
        "center": [
          13.409779,
          52.520645
        ],
        "additions": [
          "Behindertenparkplatz vorhanden"
        ]
      },
      "geometry": {
        "type": "Point",
        "coordinates": [
          13.409779,
          52.520645
        ]
      }
    },
    {
      "type": "Feature",
      "properties": {
        "title": "Wichern-Kolleg, Diakonenausbildungsstätte",
        "ref": "05E03",
        "type": "Sonstige Ergänzungsschule ( privat )",
        "street": "Schönwalder Allee 26",
        "zip": "13587",
        "city": "Berlin",
        "district": "Hakenfelde",
        "center": [
          13.409779,
          52.520645
        ],
        "additions": []
      },
      "geometry": {
        "type": "Point",
        "coordinates": [
          13.409779,
          52.520645
        ]
      }
    },
    {
      "type": "Feature",
      "properties": {
        "title": "Wildbienen-Grundschule",
        "ref": "09G31",
        "type": "Grundschule ( öffentlich )",
        "street": "Keplerstr. 10",
        "zip": "12459",
        "city": "Berlin",
        "district": "Oberschöneweide",
        "center": [
          13.409779,
          52.520645
        ],
        "additions": []
      },
      "geometry": {
        "type": "Point",
        "coordinates": [
          13.409779,
          52.520645
        ]
      }
    },
    {
      "type": "Feature",
      "properties": {
        "title": "Wilhelm-Bölsche-Schule (Integrierte Sekundarschule)",
        "ref": "09K05",
        "type": "Integrierte Sekundarschule ( öffentlich )",
        "street": "Aßmannstr. 11",
        "zip": "12587",
        "city": "Berlin",
        "district": "Friedrichshagen",
        "center": [
          13.409779,
          52.520645
        ],
        "additions": [
          "Barrierefreie Toilette vorhanden, Zugang über Rampe möglich"
        ]
      },
      "geometry": {
        "type": "Point",
        "coordinates": [
          13.409779,
          52.520645
        ]
      }
    },
    {
      "type": "Feature",
      "properties": {
        "title": "Wilhelm-Busch-Grundschule",
        "ref": "10G08",
        "type": "Grundschule ( öffentlich )",
        "street": "Parsteiner Ring 24-46",
        "zip": "12679",
        "city": "Berlin",
        "district": "Marzahn",
        "center": [
          13.409779,
          52.520645
        ],
        "additions": [
          "Barrierefreie Toilette vorhanden, Zugang über Rampe möglich"
        ]
      },
      "geometry": {
        "type": "Point",
        "coordinates": [
          13.409779,
          52.520645
        ]
      }
    },
    {
      "type": "Feature",
      "properties": {
        "title": "Wilhelm-Hauff-Grundschule",
        "ref": "01G29",
        "type": "Grundschule ( öffentlich )",
        "street": "Gotenburger Str. 8",
        "zip": "13359",
        "city": "Berlin",
        "district": "Gesundbrunnen",
        "center": [
          13.409779,
          52.520645
        ],
        "additions": []
      },
      "geometry": {
        "type": "Point",
        "coordinates": [
          13.409779,
          52.520645
        ]
      }
    },
    {
      "type": "Feature",
      "properties": {
        "title": "Wilhelm-Hauff-Grundschule",
        "ref": "01G29",
        "type": "Förderschwerp. - Geistige Entwicklung ( öffentlich )",
        "street": "Gotenburger Str. 8",
        "zip": "13359",
        "city": "Berlin",
        "district": "Gesundbrunnen",
        "center": [
          13.409779,
          52.520645
        ],
        "additions": []
      },
      "geometry": {
        "type": "Point",
        "coordinates": [
          13.409779,
          52.520645
        ]
      }
    },
    {
      "type": "Feature",
      "properties": {
        "title": "Wilhelm-Ostwald-Schule (OSZ Gestaltung)",
        "ref": "06B04",
        "type": "Fachschule ( öffentlich )",
        "street": "Immenweg 6",
        "zip": "12169",
        "city": "Berlin",
        "district": "Steglitz",
        "center": [
          13.409779,
          52.520645
        ],
        "additions": [
          "Barrierefreie Toilette vorhanden, Behindertenparkplatz vorhanden, Fahrstuhl vorhanden, Zugang über Rampe möglich"
        ]
      },
      "geometry": {
        "type": "Point",
        "coordinates": [
          13.409779,
          52.520645
        ]
      }
    },
    {
      "type": "Feature",
      "properties": {
        "title": "Wilhelm-Ostwald-Schule (OSZ Gestaltung)",
        "ref": "06B04",
        "type": "Berufsschule ( öffentlich )",
        "street": "Immenweg 6",
        "zip": "12169",
        "city": "Berlin",
        "district": "Steglitz",
        "center": [
          13.409779,
          52.520645
        ],
        "additions": [
          "Barrierefreie Toilette vorhanden, Behindertenparkplatz vorhanden, Fahrstuhl vorhanden, Zugang über Rampe möglich"
        ]
      },
      "geometry": {
        "type": "Point",
        "coordinates": [
          13.409779,
          52.520645
        ]
      }
    },
    {
      "type": "Feature",
      "properties": {
        "title": "Wilhelm-Ostwald-Schule (OSZ Gestaltung)",
        "ref": "06B04",
        "type": "Fachoberschule ( öffentlich )",
        "street": "Immenweg 6",
        "zip": "12169",
        "city": "Berlin",
        "district": "Steglitz",
        "center": [
          13.409779,
          52.520645
        ],
        "additions": [
          "Barrierefreie Toilette vorhanden, Behindertenparkplatz vorhanden, Fahrstuhl vorhanden, Zugang über Rampe möglich"
        ]
      },
      "geometry": {
        "type": "Point",
        "coordinates": [
          13.409779,
          52.520645
        ]
      }
    },
    {
      "type": "Feature",
      "properties": {
        "title": "Wilhelm-Ostwald-Schule (OSZ Gestaltung)",
        "ref": "06B04",
        "type": "Berufsfachschule ( öffentlich )",
        "street": "Immenweg 6",
        "zip": "12169",
        "city": "Berlin",
        "district": "Steglitz",
        "center": [
          13.409779,
          52.520645
        ],
        "additions": [
          "Barrierefreie Toilette vorhanden, Behindertenparkplatz vorhanden, Fahrstuhl vorhanden, Zugang über Rampe möglich"
        ]
      },
      "geometry": {
        "type": "Point",
        "coordinates": [
          13.409779,
          52.520645
        ]
      }
    },
    {
      "type": "Feature",
      "properties": {
        "title": "Wilhelm-Ostwald-Schule (OSZ Gestaltung)",
        "ref": "06B04",
        "type": "Berufliches Gymnasium ( öffentlich )",
        "street": "Immenweg 6",
        "zip": "12169",
        "city": "Berlin",
        "district": "Steglitz",
        "center": [
          13.409779,
          52.520645
        ],
        "additions": [
          "Barrierefreie Toilette vorhanden, Behindertenparkplatz vorhanden, Fahrstuhl vorhanden, Zugang über Rampe möglich"
        ]
      },
      "geometry": {
        "type": "Point",
        "coordinates": [
          13.409779,
          52.520645
        ]
      }
    },
    {
      "type": "Feature",
      "properties": {
        "title": "Wilhelmstadt Schulen",
        "ref": "05P13",
        "type": "Gymnasien ( privat )",
        "street": "Wilhelmstr. 28-30",
        "zip": "13593",
        "city": "Berlin",
        "district": "Wilhelmstadt",
        "center": [
          13.409779,
          52.520645
        ],
        "additions": []
      },
      "geometry": {
        "type": "Point",
        "coordinates": [
          13.409779,
          52.520645
        ]
      }
    },
    {
      "type": "Feature",
      "properties": {
        "title": "Wilhelmstadt Schulen",
        "ref": "05P13",
        "type": "Integrierte Sekundarschule ( privat )",
        "street": "Wilhelmstr. 28-30",
        "zip": "13593",
        "city": "Berlin",
        "district": "Wilhelmstadt",
        "center": [
          13.409779,
          52.520645
        ],
        "additions": []
      },
      "geometry": {
        "type": "Point",
        "coordinates": [
          13.409779,
          52.520645
        ]
      }
    },
    {
      "type": "Feature",
      "properties": {
        "title": "Wilhelmstadt Schulen",
        "ref": "05P13",
        "type": "Grundschule ( privat )",
        "street": "Wilhelmstr. 28-30",
        "zip": "13593",
        "city": "Berlin",
        "district": "Wilhelmstadt",
        "center": [
          13.409779,
          52.520645
        ],
        "additions": []
      },
      "geometry": {
        "type": "Point",
        "coordinates": [
          13.409779,
          52.520645
        ]
      }
    },
    {
      "type": "Feature",
      "properties": {
        "title": "Wilhelm-von-Humboldt-Gemeinschaftsschule",
        "ref": "03K11",
        "type": "Gemeinschaftsschule ( öffentlich )",
        "street": "Erich-Weinert-Str. 70",
        "zip": "10439",
        "city": "Berlin",
        "district": "Prenzlauer Berg",
        "center": [
          13.409779,
          52.520645
        ],
        "additions": []
      },
      "geometry": {
        "type": "Point",
        "coordinates": [
          13.409779,
          52.520645
        ]
      }
    },
    {
      "type": "Feature",
      "properties": {
        "title": "Wilhelm-von-Siemens-Gymnasium",
        "ref": "10Y03",
        "type": "Gymnasien ( öffentlich )",
        "street": "Allee der Kosmonauten 134",
        "zip": "12683",
        "city": "Berlin",
        "district": "Biesdorf",
        "center": [
          13.409779,
          52.520645
        ],
        "additions": [
          "Barrierefreie Toilette vorhanden, Behindertenparkplatz vorhanden, Fahrstuhl vorhanden, Zugang über Rampe möglich"
        ]
      },
      "geometry": {
        "type": "Point",
        "coordinates": [
          13.409779,
          52.520645
        ]
      }
    },
    {
      "type": "Feature",
      "properties": {
        "title": "Willi-Graf-Gymnasium",
        "ref": "06Y12",
        "type": "Gymnasien ( öffentlich )",
        "street": "Ostpreußendamm 166",
        "zip": "12207",
        "city": "Berlin",
        "district": "Lichterfelde",
        "center": [
          13.409779,
          52.520645
        ],
        "additions": []
      },
      "geometry": {
        "type": "Point",
        "coordinates": [
          13.409779,
          52.520645
        ]
      }
    },
    {
      "type": "Feature",
      "properties": {
        "title": "Willkommensschule THF",
        "ref": "07A44",
        "type": "Integrierte Sekundarschule ( öffentlich )",
        "street": "Tempelhofer Damm 33/35",
        "zip": "12101",
        "city": "Berlin",
        "district": "Tempelhof",
        "center": [
          13.409779,
          52.520645
        ],
        "additions": []
      },
      "geometry": {
        "type": "Point",
        "coordinates": [
          13.409779,
          52.520645
        ]
      }
    },
    {
      "type": "Feature",
      "properties": {
        "title": "Willkommensschule TXL",
        "ref": "04A44",
        "type": "Integrierte Sekundarschule ( öffentlich )",
        "street": "Saatwinkler Damm 42",
        "zip": "13627",
        "city": "Berlin",
        "district": "Charlottenburg-Nord",
        "center": [
          13.409779,
          52.520645
        ],
        "additions": [
          "Grundstufe:\r\nP10, Flughafen Tegel 1, 13405 Berlin\r\nTel.: 030 3480639941\r\nSekundarstufe:\r\nSaatwinkler Damm 42, 13627 Berlin\r\nTel.: 0151 67660239"
        ]
      },
      "geometry": {
        "type": "Point",
        "coordinates": [
          13.409779,
          52.520645
        ]
      }
    },
    {
      "type": "Feature",
      "properties": {
        "title": "Willy-Brandt-Schule",
        "ref": "01K01",
        "type": "Integrierte Sekundarschule ( öffentlich )",
        "street": "Grüntaler Str. 5",
        "zip": "13357",
        "city": "Berlin",
        "district": "Gesundbrunnen",
        "center": [
          13.409779,
          52.520645
        ],
        "additions": []
      },
      "geometry": {
        "type": "Point",
        "coordinates": [
          13.409779,
          52.520645
        ]
      }
    },
    {
      "type": "Feature",
      "properties": {
        "title": "Wilma-Rudolph-Schule (Integrierte Sekundarschule)",
        "ref": "06K02",
        "type": "Integrierte Sekundarschule ( öffentlich )",
        "street": "Am Hegewinkel 2A",
        "zip": "14169",
        "city": "Berlin",
        "district": "Dahlem",
        "center": [
          13.409779,
          52.520645
        ],
        "additions": [
          "Barrierefreie Toilette vorhanden"
        ]
      },
      "geometry": {
        "type": "Point",
        "coordinates": [
          13.409779,
          52.520645
        ]
      }
    },
    {
      "type": "Feature",
      "properties": {
        "title": "Winkels Akademie GmbH",
        "ref": "04E05",
        "type": "Kosmetikschule ( privat )",
        "street": "Bleibtreustr. 6",
        "zip": "10623",
        "city": "Berlin",
        "district": "Charlottenburg",
        "center": [
          13.409779,
          52.520645
        ],
        "additions": []
      },
      "geometry": {
        "type": "Point",
        "coordinates": [
          13.409779,
          52.520645
        ]
      }
    },
    {
      "type": "Feature",
      "properties": {
        "title": "W-I-R-Grundschule Pfefferwerk",
        "ref": "09P15",
        "type": "Grundschule ( privat )",
        "street": "Friedrichshagener Str. 8P",
        "zip": "12555",
        "city": "Berlin",
        "district": "Köpenick",
        "center": [
          13.409779,
          52.520645
        ],
        "additions": []
      },
      "geometry": {
        "type": "Point",
        "coordinates": [
          13.409779,
          52.520645
        ]
      }
    },
    {
      "type": "Feature",
      "properties": {
        "title": "Wolfgang-Amadeus-Mozart-Schule (Gemeinschaftsschule)",
        "ref": "10K10",
        "type": "Gemeinschaftsschule ( öffentlich )",
        "street": "Cottbusser Str. 23",
        "zip": "12627",
        "city": "Berlin",
        "district": "Hellersdorf",
        "center": [
          13.409779,
          52.520645
        ],
        "additions": []
      },
      "geometry": {
        "type": "Point",
        "coordinates": [
          13.409779,
          52.520645
        ]
      }
    },
    {
      "type": "Feature",
      "properties": {
        "title": "Wolfgang-Borchert-Schule (Integrierte Sekundarschule)",
        "ref": "05K06",
        "type": "Integrierte Sekundarschule ( öffentlich )",
        "street": "Blumenstr. 13",
        "zip": "13585",
        "city": "Berlin",
        "district": "Spandau",
        "center": [
          13.409779,
          52.520645
        ],
        "additions": []
      },
      "geometry": {
        "type": "Point",
        "coordinates": [
          13.409779,
          52.520645
        ]
      }
    },
    {
      "type": "Feature",
      "properties": {
        "title": "WWV Bildungsakademie gGmbH",
        "ref": "01P42",
        "type": "Berufsfachschule ( privat )",
        "street": "Alexanderstr. 1",
        "zip": "10178",
        "city": "Berlin",
        "district": "Mitte",
        "center": [
          13.409779,
          52.520645
        ],
        "additions": []
      },
      "geometry": {
        "type": "Point",
        "coordinates": [
          13.409779,
          52.520645
        ]
      }
    },
    {
      "type": "Feature",
      "properties": {
        "title": "WWV Bildungsakademie gGmbH",
        "ref": "01P42",
        "type": "Fachoberschule ( privat )",
        "street": "Alexanderstr. 1",
        "zip": "10178",
        "city": "Berlin",
        "district": "Mitte",
        "center": [
          13.409779,
          52.520645
        ],
        "additions": []
      },
      "geometry": {
        "type": "Point",
        "coordinates": [
          13.409779,
          52.520645
        ]
      }
    },
    {
      "type": "Feature",
      "properties": {
        "title": "WWV Bildungsakademie gGmbH",
        "ref": "01P42",
        "type": "Berufsschule ( privat )",
        "street": "Alexanderstr. 1",
        "zip": "10178",
        "city": "Berlin",
        "district": "Mitte",
        "center": [
          13.409779,
          52.520645
        ],
        "additions": []
      },
      "geometry": {
        "type": "Point",
        "coordinates": [
          13.409779,
          52.520645
        ]
      }
    },
    {
      "type": "Feature",
      "properties": {
        "title": "ZBW Steglitz-Zehlendorf an der Victor-Gollancz VHS",
        "ref": "06A05",
        "type": "Zweiter Bildungsweg ( öffentlich )",
        "street": "Goethestr. 9-11",
        "zip": "12207",
        "city": "Berlin",
        "district": "Lichterfelde",
        "center": [
          13.409779,
          52.520645
        ],
        "additions": [
          "Barrierefreie Toilette vorhanden, Behindertenparkplatz vorhanden, Fahrstuhl vorhanden, Zugang über Rampe möglich"
        ]
      },
      "geometry": {
        "type": "Point",
        "coordinates": [
          13.409779,
          52.520645
        ]
      }
    },
    {
      "type": "Feature",
      "properties": {
        "title": "Zeppelin-Grundschule",
        "ref": "05G16",
        "type": "Grundschule ( öffentlich )",
        "street": "Heidebergplan 3-4",
        "zip": "13591",
        "city": "Berlin",
        "district": "Staaken",
        "center": [
          13.409779,
          52.520645
        ],
        "additions": []
      },
      "geometry": {
        "type": "Point",
        "coordinates": [
          13.409779,
          52.520645
        ]
      }
    },
    {
      "type": "Feature",
      "properties": {
        "title": "Zille-Grundschule",
        "ref": "02G09",
        "type": "Grundschule ( öffentlich )",
        "street": "Boxhagener Str. 46",
        "zip": "10245",
        "city": "Berlin",
        "district": "Friedrichshain",
        "center": [
          13.409779,
          52.520645
        ],
        "additions": []
      },
      "geometry": {
        "type": "Point",
        "coordinates": [
          13.409779,
          52.520645
        ]
      }
    },
    {
      "type": "Feature",
      "properties": {
        "title": "Zinnowwald-Grundschule",
        "ref": "06G07",
        "type": "Grundschule ( öffentlich )",
        "street": "Wilskistr. 78",
        "zip": "14163",
        "city": "Berlin",
        "district": "Zehlendorf",
        "center": [
          13.409779,
          52.520645
        ],
        "additions": [
          "Barrierefreie Toilette vorhanden, Fahrstuhl vorhanden, Zugang über Rampe möglich"
        ]
      },
      "geometry": {
        "type": "Point",
        "coordinates": [
          13.409779,
          52.520645
        ]
      }
    },
    {
      "type": "Feature",
      "properties": {
        "title": "Zuckmayer-Schule",
        "ref": "08K10",
        "type": "Integrierte Sekundarschule ( öffentlich )",
        "street": "Kopfstr. 55",
        "zip": "12053",
        "city": "Berlin",
        "district": "Neukölln",
        "center": [
          13.409779,
          52.520645
        ],
        "additions": []
      },
      "geometry": {
        "type": "Point",
        "coordinates": [
          13.409779,
          52.520645
        ]
      }
    },
    {
      "type": "Feature",
      "properties": {
        "title": "Zürich-Schule (Grundschule)",
        "ref": "08G23",
        "type": "Grundschule ( öffentlich )",
        "street": "Wederstr. 49",
        "zip": "12347",
        "city": "Berlin",
        "district": "Britz",
        "center": [
          13.409779,
          52.520645
        ],
        "additions": []
      },
      "geometry": {
        "type": "Point",
        "coordinates": [
          13.409779,
          52.520645
        ]
      }
    }
  ]
}